id,subject,topic,quizSetId,quizSetTitle,quizSetSubtitle,question,optionA,optionB,optionC,optionD,correctAnswer,explanation,exam,year,difficulty
1,Science,पदार्थ की अवस्था,1,Set 1 - Basic Questions,Basic Level,जल का रासायनिक सूत्र क्या है?,H2O,CO2,O2,H2,A,जल का रासायनिक सूत्र H2O है।,General,2026,Easy
2,Science,पदार्थ की अवस्था,1,Set 1 - Basic Questions,Basic Level,वायु किसका उदाहरण है?,तत्व,यौगिक,मिश्रण,धातु,C,वायु कई गैसों का समांगी मिश्रण है।,General,2026,Easy
3,Science,पदार्थ की अवस्था,1,Set 1 - Basic Questions,Basic Level,ठोस पदार्थ की मुख्य विशेषता क्या है?,निश्चित आकार और आयतन,केवल निश्चित आयतन,केवल निश्चित आकार,न आकार न आयतन,A,ठोस का आकार और आयतन दोनों निश्चित होते हैं।,General,2026,Medium
4,Science,पदार्थ की अवस्था,1,Set 1 - Basic Questions,Basic Level,द्रव का निश्चित क्या होता है?,आकार,आयतन,आकार और आयतन दोनों,कुछ भी नहीं,B,"द्रव का आयतन निश्चित होता है, लेकिन आकार पात्र के अनुसार बदलता है।",General,2026,Easy
5,Science,पदार्थ की अवस्था,1,Set 1 - Basic Questions,Basic Level,गैस का कोई निश्चित क्या नहीं होता?,केवल द्रव्यमान,आकार और आयतन,केवल तापमान,केवल रंग,B,गैस पात्र का आकार ग्रहण करती है और उसका आयतन निश्चित नहीं होता।,General,2026,Easy
6,Science,पदार्थ की अवस्था,1,Set 1 - Basic Questions,Basic Level,बर्फ का पिघलना किस प्रकार का परिवर्तन है?,रासायनिक,भौतिक,परमाणु,जैविक,B,बर्फ के पिघलने पर केवल अवस्था बदलती है।,General,2026,Medium
7,Science,पदार्थ की अवस्था,1,Set 1 - Basic Questions,Basic Level,जल का क्वथनांक सामान्य वायुदाब पर कितना है?,0°C,50°C,100°C,212°C,C,सामान्य वायुदाब पर जल 100°C पर उबलता है।,General,2026,Easy
8,Science,पदार्थ की अवस्था,1,Set 1 - Basic Questions,Basic Level,जल का हिमांक सामान्य वायुदाब पर कितना है?,0°C,10°C,50°C,100°C,A,सामान्य वायुदाब पर शुद्ध जल 0°C पर जमता है।,General,2026,Easy
9,Science,पदार्थ की अवस्था,1,Set 1 - Basic Questions,Basic Level,वाष्पीकरण मुख्यतः कहाँ होता है?,पूरे द्रव में,द्रव की सतह पर,ठोस की सतह पर,गैस के अंदर,B,वाष्पीकरण द्रव की सतह पर होता है।,General,2026,Medium
10,Science,पदार्थ की अवस्था,1,Set 1 - Basic Questions,Basic Level,संघनन में गैस किसमें बदलती है?,ठोस,द्रव,प्लाज्मा,तत्व,B,संघनन में गैस ठंडी होकर द्रव में बदलती है।,General,2026,Easy
11,Science,गति एवं बल,2,Set 2 - Basic Questions,Basic Level,वेग का SI मात्रक क्या है?,m,m/s,m/s²,km,B,वेग का SI मात्रक मीटर प्रति सेकंड है।,General,2026,Easy
12,Science,गति एवं बल,2,Set 2 - Basic Questions,Basic Level,त्वरण का SI मात्रक क्या है?,m/s,m/s²,N,J,B,त्वरण का SI मात्रक m/s² है।,General,2026,Medium
13,Science,गति एवं बल,2,Set 2 - Basic Questions,Basic Level,न्यूटन का प्रथम नियम किससे संबंधित है?,जड़त्व,ऊष्मा,दाब,विद्युत,A,न्यूटन का प्रथम नियम जड़त्व से संबंधित है।,General,2026,Easy
14,Science,गति एवं बल,2,Set 2 - Basic Questions,Basic Level,बल का SI मात्रक क्या है?,जूल,वाट,न्यूटन,पास्कल,C,बल का SI मात्रक न्यूटन है।,General,2026,Easy
15,Science,गति एवं बल,2,Set 2 - Basic Questions,Basic Level,न्यूटन के दूसरे नियम के अनुसार बल किसके बराबर है?,m/v,ma,m+a,a/m,B,F = ma।,General,2026,Medium
16,Science,गति एवं बल,2,Set 2 - Basic Questions,Basic Level,जड़त्व किस पर निर्भर करता है?,वेग,द्रव्यमान,आयतन,तापमान,B,जड़त्व द्रव्यमान पर निर्भर करता है।,General,2026,Easy
17,Science,गति एवं बल,2,Set 2 - Basic Questions,Basic Level,क्रिया और प्रतिक्रिया का नियम कौन-सा है?,प्रथम,द्वितीय,तृतीय,गुरुत्व नियम,C,न्यूटन का तृतीय नियम क्रिया-प्रतिक्रिया से संबंधित है।,General,2026,Easy
18,Science,गति एवं बल,2,Set 2 - Basic Questions,Basic Level,संवेग का सूत्र क्या है?,p=mv,p=ma,p=m/v,p=v/m,A,संवेग द्रव्यमान और वेग का गुणनफल है।,General,2026,Medium
19,Science,गति एवं बल,2,Set 2 - Basic Questions,Basic Level,विराम में वस्तु का वेग कितना होता है?,1 m/s,0 m/s,9.8 m/s,100 m/s,B,विराम की अवस्था में वेग शून्य होता है।,General,2026,Easy
20,Science,गति एवं बल,2,Set 2 - Basic Questions,Basic Level,समान समयांतराल में समान दूरी तय करने वाली गति कहलाती है?,असमान गति,समान गति,वृत्तीय गति,दोलन गति,B,समान समय में समान दूरी तय करना समान गति है।,General,2026,Easy
21,Science,"कार्य, ऊर्जा एवं शक्ति",3,Set 3 - Basic Questions,Basic Level,कार्य का SI मात्रक क्या है?,न्यूटन,जूल,वाट,पास्कल,B,कार्य का SI मात्रक जूल है।,General,2026,Medium
22,Science,"कार्य, ऊर्जा एवं शक्ति",3,Set 3 - Basic Questions,Basic Level,शक्ति का SI मात्रक क्या है?,जूल,न्यूटन,वाट,मीटर,C,शक्ति का SI मात्रक वाट है।,General,2026,Easy
23,Science,"कार्य, ऊर्जा एवं शक्ति",3,Set 3 - Basic Questions,Basic Level,गतिज ऊर्जा किससे संबंधित है?,स्थिति,गति,रंग,दाब,B,गतिज ऊर्जा गति के कारण होती है।,General,2026,Easy
24,Science,"कार्य, ऊर्जा एवं शक्ति",3,Set 3 - Basic Questions,Basic Level,स्थितिज ऊर्जा किसके कारण हो सकती है?,स्थिति,रंग,ध्वनि,केवल दाब,A,स्थितिज ऊर्जा स्थिति या विन्यास के कारण संचित ऊर्जा है।,General,2026,Medium
25,Science,"कार्य, ऊर्जा एवं शक्ति",3,Set 3 - Basic Questions,Basic Level,गतिज ऊर्जा का सूत्र क्या है?,mgh,1/2 mv²,ma,F/t,B,गतिज ऊर्जा KE = 1/2 mv² है।,General,2026,Easy
26,Science,"कार्य, ऊर्जा एवं शक्ति",3,Set 3 - Basic Questions,Basic Level,शक्ति का सूत्र क्या है?,कार्य/समय,समय/कार्य,बल×समय,दूरी/समय,A,शक्ति कार्य करने की दर है।,General,2026,Easy
27,Science,"कार्य, ऊर्जा एवं शक्ति",3,Set 3 - Basic Questions,Basic Level,ऊर्जा संरक्षण का नियम क्या कहता है?,ऊर्जा नष्ट होती है,"ऊर्जा उत्पन्न या नष्ट नहीं होती, केवल रूप बदलती है",ऊर्जा हमेशा घटती है,ऊर्जा हमेशा बढ़ती है,B,ऊर्जा संरक्षित रहती है और रूप बदल सकती है।,General,2026,Medium
28,Science,"कार्य, ऊर्जा एवं शक्ति",3,Set 3 - Basic Questions,Basic Level,1 किलोवाट कितने वाट के बराबर है?,10,100,1000,10000,C,1 kW = 1000 W।,General,2026,Easy
29,Science,"कार्य, ऊर्जा एवं शक्ति",3,Set 3 - Basic Questions,Basic Level,विस्थापन शून्य होने पर स्थिर बल द्वारा कार्य कितना है?,अधिकतम,शून्य,अनंत,ऋणात्मक ही,B,विस्थापन शून्य होने पर कार्य शून्य होता है।,General,2026,Easy
30,Science,"कार्य, ऊर्जा एवं शक्ति",3,Set 3 - Basic Questions,Basic Level,ऊर्जा का SI मात्रक क्या है?,जूल,वाट,न्यूटन,पास्कल,A,ऊर्जा का SI मात्रक जूल है।,General,2026,Medium
31,Science,ऊष्मा,4,Set 4 - Basic Questions,Basic Level,तापमान मापने का यंत्र कौन-सा है?,बैरोमीटर,थर्मामीटर,एमीटर,वोल्टमीटर,B,तापमान थर्मामीटर से मापा जाता है।,General,2026,Easy
32,Science,ऊष्मा,4,Set 4 - Basic Questions,Basic Level,ऊष्मा स्वाभाविक रूप से किस दिशा में जाती है?,ठंडे से गर्म,गर्म से ठंडे,दोनों से समान,किसी दिशा में नहीं,B,ऊष्मा उच्च तापमान से निम्न तापमान की ओर जाती है।,General,2026,Easy
33,Science,ऊष्मा,4,Set 4 - Basic Questions,Basic Level,द्रवों और गैसों में ऊष्मा संचरण की प्रमुख विधि कौन-सी है?,चालन,संवहन,विकिरण,परावर्तन,B,संवहन में द्रव या गैस के कणों की गति होती है।,General,2026,Medium
34,Science,ऊष्मा,4,Set 4 - Basic Questions,Basic Level,सूर्य से पृथ्वी तक ऊष्मा किस विधि से आती है?,चालन,संवहन,विकिरण,घर्षण,C,अंतरिक्ष में विकिरण द्वारा ऊष्मा आती है।,General,2026,Easy
35,Science,ऊष्मा,4,Set 4 - Basic Questions,Basic Level,धातुएँ सामान्यतः ऊष्मा की कैसी चालक होती हैं?,खराब,अच्छी,कोई नहीं,केवल गैस में अच्छी,B,अधिकांश धातुएँ ऊष्मा की अच्छी चालक हैं।,General,2026,Easy
36,Science,ऊष्मा,4,Set 4 - Basic Questions,Basic Level,काली सतह ऊष्मीय विकिरण को सामान्यतः कितना अवशोषित करती है?,कम,अधिक,बिल्कुल नहीं,केवल परावर्तित,B,काली सतहें अच्छे अवशोषक होती हैं।,General,2026,Medium
37,Science,ऊष्मा,4,Set 4 - Basic Questions,Basic Level,अधिकांश ठोसों को गर्म करने पर आयतन क्या करता है?,घटता है,बढ़ता है,शून्य होता है,हमेशा समान,B,अधिकांश ठोस तापीय प्रसार करते हैं।,General,2026,Easy
38,Science,ऊष्मा,4,Set 4 - Basic Questions,Basic Level,विशिष्ट ऊष्मा किससे संबंधित है?,इकाई द्रव्यमान का तापमान बदलने की ऊष्मा,केवल द्रव्यमान,केवल आयतन,रंग,A,विशिष्ट ऊष्मा इकाई द्रव्यमान का तापमान 1°C बदलने की ऊष्मा है।,General,2026,Easy
39,Science,ऊष्मा,4,Set 4 - Basic Questions,Basic Level,अवस्था परिवर्तन के दौरान दी गई ऊष्मा किस रूप में उपयोग हो सकती है?,गुप्त ऊष्मा,केवल ध्वनि,केवल प्रकाश,केवल दाब,A,अवस्था परिवर्तन के दौरान ऊष्मा गुप्त ऊष्मा के रूप में प्रयुक्त होती है।,General,2026,Medium
40,Science,ऊष्मा,4,Set 4 - Basic Questions,Basic Level,ऊष्मा की SI इकाई क्या है?,कैलोरी,जूल,वाट,केल्विन,B,ऊष्मा ऊर्जा का रूप है और इसकी SI इकाई जूल है।,General,2026,Easy
41,Science,"अम्ल, क्षार एवं लवण",5,Set 5 - Basic Questions,Basic Level,नींबू में मुख्यतः कौन-सा अम्ल होता है?,साइट्रिक अम्ल,सल्फ्यूरिक अम्ल,नाइट्रिक अम्ल,HCl,A,नींबू में साइट्रिक अम्ल पाया जाता है।,General,2026,Easy
42,Science,"अम्ल, क्षार एवं लवण",5,Set 5 - Basic Questions,Basic Level,नीला लिटमस अम्ल में किस रंग का होता है?,नीला,लाल,हरा,पीला,B,अम्ल नीले लिटमस को लाल करता है।,General,2026,Medium
43,Science,"अम्ल, क्षार एवं लवण",5,Set 5 - Basic Questions,Basic Level,लाल लिटमस क्षार में किस रंग का होता है?,नीला,लाल,पीला,काला,A,क्षार लाल लिटमस को नीला करता है।,General,2026,Easy
44,Science,"अम्ल, क्षार एवं लवण",5,Set 5 - Basic Questions,Basic Level,pH 7 वाला विलयन सामान्यतः कैसा होता है?,अम्लीय,उदासीन,क्षारीय,धात्विक,B,25°C पर pH 7 उदासीनता का संकेत है।,General,2026,Easy
45,Science,"अम्ल, क्षार एवं लवण",5,Set 5 - Basic Questions,Basic Level,बेकिंग सोडा का सूत्र क्या है?,NaCl,NaHCO3,HCl,CaCO3,B,बेकिंग सोडा NaHCO3 है।,General,2026,Medium
46,Science,"अम्ल, क्षार एवं लवण",5,Set 5 - Basic Questions,Basic Level,साधारण नमक का सूत्र क्या है?,NaCl,KCl,HCl,NaOH,A,साधारण नमक सोडियम क्लोराइड है।,General,2026,Easy
47,Science,"अम्ल, क्षार एवं लवण",5,Set 5 - Basic Questions,Basic Level,अम्ल और क्षार की अभिक्रिया से सामान्यतः क्या बनता है?,केवल गैस,लवण और जल,केवल धातु,केवल अम्ल,B,उदासीनीकरण में लवण और जल बनते हैं।,General,2026,Easy
48,Science,"अम्ल, क्षार एवं लवण",5,Set 5 - Basic Questions,Basic Level,हल्दी क्षार के संपर्क में सामान्यतः कैसी हो जाती है?,लाल-भूरी,नीली,हरी,सफेद,A,हल्दी क्षारीय माध्यम में लाल-भूरी हो जाती है।,General,2026,Medium
49,Science,"अम्ल, क्षार एवं लवण",5,Set 5 - Basic Questions,Basic Level,टूथपेस्ट सामान्यतः कैसा होता है?,अम्लीय,क्षारीय,केवल उदासीन,धात्विक,B,क्षारीय टूथपेस्ट मुँह के अम्ल को उदासीन करने में मदद करता है।,General,2026,Easy
50,Science,"अम्ल, क्षार एवं लवण",5,Set 5 - Basic Questions,Basic Level,चींटी के डंक में प्रमुख अम्ल कौन-सा है?,फॉर्मिक अम्ल,साइट्रिक अम्ल,एसीटिक अम्ल,लैक्टिक अम्ल,A,चींटी के डंक में फॉर्मिक अम्ल पाया जाता है।,General,2026,Easy
51,Science,धातु एवं अधातु,6,Set 6 - Practice Questions,Practice Level,धातुएँ सामान्यतः कैसी होती हैं?,ऊष्मा और विद्युत की अच्छी चालक,विद्युत की खराब चालक,हमेशा गैस,हमेशा भंगुर,A,अधिकांश धातुएँ ऊष्मा और विद्युत की अच्छी चालक हैं।,General,2026,Medium
52,Science,धातु एवं अधातु,6,Set 6 - Practice Questions,Practice Level,धातु को पीटकर चादर बनाने के गुण को क्या कहते हैं?,तन्यता,आघातवर्धनीयता,भंगुरता,घुलनशीलता,B,चादर बनाने की क्षमता आघातवर्धनीयता है।,General,2026,Easy
53,Science,धातु एवं अधातु,6,Set 6 - Practice Questions,Practice Level,धातु को तार में खींचने के गुण को क्या कहते हैं?,तन्यता,आघातवर्धनीयता,कठोरता,पारदर्शिता,A,तार बनाने की क्षमता तन्यता कहलाती है।,General,2026,Easy
54,Science,धातु एवं अधातु,6,Set 6 - Practice Questions,Practice Level,निम्न में से कौन-सा अधातु विद्युत का अच्छा चालक है?,सल्फर,फॉस्फोरस,ग्रेफाइट,ऑक्सीजन,C,ग्रेफाइट विद्युत का अच्छा चालक है।,General,2026,Medium
55,Science,धातु एवं अधातु,6,Set 6 - Practice Questions,Practice Level,लोहे पर जंग लगना किसकी उपस्थिति में तेज होता है?,केवल नाइट्रोजन,ऑक्सीजन और नमी,केवल हाइड्रोजन,केवल CO2,B,जंग के लिए ऑक्सीजन और नमी महत्वपूर्ण हैं।,General,2026,Easy
56,Science,धातु एवं अधातु,6,Set 6 - Practice Questions,Practice Level,पीतल किसकी मिश्रधातु है?,तांबा और जस्ता,लोहा और कार्बन,तांबा और टिन,सोना और चांदी,A,पीतल तांबा और जस्ता की मिश्रधातु है।,General,2026,Easy
57,Science,धातु एवं अधातु,6,Set 6 - Practice Questions,Practice Level,कांसा किसकी मिश्रधातु है?,तांबा और जस्ता,तांबा और टिन,लोहा और निकेल,एल्युमिनियम और तांबा,B,कांसा मुख्यतः तांबा और टिन की मिश्रधातु है।,General,2026,Medium
58,Science,धातु एवं अधातु,6,Set 6 - Practice Questions,Practice Level,धातु और अम्ल की अभिक्रिया से कौन-सी गैस निकल सकती है?,ऑक्सीजन,हाइड्रोजन,नाइट्रोजन,CO,B,कई धातुएँ अम्ल से अभिक्रिया कर हाइड्रोजन देती हैं।,General,2026,Easy
59,Science,धातु एवं अधातु,6,Set 6 - Practice Questions,Practice Level,अधातुओं के ऑक्साइड सामान्यतः कैसे हो सकते हैं?,अम्लीय,केवल क्षारीय,हमेशा उदासीन,हमेशा धात्विक,A,अनेक अधातु ऑक्साइड अम्लीय प्रकृति के होते हैं।,General,2026,Easy
60,Science,धातु एवं अधातु,6,Set 6 - Practice Questions,Practice Level,कमरे के तापमान पर द्रव धातु कौन-सी है?,लोहा,पारा,तांबा,सोडियम,B,पारा कमरे के तापमान पर द्रव धातु है।,General,2026,Medium
61,Science,जीवन प्रक्रियाएँ,7,Set 7 - Practice Questions,Practice Level,प्रकाश संश्लेषण के लिए मुख्य ऊर्जा स्रोत क्या है?,चंद्रमा,सूर्य का प्रकाश,मृदा,हवा,B,प्रकाश संश्लेषण में सूर्य का प्रकाश ऊर्जा स्रोत है।,General,2026,Easy
62,Science,जीवन प्रक्रियाएँ,7,Set 7 - Practice Questions,Practice Level,प्रकाश संश्लेषण में पौधे मुख्यतः कौन-सी गैस लेते हैं?,ऑक्सीजन,नाइट्रोजन,कार्बन डाइऑक्साइड,हाइड्रोजन,C,पौधे CO2 का उपयोग करते हैं।,General,2026,Easy
63,Science,जीवन प्रक्रियाएँ,7,Set 7 - Practice Questions,Practice Level,मानव में भोजन का पाचन कहाँ शुरू होता है?,मुँह,आमाशय,छोटी आंत,बड़ी आंत,A,पाचन की शुरुआत मुँह में होती है।,General,2026,Medium
64,Science,जीवन प्रक्रियाएँ,7,Set 7 - Practice Questions,Practice Level,मानव में गैसों का आदान-प्रदान मुख्यतः कहाँ होता है?,हृदय,वायुकोष्ठिकाएँ,आमाशय,गुर्दे,B,फेफड़ों की वायुकोष्ठिकाओं में गैस विनिमय होता है।,General,2026,Easy
65,Science,जीवन प्रक्रियाएँ,7,Set 7 - Practice Questions,Practice Level,रक्त में ऑक्सीजन का परिवहन मुख्यतः किससे होता है?,प्लाज्मा,हीमोग्लोबिन,प्लेटलेट्स,श्वेत रक्त कोशिकाएँ,B,हीमोग्लोबिन ऑक्सीजन के परिवहन में मुख्य भूमिका निभाता है।,General,2026,Easy
66,Science,जीवन प्रक्रियाएँ,7,Set 7 - Practice Questions,Practice Level,रक्त को पंप करने वाला अंग कौन-सा है?,फेफड़ा,हृदय,यकृत,गुर्दा,B,हृदय रक्त को पंप करता है।,General,2026,Medium
67,Science,जीवन प्रक्रियाएँ,7,Set 7 - Practice Questions,Practice Level,गुर्दे का प्रमुख कार्य क्या है?,ऑक्सीजन बनाना,रक्त को छानकर अपशिष्ट निकालना,भोजन चबाना,पाचन करना,B,गुर्दे रक्त को छानकर अपशिष्ट हटाते हैं।,General,2026,Easy
68,Science,जीवन प्रक्रियाएँ,7,Set 7 - Practice Questions,Practice Level,पौधों में जल का परिवहन किस ऊतक द्वारा होता है?,फ्लोएम,जाइलम,मेरिस्टेम,एपिडर्मिस,B,जाइलम जल और खनिजों का परिवहन करता है।,General,2026,Easy
69,Science,जीवन प्रक्रियाएँ,7,Set 7 - Practice Questions,Practice Level,पौधों में भोजन का परिवहन किस ऊतक द्वारा होता है?,जाइलम,फ्लोएम,एपिडर्मिस,रंध्र,B,फ्लोएम भोजन के परिवहन में प्रमुख है।,General,2026,Medium
70,Science,जीवन प्रक्रियाएँ,7,Set 7 - Practice Questions,Practice Level,कोशिका का नियंत्रण केंद्र किसे कहा जाता है?,राइबोसोम,नाभिक,माइटोकॉन्ड्रिया,कोशिका भित्ति,B,नाभिक आनुवंशिक पदार्थ रखता और कोशिका की गतिविधियों को नियंत्रित करता है।,General,2026,Easy
71,Science,मानव शरीर,8,Set 8 - Practice Questions,Practice Level,मानव शरीर का सबसे बड़ा अंग कौन-सा है?,हृदय,त्वचा,यकृत,फेफड़ा,B,त्वचा मानव शरीर का सबसे बड़ा अंग है।,General,2026,Easy
72,Science,मानव शरीर,8,Set 8 - Practice Questions,Practice Level,वयस्क मानव में सामान्यतः कितने स्थायी दाँत होते हैं?,20,28,32,36,C,एक सामान्य वयस्क में 32 स्थायी दाँत होते हैं।,General,2026,Medium
73,Science,मानव शरीर,8,Set 8 - Practice Questions,Practice Level,इंसुलिन किस अंग से स्रावित होता है?,थायरॉयड,अग्न्याशय,यकृत,गुर्दा,B,अग्न्याशय की बीटा कोशिकाएँ इंसुलिन स्रावित करती हैं।,General,2026,Easy
74,Science,मानव शरीर,8,Set 8 - Practice Questions,Practice Level,लाल रक्त कोशिकाओं का मुख्य कार्य क्या है?,ऑक्सीजन का परिवहन,रक्त का थक्का बनाना,प्रतिरक्षा,पाचन,A,लाल रक्त कोशिकाएँ मुख्यतः ऑक्सीजन का परिवहन करती हैं।,General,2026,Easy
75,Science,मानव शरीर,8,Set 8 - Practice Questions,Practice Level,रक्त का थक्का बनाने में कौन-सी कोशिकाएँ प्रमुख हैं?,लाल रक्त कोशिकाएँ,प्लेटलेट्स,न्यूरॉन्स,अल्वियोली,B,प्लेटलेट्स रक्तस्राव रोकने में महत्वपूर्ण हैं।,General,2026,Medium
76,Science,मानव शरीर,8,Set 8 - Practice Questions,Practice Level,मानव मस्तिष्क का सबसे बड़ा भाग कौन-सा है?,सेरिब्रम,सेरिबेलम,मेडुला,मेरुरज्जु,A,सेरिब्रम मस्तिष्क का सबसे बड़ा भाग है।,General,2026,Easy
77,Science,मानव शरीर,8,Set 8 - Practice Questions,Practice Level,वयस्क मानव में सामान्यतः कितनी जोड़ी पसलियाँ होती हैं?,10,12,14,16,B,मानव में सामान्यतः 12 जोड़ी पसलियाँ होती हैं।,General,2026,Easy
78,Science,मानव शरीर,8,Set 8 - Practice Questions,Practice Level,त्वचा में विटामिन D के निर्माण में किसकी भूमिका है?,UVB प्रकाश,ध्वनि,अल्ट्रासाउंड,केवल ऑक्सीजन,A,सूर्य का UVB विकिरण त्वचा में विटामिन D निर्माण में मदद करता है।,General,2026,Medium
79,Science,मानव शरीर,8,Set 8 - Practice Questions,Practice Level,मूत्र का निर्माण मुख्यतः कहाँ होता है?,हृदय,गुर्दे,फेफड़े,आमाशय,B,गुर्दे की नेफ्रॉन इकाइयाँ मूत्र निर्माण में मुख्य भूमिका निभाती हैं।,General,2026,Easy
80,Science,मानव शरीर,8,Set 8 - Practice Questions,Practice Level,श्वसन में शरीर मुख्यतः कौन-सी गैस ग्रहण करता है?,कार्बन डाइऑक्साइड,ऑक्सीजन,हीलियम,हाइड्रोजन,B,कोशिकीय ऊर्जा उत्पादन के लिए शरीर ऑक्सीजन का उपयोग करता है।,General,2026,Easy
81,Science,प्रकाश,9,Set 9 - Practice Questions,Practice Level,निर्वात में प्रकाश की चाल लगभग कितनी है?,3×10^8 m/s,3×10^6 m/s,3×10^5 m/s,3×10^3 m/s,A,निर्वात में प्रकाश की चाल लगभग 3×10^8 m/s है।,General,2026,Medium
82,Science,प्रकाश,9,Set 9 - Practice Questions,Practice Level,समतल दर्पण में बनने वाला प्रतिबिंब कैसा होता है?,वास्तविक और उल्टा,आभासी और सीधा,वास्तविक और सीधा,केवल बड़ा,B,"समतल दर्पण आभासी, सीधा और समान आकार का प्रतिबिंब देता है।",General,2026,Easy
83,Science,प्रकाश,9,Set 9 - Practice Questions,Practice Level,परावर्तन के नियम के अनुसार आपतन कोण किसके बराबर होता है?,अपवर्तन कोण,परावर्तन कोण,90°,0°,B,आपतन कोण = परावर्तन कोण।,General,2026,Easy
84,Science,प्रकाश,9,Set 9 - Practice Questions,Practice Level,लेंस की शक्ति की SI इकाई क्या है?,मीटर,डायोप्टर,जूल,न्यूटन,B,लेंस की शक्ति डायोप्टर में मापी जाती है।,General,2026,Medium
85,Science,प्रकाश,9,Set 9 - Practice Questions,Practice Level,उत्तल लेंस को सामान्यतः कैसा लेंस कहा जाता है?,अपसारी,अभिसारी,समतल,परावर्तक,B,उत्तल लेंस समानांतर किरणों को अभिसरित करता है।,General,2026,Easy
86,Science,प्रकाश,9,Set 9 - Practice Questions,Practice Level,अवतल लेंस किस प्रकार का लेंस है?,अभिसारी,अपसारी,केवल समतल,परावर्तक,B,अवतल लेंस किरणों को अपसारित करता है।,General,2026,Easy
87,Science,प्रकाश,9,Set 9 - Practice Questions,Practice Level,सफेद प्रकाश का विभिन्न रंगों में विभाजन कहलाता है?,परावर्तन,वर्ण विक्षेपण,चालन,संवहन,B,प्रिज्म द्वारा सफेद प्रकाश के रंगों में विभाजन को वर्ण विक्षेपण कहते हैं।,General,2026,Medium
88,Science,प्रकाश,9,Set 9 - Practice Questions,Practice Level,इंद्रधनुष बनने में मुख्यतः कौन-सी घटना शामिल है?,केवल चालन,वर्ण विक्षेपण और प्रकाश का अपवर्तन/परावर्तन,केवल ध्वनि,केवल ऊष्मा,B,"जल बूंदों में अपवर्तन, आंतरिक परावर्तन और वर्ण विक्षेपण मिलकर इंद्रधनुष बनाते हैं।",General,2026,Easy
89,Science,प्रकाश,9,Set 9 - Practice Questions,Practice Level,निकट दृष्टिदोष को ठीक करने के लिए कौन-सा लेंस उपयोग होता है?,उत्तल,अवतल,बेलनाकार ही,समतल,B,निकट दृष्टिदोष (मायोपिया) के लिए अवतल लेंस उपयोग होता है।,General,2026,Easy
90,Science,प्रकाश,9,Set 9 - Practice Questions,Practice Level,दूर दृष्टिदोष को ठीक करने के लिए कौन-सा लेंस उपयोग होता है?,अवतल,उत्तल,समतल,कोई नहीं,B,दूर दृष्टिदोष (हाइपरमेट्रोपिया) के लिए उत्तल लेंस उपयोग होता है।,General,2026,Medium
91,Science,विद्युत,10,Set 10 - Practice Questions,Practice Level,विद्युत धारा का SI मात्रक क्या है?,वोल्ट,एम्पियर,ओम,वाट,B,विद्युत धारा का SI मात्रक एम्पियर है।,General,2026,Easy
92,Science,विद्युत,10,Set 10 - Practice Questions,Practice Level,विभवांतर का SI मात्रक क्या है?,एम्पियर,वोल्ट,ओम,जूल,B,विभवांतर वोल्ट में मापा जाता है।,General,2026,Easy
93,Science,विद्युत,10,Set 10 - Practice Questions,Practice Level,प्रतिरोध का SI मात्रक क्या है?,ओम,वोल्ट,एम्पियर,वाट,A,प्रतिरोध का SI मात्रक ओम है।,General,2026,Medium
94,Science,विद्युत,10,Set 10 - Practice Questions,Practice Level,ओम का नियम किस संबंध को बताता है?,V=IR,P=VI,Q=It,W=Fs,A,ओम के नियम के अनुसार नियत तापमान पर V = IR।,General,2026,Easy
95,Science,विद्युत,10,Set 10 - Practice Questions,Practice Level,विद्युत शक्ति का सूत्र क्या है?,P=VI,P=V/I,P=I/V,P=R/I,A,विद्युत शक्ति P = VI होती है।,General,2026,Easy
96,Science,विद्युत,10,Set 10 - Practice Questions,Practice Level,विद्युत ऊर्जा की व्यावहारिक इकाई कौन-सी है?,किलोवाट-घंटा,न्यूटन,पास्कल,मीटर,A,विद्युत ऊर्जा की व्यावहारिक इकाई kWh है।,General,2026,Medium
97,Science,विद्युत,10,Set 10 - Practice Questions,Practice Level,श्रृंखला परिपथ में धारा कैसी होती है?,हर जगह समान,हर जगह अलग,शून्य,अनंत,A,श्रृंखला परिपथ में सभी अवयवों से समान धारा गुजरती है।,General,2026,Easy
98,Science,विद्युत,10,Set 10 - Practice Questions,Practice Level,समानांतर परिपथ में प्रत्येक शाखा के सिरों पर क्या समान रहता है?,धारा,विभवांतर,प्रतिरोध,शक्ति हमेशा,B,समानांतर शाखाओं के सिरों पर विभवांतर समान रहता है।,General,2026,Easy
99,Science,विद्युत,10,Set 10 - Practice Questions,Practice Level,फ्यूज तार का मुख्य उद्देश्य क्या है?,वोल्टेज बढ़ाना,अधिक धारा से परिपथ की रक्षा करना,धारा बनाना,प्रतिरोध शून्य करना,B,अधिक धारा होने पर फ्यूज पिघलकर परिपथ तोड़ देता है।,General,2026,Medium
100,Science,विद्युत,10,Set 10 - Practice Questions,Practice Level,1 यूनिट विद्युत ऊर्जा किसके बराबर है?,1 Wh,1 kWh,1 J,1 W,B,बिजली की 1 यूनिट = 1 kWh।,General,2026,Easy
101,Hindi,संधि,1,Set 1 - Basic Questions,Basic Level,‘विद्यालय’ शब्द में कौन-सी संधि है?,विद्या + आलय,विद्य + आलय,विद्या + लय,विद + यालय,A,विद्या + आलय = विद्यालय; यहाँ आ + आ के मेल से दीर्घ संधि हुई है।,General,2026,Easy
102,Hindi,संधि,1,Set 1 - Basic Questions,Basic Level,‘महेश’ का संधि-विच्छेद क्या है?,महा + ईश,महत् + ईश,मह + ईश,मही + ईश,A,महा + ईश = महेश; अ + ई के मेल से गुण संधि होती है।,General,2026,Easy
103,Hindi,संधि,1,Set 1 - Basic Questions,Basic Level,‘देवेंद्र’ का संधि-विच्छेद क्या है?,देव + इंद्र,देव + अंदर,देवी + इंद्र,देवन् + द्र,A,देव + इंद्र = देवेंद्र; अ + इ के मेल से ए बनता है।,General,2026,Medium
104,Hindi,संधि,1,Set 1 - Basic Questions,Basic Level,‘परोपकार’ में कौन-सी संधि है?,गुण,वृद्धि,दीर्घ,यण,A,पर + उपकार = परोपकार; अ + उ के मेल से ओ बनता है।,General,2026,Easy
105,Hindi,संधि,1,Set 1 - Basic Questions,Basic Level,‘सदैव’ का संधि-विच्छेद क्या है?,सदा + एव,सद + एव,सदा + इव,सत् + एव,A,"सदा + एव = सदैव; आ + ए के मेल से ऐ बनता है, यह वृद्धि संधि है।",General,2026,Easy
106,Hindi,संधि,1,Set 1 - Basic Questions,Basic Level,‘अत्यधिक’ में कौन-सी संधि है?,यण,गुण,दीर्घ,वृद्धि,A,अति + अधिक = अत्यधिक; इ के स्थान पर य होने से यण संधि है।,General,2026,Medium
107,Hindi,संधि,1,Set 1 - Basic Questions,Basic Level,‘नरेश’ का संधि-विच्छेद क्या है?,नर + ईश,नर + एश,नारी + ईश,नरः + ईश,A,नर + ईश = नरेश; अ + ई के मेल से ए बनता है।,General,2026,Easy
108,Hindi,संधि,1,Set 1 - Basic Questions,Basic Level,‘महौषधि’ में कौन-सी संधि है?,वृद्धि,गुण,दीर्घ,यण,A,महा + औषधि = महौषधि; आ + औ के मेल से औ बनता है।,General,2026,Easy
109,Hindi,संधि,1,Set 1 - Basic Questions,Basic Level,‘इत्यादि’ का संधि-विच्छेद क्या है?,इति + आदि,इत्य + आदि,इति + आदी,इत् + यादि,A,इति + आदि = इत्यादि; इ के बाद स्वर आने पर यण संधि होती है।,General,2026,Medium
110,Hindi,संधि,1,Set 1 - Basic Questions,Basic Level,‘रामायण’ का संधि-विच्छेद क्या है?,राम + अयन,राम + आयन,रमा + अयन,रामः + अयन,A,राम + अयन = रामायण।,General,2026,Easy
111,Hindi,समास,2,Set 2 - Basic Questions,Basic Level,‘राजपुत्र’ में कौन-सा समास है?,तत्पुरुष,द्वंद्व,बहुव्रीहि,अव्ययीभाव,A,राजा का पुत्र = राजपुत्र; संबंध तत्पुरुष समास है।,General,2026,Easy
112,Hindi,समास,2,Set 2 - Basic Questions,Basic Level,‘नीलकमल’ में कौन-सा समास है?,कर्मधारय,द्विगु,द्वंद्व,अव्ययीभाव,A,नीला है जो कमल = नीलकमल; विशेषण-विशेष्य संबंध होने से कर्मधारय है।,General,2026,Medium
113,Hindi,समास,2,Set 2 - Basic Questions,Basic Level,‘माता-पिता’ में कौन-सा समास है?,द्वंद्व,तत्पुरुष,बहुव्रीहि,कर्मधारय,A,माता और पिता = माता-पिता; दोनों पद प्रधान हैं।,General,2026,Easy
114,Hindi,समास,2,Set 2 - Basic Questions,Basic Level,‘यथाशक्ति’ में कौन-सा समास है?,अव्ययीभाव,द्वंद्व,बहुव्रीहि,द्विगु,A,शक्ति के अनुसार = यथाशक्ति; पहला पद अव्यय है।,General,2026,Easy
115,Hindi,समास,2,Set 2 - Basic Questions,Basic Level,‘दशानन’ में कौन-सा समास है?,बहुव्रीहि,द्विगु,तत्पुरुष,कर्मधारय,A,दस हैं आनन जिसके = दशानन; समस्त पद किसी अन्य व्यक्ति का बोध कराता है।,General,2026,Medium
116,Hindi,समास,2,Set 2 - Basic Questions,Basic Level,‘त्रिभुवन’ में कौन-सा समास है?,द्विगु,द्वंद्व,अव्ययीभाव,बहुव्रीहि,A,तीन भुवनों का समूह = त्रिभुवन; संख्या पूर्वक होने से द्विगु।,General,2026,Easy
117,Hindi,समास,2,Set 2 - Basic Questions,Basic Level,‘गृहप्रवेश’ में कौन-सा समास है?,तत्पुरुष,द्वंद्व,बहुव्रीहि,अव्ययीभाव,A,गृह में प्रवेश = गृहप्रवेश; संबंध तत्पुरुष है।,General,2026,Easy
118,Hindi,समास,2,Set 2 - Basic Questions,Basic Level,‘महापुरुष’ में कौन-सा समास है?,कर्मधारय,द्वंद्व,द्विगु,बहुव्रीहि,A,महान है जो पुरुष = महापुरुष; कर्मधारय समास है।,General,2026,Medium
119,Hindi,समास,2,Set 2 - Basic Questions,Basic Level,‘प्रतिदिन’ में कौन-सा समास है?,अव्ययीभाव,तत्पुरुष,द्वंद्व,बहुव्रीहि,A,हर दिन/प्रत्येक दिन = प्रतिदिन; अव्ययीभाव समास है।,General,2026,Easy
120,Hindi,समास,2,Set 2 - Basic Questions,Basic Level,‘चौराहा’ में कौन-सा समास है?,द्विगु,द्वंद्व,कर्मधारय,तत्पुरुष,A,चार राहों का समूह = चौराहा; संख्या पूर्वक समूह होने से द्विगु।,General,2026,Easy
121,Hindi,उपसर्ग-प्रत्यय,3,Set 3 - Basic Questions,Basic Level,‘असत्य’ में उपसर्ग कौन-सा है?,अ,अन,सु,प्र,A,सत्य के पहले ‘अ’ लगकर असत्य बना है।,General,2026,Medium
122,Hindi,उपसर्ग-प्रत्यय,3,Set 3 - Basic Questions,Basic Level,‘अनुशासन’ में उपसर्ग कौन-सा है?,अनु,अधि,प्रति,उप,A,शासन के पहले ‘अनु’ उपसर्ग लगा है।,General,2026,Easy
123,Hindi,उपसर्ग-प्रत्यय,3,Set 3 - Basic Questions,Basic Level,‘प्रवेश’ में उपसर्ग कौन-सा है?,प्र,परि,प्रति,उप,A,वेश शब्द के पहले ‘प्र’ उपसर्ग है।,General,2026,Easy
124,Hindi,उपसर्ग-प्रत्यय,3,Set 3 - Basic Questions,Basic Level,‘उपकार’ में उपसर्ग कौन-सा है?,उप,अप,अति,अव,A,कार के पहले ‘उप’ उपसर्ग लगा है।,General,2026,Medium
125,Hindi,उपसर्ग-प्रत्यय,3,Set 3 - Basic Questions,Basic Level,‘निराशा’ में उपसर्ग कौन-सा है?,निर्,नि,अनु,दुर्,A,आशा के पहले निर् उपसर्ग लगा है।,General,2026,Easy
126,Hindi,उपसर्ग-प्रत्यय,3,Set 3 - Basic Questions,Basic Level,‘सुयोग्य’ में उपसर्ग कौन-सा है?,सु,स,सम्,अति,A,योग्य के पहले ‘सु’ उपसर्ग है।,General,2026,Easy
127,Hindi,उपसर्ग-प्रत्यय,3,Set 3 - Basic Questions,Basic Level,‘लड़कपन’ में प्रत्यय कौन-सा है?,पन,ता,त्व,ई,A,लड़का + पन = लड़कपन; ‘पन’ प्रत्यय है।,General,2026,Medium
128,Hindi,उपसर्ग-प्रत्यय,3,Set 3 - Basic Questions,Basic Level,‘मित्रता’ में प्रत्यय कौन-सा है?,ता,पन,ई,कार,A,मित्र + ता = मित्रता; ‘ता’ प्रत्यय है।,General,2026,Easy
129,Hindi,उपसर्ग-प्रत्यय,3,Set 3 - Basic Questions,Basic Level,‘मानवता’ में प्रत्यय कौन-सा है?,ता,त्व,पन,ई,A,मानव + ता = मानवता।,General,2026,Easy
130,Hindi,उपसर्ग-प्रत्यय,3,Set 3 - Basic Questions,Basic Level,‘बचपन’ में प्रत्यय कौन-सा है?,पन,ता,आ,इक,A,बच्चा/बच + पन से बचपन; ‘पन’ भाववाचक प्रत्यय है।,General,2026,Medium
131,Hindi,पर्यायवाची शब्द,4,Set 4 - Basic Questions,Basic Level,‘सूर्य’ का पर्यायवाची कौन-सा है?,रवि,रजनी,शशि,नीर,A,रवि सूर्य का पर्यायवाची है।,General,2026,Easy
132,Hindi,पर्यायवाची शब्द,4,Set 4 - Basic Questions,Basic Level,‘चंद्रमा’ का पर्यायवाची कौन-सा है?,शशि,भास्कर,पावक,अनल,A,शशि चंद्रमा का पर्यायवाची है।,General,2026,Easy
133,Hindi,पर्यायवाची शब्द,4,Set 4 - Basic Questions,Basic Level,‘अग्नि’ का पर्यायवाची कौन-सा है?,पावक,पवन,नीर,धरती,A,पावक अग्नि का पर्यायवाची है।,General,2026,Medium
134,Hindi,पर्यायवाची शब्द,4,Set 4 - Basic Questions,Basic Level,‘जल’ का पर्यायवाची कौन-सा है?,नीर,अनल,गगन,पावक,A,नीर जल का पर्यायवाची है।,General,2026,Easy
135,Hindi,पर्यायवाची शब्द,4,Set 4 - Basic Questions,Basic Level,‘पृथ्वी’ का पर्यायवाची कौन-सा है?,धरती,अंबर,पवन,रवि,A,धरती पृथ्वी का पर्यायवाची है।,General,2026,Easy
136,Hindi,पर्यायवाची शब्द,4,Set 4 - Basic Questions,Basic Level,‘वायु’ का पर्यायवाची कौन-सा है?,पवन,पंकज,नीर,शशि,A,पवन वायु का पर्यायवाची है।,General,2026,Medium
137,Hindi,पर्यायवाची शब्द,4,Set 4 - Basic Questions,Basic Level,‘आकाश’ का पर्यायवाची कौन-सा है?,गगन,सागर,पर्वत,वन,A,गगन आकाश का पर्यायवाची है।,General,2026,Easy
138,Hindi,पर्यायवाची शब्द,4,Set 4 - Basic Questions,Basic Level,‘समुद्र’ का पर्यायवाची कौन-सा है?,सागर,सरिता,तड़ाग,कूप,A,सागर समुद्र का पर्यायवाची है।,General,2026,Easy
139,Hindi,पर्यायवाची शब्द,4,Set 4 - Basic Questions,Basic Level,‘कमल’ का पर्यायवाची कौन-सा है?,पंकज,पर्वत,पावक,पवन,A,पंकज कमल का पर्यायवाची है।,General,2026,Medium
140,Hindi,पर्यायवाची शब्द,4,Set 4 - Basic Questions,Basic Level,‘वन’ का पर्यायवाची कौन-सा है?,कानन,गगन,सदन,पवन,A,कानन वन का पर्यायवाची है।,General,2026,Easy
141,Hindi,विलोम शब्द,5,Set 5 - Basic Questions,Basic Level,‘आदि’ का विलोम क्या है?,अंत,मध्य,आरंभ,पूर्व,A,आदि का विलोम अंत है।,General,2026,Easy
142,Hindi,विलोम शब्द,5,Set 5 - Basic Questions,Basic Level,‘आशा’ का विलोम क्या है?,निराशा,विश्वास,प्रेम,सुख,A,आशा का विलोम निराशा है।,General,2026,Medium
143,Hindi,विलोम शब्द,5,Set 5 - Basic Questions,Basic Level,‘लाभ’ का विलोम क्या है?,हानि,धन,वृद्धि,उपयोग,A,लाभ का विलोम हानि है।,General,2026,Easy
144,Hindi,विलोम शब्द,5,Set 5 - Basic Questions,Basic Level,‘जय’ का विलोम क्या है?,पराजय,यश,विजय,सफलता,A,जय का विलोम पराजय है।,General,2026,Easy
145,Hindi,विलोम शब्द,5,Set 5 - Basic Questions,Basic Level,‘नवीन’ का विलोम क्या है?,प्राचीन,सुंदर,आधुनिक,नूतन,A,नवीन का विलोम प्राचीन है।,General,2026,Medium
146,Hindi,विलोम शब्द,5,Set 5 - Basic Questions,Basic Level,‘उन्नति’ का विलोम क्या है?,अवनति,प्रगति,वृद्धि,विकास,A,उन्नति का विलोम अवनति है।,General,2026,Easy
147,Hindi,विलोम शब्द,5,Set 5 - Basic Questions,Basic Level,‘स्वतंत्र’ का विलोम क्या है?,परतंत्र,स्वाधीन,मुक्त,आत्मनिर्भर,A,स्वतंत्र का विलोम परतंत्र है।,General,2026,Easy
148,Hindi,विलोम शब्द,5,Set 5 - Basic Questions,Basic Level,‘सत्य’ का विलोम क्या है?,असत्य,न्याय,धर्म,सदाचार,A,सत्य का विलोम असत्य है।,General,2026,Medium
149,Hindi,विलोम शब्द,5,Set 5 - Basic Questions,Basic Level,‘आदर’ का विलोम क्या है?,अनादर,सम्मान,सत्कार,प्रेम,A,आदर का विलोम अनादर है।,General,2026,Easy
150,Hindi,विलोम शब्द,5,Set 5 - Basic Questions,Basic Level,‘उपकार’ का विलोम क्या है?,अपकार,सहायता,सेवा,दान,A,उपकार का विलोम अपकार है।,General,2026,Easy
151,Hindi,तत्सम-तद्भव,6,Set 6 - Practice Questions,Practice Level,‘अग्नि’ का तद्भव रूप क्या है?,आग,अगिन,अग्न,अनल,A,संस्कृत ‘अग्नि’ का प्रचलित तद्भव रूप ‘आग’ है।,General,2026,Medium
152,Hindi,तत्सम-तद्भव,6,Set 6 - Practice Questions,Practice Level,‘दंत’ का तद्भव रूप क्या है?,दाँत,दंतक,दन,दंती,A,दंत का तद्भव दाँत है।,General,2026,Easy
153,Hindi,तत्सम-तद्भव,6,Set 6 - Practice Questions,Practice Level,‘नयन’ का तद्भव रूप क्या है?,नैन,नयनक,नय,नेत्र,A,नयन का तद्भव नैन है।,General,2026,Easy
154,Hindi,तत्सम-तद्भव,6,Set 6 - Practice Questions,Practice Level,‘कर्ण’ का तद्भव रूप क्या है?,कान,करन,कर्णा,कानन,A,कर्ण का तद्भव कान है।,General,2026,Medium
155,Hindi,तत्सम-तद्भव,6,Set 6 - Practice Questions,Practice Level,‘हस्त’ का तद्भव रूप क्या है?,हाथ,हस्तक,हथ,हस्ता,A,हस्त का तद्भव हाथ है।,General,2026,Easy
156,Hindi,तत्सम-तद्भव,6,Set 6 - Practice Questions,Practice Level,‘मुख’ का तद्भव रूप क्या है?,मुँह,मुखड़ा,मुंख्या,मख,A,मुख का तद्भव मुँह है।,General,2026,Easy
157,Hindi,तत्सम-तद्भव,6,Set 6 - Practice Questions,Practice Level,‘दुग्ध’ का तद्भव रूप क्या है?,दूध,दुग्धा,दोह,दूधक,A,दुग्ध का तद्भव दूध है।,General,2026,Medium
158,Hindi,तत्सम-तद्भव,6,Set 6 - Practice Questions,Practice Level,‘अक्षि’ का तद्भव रूप क्या है?,आँख,अखि,आँखी,अक्ष,A,अक्षि का तद्भव आँख है।,General,2026,Easy
159,Hindi,तत्सम-तद्भव,6,Set 6 - Practice Questions,Practice Level,‘ग्राम’ का तद्भव रूप क्या है?,गाँव,ग्रामक,गाम,ग्राम्य,A,ग्राम का तद्भव गाँव है।,General,2026,Easy
160,Hindi,तत्सम-तद्भव,6,Set 6 - Practice Questions,Practice Level,‘रात्रि’ का तद्भव रूप क्या है?,रात,रात्री,राति,रात्रीक,A,रात्रि का तद्भव रात है।,General,2026,Medium
161,Hindi,मुहावरे एवं लोकोक्तियाँ,7,Set 7 - Practice Questions,Practice Level,‘आँखों का तारा’ मुहावरे का अर्थ क्या है?,बहुत प्रिय होना,बहुत दूर होना,क्रोधित होना,डर जाना,A,आँखों का तारा का अर्थ बहुत प्रिय होना है।,General,2026,Easy
162,Hindi,मुहावरे एवं लोकोक्तियाँ,7,Set 7 - Practice Questions,Practice Level,‘दाँत खट्टे करना’ का अर्थ क्या है?,बुरी तरह परास्त करना,दाँत साफ करना,हँसना,भोजन करना,A,दाँत खट्टे करना का अर्थ बुरी तरह हरा देना है।,General,2026,Easy
163,Hindi,मुहावरे एवं लोकोक्तियाँ,7,Set 7 - Practice Questions,Practice Level,‘नाक कटना’ का अर्थ क्या है?,अपमान होना,बीमार होना,गुस्सा करना,जीतना,A,नाक कटना का अर्थ अपमानित होना है।,General,2026,Medium
164,Hindi,मुहावरे एवं लोकोक्तियाँ,7,Set 7 - Practice Questions,Practice Level,‘हाथ पर हाथ धरे बैठना’ का अर्थ क्या है?,निष्क्रिय बैठना,मेहनत करना,दान देना,यात्रा करना,A,इसका अर्थ बिना काम किए बैठे रहना है।,General,2026,Easy
165,Hindi,मुहावरे एवं लोकोक्तियाँ,7,Set 7 - Practice Questions,Practice Level,‘नौ दो ग्यारह होना’ का अर्थ क्या है?,भाग जाना,गिनती करना,बहुत प्रसन्न होना,सो जाना,A,नौ दो ग्यारह होना अर्थात भाग जाना।,General,2026,Easy
166,Hindi,मुहावरे एवं लोकोक्तियाँ,7,Set 7 - Practice Questions,Practice Level,‘आसमान सिर पर उठाना’ का अर्थ क्या है?,बहुत शोर करना,आसमान देखना,ऊँचा उड़ना,चुप रहना,A,इसका अर्थ बहुत शोर या हंगामा करना है।,General,2026,Medium
167,Hindi,मुहावरे एवं लोकोक्तियाँ,7,Set 7 - Practice Questions,Practice Level,‘ऊँट के मुँह में जीरा’ का अर्थ क्या है?,आवश्यकता से बहुत कम,बहुत अधिक,बहुत स्वादिष्ट,बहुत कठिन,A,आवश्यकता की तुलना में बहुत कम मात्रा को दर्शाता है।,General,2026,Easy
168,Hindi,मुहावरे एवं लोकोक्तियाँ,7,Set 7 - Practice Questions,Practice Level,‘घर का भेदी लंका ढाए’ का आशय क्या है?,अपना व्यक्ति ही नुकसान कर सकता है,घर बनाना कठिन है,यात्रा करना चाहिए,सभी मित्र अच्छे हैं,A,अंदर का व्यक्ति ही रहस्य बताकर बड़ा नुकसान कर सकता है।,General,2026,Easy
169,Hindi,मुहावरे एवं लोकोक्तियाँ,7,Set 7 - Practice Questions,Practice Level,‘अधजल गगरी छलकत जाए’ का अर्थ क्या है?,कम ज्ञान वाला अधिक दिखावा करता है,जल बहुत है,घड़ा टूट गया,मेहनती व्यक्ति सफल होता है,A,कम ज्ञान वाला व्यक्ति अक्सर अधिक दिखावा करता है।,General,2026,Medium
170,Hindi,मुहावरे एवं लोकोक्तियाँ,7,Set 7 - Practice Questions,Practice Level,‘जैसी करनी वैसी भरनी’ का अर्थ क्या है?,कर्म का फल मिलता है,धन बचाना चाहिए,समय पर सोना चाहिए,दूसरों की सहायता नहीं करनी चाहिए,A,व्यक्ति को अपने कर्मों का फल मिलता है।,General,2026,Easy
171,Hindi,हिंदी व्याकरण,8,Set 8 - Practice Questions,Practice Level,‘राम स्कूल जाता है।’ वाक्य में कर्ता कौन है?,राम,स्कूल,जाता है,है,A,जो कार्य करता है वह कर्ता है; यहाँ राम कर्ता है।,General,2026,Easy
172,Hindi,हिंदी व्याकरण,8,Set 8 - Practice Questions,Practice Level,‘सीता ने पुस्तक पढ़ी।’ में ‘ने’ किस कारक का चिह्न है?,कर्ता,कर्म,करण,संबंध,A,‘ने’ कर्ता कारक का प्रमुख चिह्न है।,General,2026,Medium
173,Hindi,हिंदी व्याकरण,8,Set 8 - Practice Questions,Practice Level,‘मोहन को बुलाओ।’ में ‘को’ कौन-सा कारक है?,कर्ता,कर्म,अपादान,अधिकरण,B,यहाँ ‘मोहन’ क्रिया का कर्म है और ‘को’ कर्म कारक का चिह्न है।,General,2026,Easy
174,Hindi,हिंदी व्याकरण,8,Set 8 - Practice Questions,Practice Level,‘राम ने चाकू से फल काटा।’ में ‘से’ कौन-सा कारक है?,करण,अपादान,संबंध,अधिकरण,A,"चाकू साधन है, इसलिए ‘से’ करण कारक है।",General,2026,Easy
175,Hindi,हिंदी व्याकरण,8,Set 8 - Practice Questions,Practice Level,‘पेड़ से पत्ते गिरे।’ में ‘से’ कौन-सा कारक है?,करण,अपादान,कर्म,संबंध,B,"यहाँ अलग होने का भाव है, इसलिए अपादान कारक है।",General,2026,Medium
176,Hindi,हिंदी व्याकरण,8,Set 8 - Practice Questions,Practice Level,‘राम का घर बड़ा है।’ में ‘का’ कौन-सा कारक है?,संबंध,करण,अधिकरण,कर्म,A,‘का’ संबंध कारक का चिह्न है।,General,2026,Easy
177,Hindi,हिंदी व्याकरण,8,Set 8 - Practice Questions,Practice Level,‘बच्चे मैदान में खेल रहे हैं।’ में ‘में’ कौन-सा कारक है?,अधिकरण,संबंध,अपादान,कर्ता,A,स्थान का बोध होने से अधिकरण कारक है।,General,2026,Easy
178,Hindi,हिंदी व्याकरण,8,Set 8 - Practice Questions,Practice Level,‘मैं कल बाजार जाऊँगा।’ वाक्य का काल कौन-सा है?,वर्तमान,भूत,भविष्यत्,अपूर्ण भूत,C,‘जाऊँगा’ भविष्य में होने वाले कार्य को बताता है।,General,2026,Medium
179,Hindi,हिंदी व्याकरण,8,Set 8 - Practice Questions,Practice Level,‘राम पुस्तक पढ़ रहा है।’ कौन-सा काल है?,सामान्य वर्तमान,अपूर्ण वर्तमान,पूर्ण भूत,भविष्यत्,B,‘पढ़ रहा है’ वर्तमान में जारी कार्य बताता है।,General,2026,Easy
180,Hindi,हिंदी व्याकरण,8,Set 8 - Practice Questions,Practice Level,‘सीता ने खाना खाया।’ कौन-सा काल है?,वर्तमान,भूत,भविष्यत्,अपूर्ण वर्तमान,B,‘खाया’ पूर्ण हुए कार्य को बताता है।,General,2026,Easy
181,Hindi,वाक्य शुद्धि,9,Set 9 - Practice Questions,Practice Level,इनमें से शुद्ध वाक्य कौन-सा है?,राम स्कूल जाता है।,राम स्कूल जाती है।,राम स्कूल जाते है।,राम स्कूल जता है।,A,"‘राम’ एकवचन पुल्लिंग है, इसलिए ‘जाता है’ सही है।",General,2026,Medium
182,Hindi,वाक्य शुद्धि,9,Set 9 - Practice Questions,Practice Level,इनमें से शुद्ध वाक्य कौन-सा है?,सीता बाजार गया।,सीता बाजार गई।,सीता बाजार गए।,सीता बाजार जाते।,B,"‘सीता’ स्त्रीलिंग एकवचन है, इसलिए ‘गई’ सही है।",General,2026,Easy
183,Hindi,वाक्य शुद्धि,9,Set 9 - Practice Questions,Practice Level,शुद्ध वाक्य चुनिए।,मुझे हिंदी आता है।,मुझे हिंदी आती है।,मैं हिंदी आती हूँ।,मुझको हिंदी आते हैं।,B,"‘हिंदी’ स्त्रीलिंग है, इसलिए ‘आती है’ सही है।",General,2026,Easy
184,Hindi,वाक्य शुद्धि,9,Set 9 - Practice Questions,Practice Level,शुद्ध वाक्य चुनिए।,वह मेरे से बड़ा है।,वह मुझसे बड़ा है।,वह मैंसे बड़ा है।,वह मुझको बड़ा है।,B,तुलना में ‘मुझसे’ का प्रयोग मानक है।,General,2026,Medium
185,Hindi,वाक्य शुद्धि,9,Set 9 - Practice Questions,Practice Level,शुद्ध वाक्य कौन-सा है?,आप कहाँ जा रहे हो?,आप कहाँ जा रहे हैं?,आप कहाँ जा रहा है?,आप कहाँ जाते है?,B,‘आप’ के साथ आदरसूचक बहुवचन क्रिया ‘हैं’ प्रयुक्त होती है।,General,2026,Easy
186,Hindi,वाक्य शुद्धि,9,Set 9 - Practice Questions,Practice Level,शुद्ध वाक्य चुनिए।,उसने मुझे बुलाया।,उसने मैंको बुलाया।,उसने मेरे को बुलाया।,उसने मैं बुलाया।,A,‘उसने मुझे बुलाया’ मानक वाक्य है।,General,2026,Easy
187,Hindi,वाक्य शुद्धि,9,Set 9 - Practice Questions,Practice Level,शुद्ध वाक्य कौन-सा है?,बच्चे खेल रहा है।,बच्चे खेल रहे हैं।,बच्चे खेल रही है।,बच्चे खेलता है।,B,"‘बच्चे’ बहुवचन हैं, इसलिए ‘खेल रहे हैं’ सही है।",General,2026,Medium
188,Hindi,वाक्य शुद्धि,9,Set 9 - Practice Questions,Practice Level,शुद्ध वाक्य चुनिए।,मैंने अपना काम कर लिया।,मैंने अपने काम कर लिया।,मैं अपना काम कर लिया।,मैंने अपनी काम कर लिया।,A,यहाँ ‘अपना काम’ सही प्रयोग है।,General,2026,Easy
189,Hindi,वाक्य शुद्धि,9,Set 9 - Practice Questions,Practice Level,शुद्ध वाक्य कौन-सा है?,यह मेरे लिए है।,यह मैं लिए है।,यह मेरा लिए है।,यह मुझ लिए है।,A,‘मेरे लिए’ मानक प्रयोग है।,General,2026,Easy
190,Hindi,वाक्य शुद्धि,9,Set 9 - Practice Questions,Practice Level,शुद्ध वाक्य चुनिए।,वह कल दिल्ली जाएगा।,वह कल दिल्ली जाऊँगा।,वह कल दिल्ली जाओगे।,वह कल दिल्ली जाती।,A,कर्ता ‘वह’ के अनुसार ‘जाएगा’ सही है।,General,2026,Medium
191,Hindi,रस एवं अलंकार,10,Set 10 - Practice Questions,Practice Level,‘वीर रस’ का स्थायी भाव क्या है?,उत्साह,शोक,रति,भय,A,वीर रस का स्थायी भाव उत्साह है।,General,2026,Easy
192,Hindi,रस एवं अलंकार,10,Set 10 - Practice Questions,Practice Level,‘करुण रस’ का स्थायी भाव क्या है?,शोक,क्रोध,हास,उत्साह,A,करुण रस का स्थायी भाव शोक है।,General,2026,Easy
193,Hindi,रस एवं अलंकार,10,Set 10 - Practice Questions,Practice Level,‘हास्य रस’ का स्थायी भाव क्या है?,हास,भय,क्रोध,जुगुप्सा,A,हास्य रस का स्थायी भाव हास है।,General,2026,Medium
194,Hindi,रस एवं अलंकार,10,Set 10 - Practice Questions,Practice Level,‘भयानक रस’ का स्थायी भाव क्या है?,भय,शोक,रति,उत्साह,A,भयानक रस का स्थायी भाव भय है।,General,2026,Easy
195,Hindi,रस एवं अलंकार,10,Set 10 - Practice Questions,Practice Level,‘रौद्र रस’ का स्थायी भाव क्या है?,क्रोध,हास,शोक,निर्वेद,A,रौद्र रस का स्थायी भाव क्रोध है।,General,2026,Easy
196,Hindi,रस एवं अलंकार,10,Set 10 - Practice Questions,Practice Level,‘उपमा’ अलंकार की प्रमुख पहचान क्या है?,"सा, सी, जैसे आदि शब्दों से तुलना",विरोध,एक ही शब्द की पुनरावृत्ति,अतिशयोक्ति,A,"उपमा में उपमेय और उपमान की तुलना की जाती है, जैसे ‘सा’, ‘सी’, ‘जैसे’ आदि संकेतक हो सकते हैं।",General,2026,Medium
197,Hindi,रस एवं अलंकार,10,Set 10 - Practice Questions,Practice Level,‘मुख चंद्रमा सा सुंदर है।’ में कौन-सा अलंकार है?,उपमा,रूपक,अनुप्रास,यमक,A,"‘सा’ द्वारा मुख की चंद्रमा से तुलना हुई है, इसलिए उपमा अलंकार है।",General,2026,Easy
198,Hindi,रस एवं अलंकार,10,Set 10 - Practice Questions,Practice Level,‘चरण कमल’ में कौन-सा अलंकार माना जाता है?,रूपक,उपमा,अनुप्रास,श्लेष,A,चरण को सीधे कमल कहा गया है; यह रूपक का उदाहरण है।,General,2026,Easy
199,Hindi,रस एवं अलंकार,10,Set 10 - Practice Questions,Practice Level,एक ही वर्ण की बार-बार आवृत्ति से कौन-सा अलंकार होता है?,अनुप्रास,रूपक,उपमा,अतिशयोक्ति,A,एक ही वर्ण की आवृत्ति अनुप्रास अलंकार की पहचान है।,General,2026,Medium
200,Hindi,रस एवं अलंकार,10,Set 10 - Practice Questions,Practice Level,बात को बढ़ा-चढ़ाकर प्रस्तुत करने वाला अलंकार कौन-सा है?,अतिशयोक्ति,उपमा,अनुप्रास,रूपक,A,असंभव या अत्यधिक बढ़ा-चढ़ाकर कथन अतिशयोक्ति कहलाता है।,General,2026,Easy
201,History,सिंधु घाटी सभ्यता,1,Set 1 - Basic Questions,Basic Level,हड़प्पा सभ्यता का प्रमुख नगर कौन-सा था?,हड़प्पा,पाटलिपुत्र,कन्नौज,उज्जैन,A,हड़प्पा सिंधु घाटी सभ्यता का प्रमुख पुरास्थल है।,General,2026,Easy
202,History,सिंधु घाटी सभ्यता,1,Set 1 - Basic Questions,Basic Level,मोहनजोदड़ो किस नदी के किनारे स्थित था?,सिंधु,गंगा,यमुना,नर्मदा,A,मोहनजोदड़ो सिंधु नदी के क्षेत्र में स्थित था।,General,2026,Easy
203,History,सिंधु घाटी सभ्यता,1,Set 1 - Basic Questions,Basic Level,मोहनजोदड़ो की प्रसिद्ध संरचना कौन-सी है?,महान स्नानागार,लौह स्तंभ,सांची स्तूप,नालंदा,A,मोहनजोदड़ो का महान स्नानागार इसकी प्रसिद्ध संरचनाओं में से एक है।,General,2026,Medium
204,History,सिंधु घाटी सभ्यता,1,Set 1 - Basic Questions,Basic Level,लोथल किसके लिए प्रसिद्ध है?,गोदी/बंदरगाह,गुफा चित्र,लौह उद्योग,बौद्ध स्तूप,A,लोथल में प्राचीन गोदी जैसी संरचना मिली है।,General,2026,Easy
205,History,सिंधु घाटी सभ्यता,1,Set 1 - Basic Questions,Basic Level,सिंधु सभ्यता के लोग किस धातु से परिचित थे?,तांबा,लोहा,एल्युमिनियम,यूरेनियम,A,सिंधु सभ्यता में तांबे और कांसे का उपयोग मिलता है।,General,2026,Easy
206,History,सिंधु घाटी सभ्यता,1,Set 1 - Basic Questions,Basic Level,सिंधु सभ्यता की लिपि की वर्तमान स्थिति क्या है?,पूरी तरह पढ़ी जा चुकी है,अभी तक पूर्णतः पढ़ी नहीं गई,केवल संस्कृत में है,केवल अरबी में है,B,सिंधु लिपि अभी तक निश्चित रूप से पूर्णतः पढ़ी नहीं जा सकी है।,General,2026,Medium
207,History,सिंधु घाटी सभ्यता,1,Set 1 - Basic Questions,Basic Level,कालीबंगा किस राज्य में स्थित है?,राजस्थान,गुजरात,बिहार,ओडिशा,A,कालीबंगा राजस्थान के हनुमानगढ़ क्षेत्र में स्थित पुरास्थल है।,General,2026,Easy
208,History,सिंधु घाटी सभ्यता,1,Set 1 - Basic Questions,Basic Level,धोलावीरा किस राज्य में स्थित है?,गुजरात,राजस्थान,पंजाब,उत्तर प्रदेश,A,धोलावीरा गुजरात के कच्छ क्षेत्र में स्थित है।,General,2026,Easy
209,History,सिंधु घाटी सभ्यता,1,Set 1 - Basic Questions,Basic Level,सिंधु सभ्यता की नगर योजना की प्रमुख विशेषता क्या थी?,सुनियोजित सड़कें और जल निकासी,केवल लकड़ी के घर,अव्यवस्थित गलियाँ,केवल पहाड़ी बस्तियाँ,A,कई नगरों में व्यवस्थित सड़कें और जल निकासी व्यवस्था मिली है।,General,2026,Medium
210,History,सिंधु घाटी सभ्यता,1,Set 1 - Basic Questions,Basic Level,हड़प्पा सभ्यता का काल सामान्यतः किस युग से संबंधित माना जाता है?,कांस्य युग,लौह युग,पाषाण युग ही,आधुनिक युग,A,हड़प्पा सभ्यता को सामान्यतः कांस्य युगीन सभ्यता माना जाता है।,General,2026,Easy
211,History,वैदिक काल,2,Set 2 - Basic Questions,Basic Level,सबसे प्राचीन वेद कौन-सा है?,ऋग्वेद,सामवेद,यजुर्वेद,अथर्ववेद,A,ऋग्वेद चारों वेदों में सबसे प्राचीन माना जाता है।,General,2026,Easy
212,History,वैदिक काल,2,Set 2 - Basic Questions,Basic Level,ऋग्वेद में मुख्यतः क्या मिलता है?,सूक्त/स्तुतियाँ,कानून की आधुनिक धाराएँ,नाटक,यात्रा-वृत्तांत,A,ऋग्वेद में विभिन्न देवताओं की स्तुतियों वाले सूक्त हैं।,General,2026,Medium
213,History,वैदिक काल,2,Set 2 - Basic Questions,Basic Level,सामवेद मुख्यतः किससे संबंधित है?,गान/संगीत,चिकित्सा,राजनीति,गणित,A,सामवेद के मंत्रों का गायन से विशेष संबंध है।,General,2026,Easy
214,History,वैदिक काल,2,Set 2 - Basic Questions,Basic Level,यजुर्वेद मुख्यतः किससे संबंधित है?,यज्ञ की विधियाँ,खगोल चित्र,व्यापार,स्थापत्य,A,यजुर्वेद में यज्ञ संबंधी मंत्र और विधियाँ प्रमुख हैं।,General,2026,Easy
215,History,वैदिक काल,2,Set 2 - Basic Questions,Basic Level,अथर्ववेद में किस प्रकार की सामग्री मिलती है?,मंत्र और लोकजीवन से संबंधित सामग्री,केवल युद्ध वर्णन,केवल राजाओं की सूची,केवल गणित,A,अथर्ववेद में विभिन्न मंत्रों के साथ लोकजीवन से जुड़ी सामग्री मिलती है।,General,2026,Medium
216,History,वैदिक काल,2,Set 2 - Basic Questions,Basic Level,प्रारंभिक वैदिक समाज की प्रमुख राजनीतिक संस्था कौन-सी थी?,सभा और समिति,संसद और विधानसभा,नगरपालिका,न्यायालय,A,प्रारंभिक वैदिक काल में सभा और समिति जैसी संस्थाओं का उल्लेख मिलता है।,General,2026,Easy
217,History,वैदिक काल,2,Set 2 - Basic Questions,Basic Level,वैदिक काल में ‘गो’ शब्द का विशेष महत्व किस कारण था?,पशुधन,समुद्र व्यापार,लोहा,कपड़ा,A,गाय और पशुधन आर्थिक जीवन में महत्वपूर्ण थे।,General,2026,Easy
218,History,वैदिक काल,2,Set 2 - Basic Questions,Basic Level,उत्तर वैदिक काल में लोहे के लिए किस शब्द का उल्लेख मिलता है?,श्याम अयस,सुवर्ण,हिरण्य,रजत,A,उत्तर वैदिक साहित्य में लोहे के लिए श्याम अयस जैसे शब्द मिलते हैं।,General,2026,Medium
219,History,वैदिक काल,2,Set 2 - Basic Questions,Basic Level,वैदिक साहित्य में ‘जन’ का अर्थ सामान्यतः क्या था?,जनजातीय समुदाय,केवल नगर,केवल व्यापारी,केवल सैनिक,A,‘जन’ से समुदाय या जनजातीय समूह का बोध होता है।,General,2026,Easy
220,History,वैदिक काल,2,Set 2 - Basic Questions,Basic Level,वैदिक काल में प्रमुख आर्थिक आधार क्या था?,कृषि और पशुपालन,केवल समुद्री व्यापार,केवल उद्योग,केवल खनन,A,वैदिक समाज में पशुपालन के साथ कृषि का महत्व बढ़ा।,General,2026,Easy
221,History,बौद्ध एवं जैन धर्म,3,Set 3 - Basic Questions,Basic Level,बौद्ध धर्म के संस्थापक कौन माने जाते हैं?,गौतम बुद्ध,महावीर,अशोक,कौटिल्य,A,गौतम बुद्ध ने बौद्ध धर्म की शिक्षाओं का प्रचार किया।,General,2026,Medium
222,History,बौद्ध एवं जैन धर्म,3,Set 3 - Basic Questions,Basic Level,गौतम बुद्ध का जन्म कहाँ हुआ था?,लुंबिनी,सारनाथ,कुशीनगर,राजगीर,A,बुद्ध का जन्म लुंबिनी में हुआ माना जाता है।,General,2026,Easy
223,History,बौद्ध एवं जैन धर्म,3,Set 3 - Basic Questions,Basic Level,बुद्ध को ज्ञान कहाँ प्राप्त हुआ?,बोधगया,सारनाथ,लुंबिनी,कुशीनगर,A,बोधगया में बोधि वृक्ष के नीचे बुद्ध को ज्ञान प्राप्त हुआ।,General,2026,Easy
224,History,बौद्ध एवं जैन धर्म,3,Set 3 - Basic Questions,Basic Level,बुद्ध ने प्रथम उपदेश कहाँ दिया?,सारनाथ,बोधगया,कुशीनगर,वैशाली,A,"बुद्ध ने सारनाथ में प्रथम उपदेश दिया, जिसे धर्मचक्र प्रवर्तन कहा जाता है।",General,2026,Medium
225,History,बौद्ध एवं जैन धर्म,3,Set 3 - Basic Questions,Basic Level,बुद्ध का महापरिनिर्वाण कहाँ हुआ?,कुशीनगर,सारनाथ,लुंबिनी,पाटलिपुत्र,A,बुद्ध का महापरिनिर्वाण कुशीनगर में हुआ।,General,2026,Easy
226,History,बौद्ध एवं जैन धर्म,3,Set 3 - Basic Questions,Basic Level,जैन धर्म के 24वें तीर्थंकर कौन थे?,महावीर,पार्श्वनाथ,ऋषभदेव,नेमिनाथ,A,महावीर जैन धर्म के 24वें तीर्थंकर माने जाते हैं।,General,2026,Easy
227,History,बौद्ध एवं जैन धर्म,3,Set 3 - Basic Questions,Basic Level,महावीर का जन्म किस गणराज्य से संबंधित था?,ज्ञातृक,मौर्य,शाक्य,लिच्छवि,A,महावीर का संबंध ज्ञातृक क्षत्रिय कुल से माना जाता है।,General,2026,Medium
228,History,बौद्ध एवं जैन धर्म,3,Set 3 - Basic Questions,Basic Level,बौद्ध धर्म के चार आर्य सत्य किससे संबंधित हैं?,दुःख और उसके निरोध के मार्ग से,केवल युद्ध से,कृषि से,व्यापार से,A,"चार आर्य सत्य दुःख, उसके कारण, निरोध और निरोधगामिनी प्रतिपदा से संबंधित हैं।",General,2026,Easy
229,History,बौद्ध एवं जैन धर्म,3,Set 3 - Basic Questions,Basic Level,बौद्ध धर्म के अष्टांगिक मार्ग का उद्देश्य क्या है?,दुःख निरोध का मार्ग,राज्य विस्तार,व्यापार वृद्धि,युद्ध प्रशिक्षण,A,अष्टांगिक मार्ग दुःख के निरोध की ओर ले जाने वाला मार्ग है।,General,2026,Easy
230,History,बौद्ध एवं जैन धर्म,3,Set 3 - Basic Questions,Basic Level,जैन धर्म में अहिंसा का क्या महत्व है?,अत्यंत महत्वपूर्ण,कोई महत्व नहीं,केवल युद्ध में,केवल व्यापार में,A,अहिंसा जैन दर्शन के प्रमुख सिद्धांतों में से एक है।,General,2026,Medium
231,History,मौर्य एवं गुप्त काल,4,Set 4 - Basic Questions,Basic Level,मौर्य साम्राज्य के संस्थापक कौन थे?,चंद्रगुप्त मौर्य,अशोक,बिंदुसार,समुद्रगुप्त,A,चंद्रगुप्त मौर्य ने मौर्य साम्राज्य की स्थापना की।,General,2026,Easy
232,History,मौर्य एवं गुप्त काल,4,Set 4 - Basic Questions,Basic Level,चंद्रगुप्त मौर्य के सलाहकार के रूप में कौन प्रसिद्ध हैं?,कौटिल्य,कालिदास,बाणभट्ट,आर्यभट,A,कौटिल्य को चाणक्य/विष्णुगुप्त भी कहा जाता है।,General,2026,Easy
233,History,मौर्य एवं गुप्त काल,4,Set 4 - Basic Questions,Basic Level,‘अर्थशास्त्र’ किससे संबंधित ग्रंथ है?,कौटिल्य,कालिदास,पाणिनि,पतंजलि,A,अर्थशास्त्र परंपरागत रूप से कौटिल्य से संबद्ध है।,General,2026,Medium
234,History,मौर्य एवं गुप्त काल,4,Set 4 - Basic Questions,Basic Level,अशोक किस युद्ध के बाद बौद्ध धर्म की ओर प्रभावित हुए?,कलिंग युद्ध,पानीपत युद्ध,तराइन युद्ध,प्लासी युद्ध,A,कलिंग युद्ध की हिंसा ने अशोक के जीवन और नीतियों पर गहरा प्रभाव डाला।,General,2026,Easy
235,History,मौर्य एवं गुप्त काल,4,Set 4 - Basic Questions,Basic Level,अशोक के अधिकांश अभिलेख किस लिपि में हैं?,ब्राह्मी,देवनागरी,फारसी,रोमन,A,अशोक के अनेक अभिलेख ब्राह्मी लिपि में पाए गए हैं।,General,2026,Easy
236,History,मौर्य एवं गुप्त काल,4,Set 4 - Basic Questions,Basic Level,गुप्त काल को अक्सर किस नाम से जाना जाता है?,स्वर्ण युग,अंधकार युग,औद्योगिक युग,वैज्ञानिक क्रांति युग,A,भारतीय इतिहास की परंपरागत पुस्तकों में गुप्त काल को कला-साहित्य-विज्ञान की उन्नति के कारण स्वर्ण युग कहा जाता है।,General,2026,Medium
237,History,मौर्य एवं गुप्त काल,4,Set 4 - Basic Questions,Basic Level,समुद्रगुप्त की उपलब्धियों का वर्णन किस अभिलेख में मिलता है?,प्रयाग प्रशस्ति,जूनागढ़ अभिलेख,हाथीगुम्फा,नासिक अभिलेख,A,प्रयाग प्रशस्ति समुद्रगुप्त की विजयों का प्रमुख स्रोत है।,General,2026,Easy
238,History,मौर्य एवं गुप्त काल,4,Set 4 - Basic Questions,Basic Level,आर्यभट किस क्षेत्र के लिए प्रसिद्ध हैं?,गणित और खगोल विज्ञान,चित्रकला,संगीत,राजनीति,A,आर्यभट प्राचीन भारतीय गणित और खगोल विज्ञान के प्रमुख विद्वान थे।,General,2026,Easy
239,History,मौर्य एवं गुप्त काल,4,Set 4 - Basic Questions,Basic Level,कालिदास किस क्षेत्र से प्रसिद्ध हैं?,संस्कृत साहित्य,धातुकर्म,चिकित्सा,नौवहन,A,कालिदास संस्कृत के प्रसिद्ध कवि और नाटककार थे।,General,2026,Medium
240,History,मौर्य एवं गुप्त काल,4,Set 4 - Basic Questions,Basic Level,फाह्यान भारत किस काल में आया था?,गुप्त काल,मौर्य काल,सल्तनत काल,मुगल काल,A,चीनी यात्री फाह्यान चंद्रगुप्त द्वितीय के समय भारत आया था।,General,2026,Easy
241,History,मध्यकालीन भारत,5,Set 5 - Basic Questions,Basic Level,भारत में दिल्ली सल्तनत की शुरुआत सामान्यतः किस वंश से मानी जाती है?,गुलाम वंश,खिलजी वंश,तुगलक वंश,लोदी वंश,A,कुतुबुद्दीन ऐबक के साथ दिल्ली सल्तनत का प्रारंभ माना जाता है।,General,2026,Easy
242,History,मध्यकालीन भारत,5,Set 5 - Basic Questions,Basic Level,कुतुबुद्दीन ऐबक किस वंश का संस्थापक था?,गुलाम वंश,खिलजी,तुगलक,सैयद,A,कुतुबुद्दीन ऐबक गुलाम/ममलूक वंश का संस्थापक था।,General,2026,Medium
243,History,मध्यकालीन भारत,5,Set 5 - Basic Questions,Basic Level,कुतुब मीनार का निर्माण किसने आरंभ कराया?,कुतुबुद्दीन ऐबक,अलाउद्दीन खिलजी,इल्तुतमिश,बलबन,A,कुतुबुद्दीन ऐबक ने कुतुब मीनार का निर्माण आरंभ कराया।,General,2026,Easy
244,History,मध्यकालीन भारत,5,Set 5 - Basic Questions,Basic Level,कुतुब मीनार को पूरा कराने में किसका प्रमुख योगदान था?,इल्तुतमिश,बलबन,रजिया,अलाउद्दीन खिलजी,A,इल्तुतमिश ने कुतुब मीनार का निर्माण आगे बढ़ाया।,General,2026,Easy
245,History,मध्यकालीन भारत,5,Set 5 - Basic Questions,Basic Level,दिल्ली की पहली और एकमात्र प्रमुख महिला सुल्तान कौन थी?,रजिया सुल्तान,नूरजहाँ,चाँद बीबी,दुर्गावती,A,रजिया सुल्तान दिल्ली सल्तनत की प्रमुख महिला शासक थीं।,General,2026,Medium
246,History,मध्यकालीन भारत,5,Set 5 - Basic Questions,Basic Level,अलाउद्दीन खिलजी किस नीति के लिए विशेष रूप से प्रसिद्ध था?,बाजार नियंत्रण,स्थायी बंदोबस्त,सहायक संधि,द्वैध शासन,A,अलाउद्दीन खिलजी ने मूल्य और बाजार नियंत्रण की नीतियाँ लागू कीं।,General,2026,Easy
247,History,मध्यकालीन भारत,5,Set 5 - Basic Questions,Basic Level,मुहम्मद बिन तुगलक ने राजधानी कहाँ स्थानांतरित करने का प्रयास किया?,दिल्ली से दौलताबाद,दिल्ली से आगरा,आगरा से दिल्ली,लाहौर से दिल्ली,A,मुहम्मद बिन तुगलक ने दिल्ली से दौलताबाद राजधानी स्थानांतरित करने का प्रयास किया।,General,2026,Easy
248,History,मध्यकालीन भारत,5,Set 5 - Basic Questions,Basic Level,फिरोज शाह तुगलक किस कार्य के लिए प्रसिद्ध है?,नहरों और सार्वजनिक निर्माण,समुद्री विजय,अंग्रेजों से युद्ध,मुगल साम्राज्य की स्थापना,A,फिरोज शाह तुगलक ने नहरों और कई सार्वजनिक निर्माणों को बढ़ावा दिया।,General,2026,Medium
249,History,मध्यकालीन भारत,5,Set 5 - Basic Questions,Basic Level,लोदी वंश का अंतिम शासक कौन था?,इब्राहिम लोदी,सिकंदर लोदी,बहलोल लोदी,दौलत खाँ,A,इब्राहिम लोदी 1526 में प्रथम पानीपत युद्ध में बाबर से पराजित हुआ।,General,2026,Easy
250,History,मध्यकालीन भारत,5,Set 5 - Basic Questions,Basic Level,प्रथम पानीपत का युद्ध किस वर्ष हुआ?,1526,1556,1761,1857,A,1526 में बाबर और इब्राहिम लोदी के बीच प्रथम पानीपत का युद्ध हुआ।,General,2026,Easy
251,History,मुगल काल,6,Set 6 - Practice Questions,Practice Level,मुगल साम्राज्य का संस्थापक कौन था?,बाबर,अकबर,हुमायूँ,जहाँगीर,A,बाबर ने 1526 में पानीपत की विजय के बाद भारत में मुगल सत्ता स्थापित की।,General,2026,Medium
252,History,मुगल काल,6,Set 6 - Practice Questions,Practice Level,बाबर ने भारत में निर्णायक विजय किस युद्ध में प्राप्त की?,प्रथम पानीपत,द्वितीय पानीपत,हल्दीघाटी,प्लासी,A,प्रथम पानीपत के युद्ध में बाबर ने इब्राहिम लोदी को पराजित किया।,General,2026,Easy
253,History,मुगल काल,6,Set 6 - Practice Questions,Practice Level,अकबर का राज्यारोहण किस वर्ष हुआ?,1556,1526,1605,1658,A,हुमायूँ की मृत्यु के बाद 1556 में अकबर गद्दी पर बैठा।,General,2026,Easy
254,History,मुगल काल,6,Set 6 - Practice Questions,Practice Level,अकबर के शासन में भूमि राजस्व व्यवस्था से कौन जुड़ा था?,टोडरमल,बीरबल,तानसेन,अबुल फजल,A,राजा टोडरमल राजस्व व्यवस्था के प्रमुख अधिकारियों में थे।,General,2026,Medium
255,History,मुगल काल,6,Set 6 - Practice Questions,Practice Level,अकबर ने किस नीति के माध्यम से धार्मिक सहिष्णुता को बढ़ावा दिया?,सुलह-ए-कुल,दीन-ए-इलाही ही केवल,जजिया बढ़ाकर,मनसब समाप्त कर,A,सुलह-ए-कुल का अर्थ सभी के साथ शांति/सर्वधर्म समभाव की नीति से जुड़ा है।,General,2026,Easy
256,History,मुगल काल,6,Set 6 - Practice Questions,Practice Level,अकबर के दरबार के प्रसिद्ध संगीतज्ञ कौन थे?,तानसेन,बाबर,बैरम खाँ,मानसिंह,A,तानसेन अकबर के प्रसिद्ध दरबारी संगीतज्ञ थे।,General,2026,Easy
257,History,मुगल काल,6,Set 6 - Practice Questions,Practice Level,‘अकबरनामा’ किसने लिखा?,अबुल फजल,बदायूँनी,फैजी,टोडरमल,A,अबुल फजल ने अकबरनामा की रचना की।,General,2026,Medium
258,History,मुगल काल,6,Set 6 - Practice Questions,Practice Level,जहाँगीर का मूल नाम क्या था?,सलीम,खुर्रम,दारा,मुहम्मद,A,जहाँगीर का राजकुमार नाम सलीम था।,General,2026,Easy
259,History,मुगल काल,6,Set 6 - Practice Questions,Practice Level,शाहजहाँ के शासन की प्रमुख स्थापत्य उपलब्धि कौन-सी है?,ताजमहल,कुतुब मीनार,सांची स्तूप,नालंदा,A,शाहजहाँ के काल में ताजमहल का निर्माण हुआ।,General,2026,Easy
260,History,मुगल काल,6,Set 6 - Practice Questions,Practice Level,औरंगजेब का शासनकाल सामान्यतः किस अवधि में था?,1658-1707,1556-1605,1605-1627,1526-1530,A,औरंगजेब 1658 से 1707 तक मुगल सम्राट रहा।,General,2026,Medium
261,History,भक्ति एवं सूफी आंदोलन,7,Set 7 - Practice Questions,Practice Level,कबीर किस प्रकार की भक्ति के लिए प्रसिद्ध हैं?,निर्गुण भक्ति,केवल सगुण भक्ति,राजभक्ति,युद्ध भक्ति,A,कबीर निर्गुण भक्ति और सामाजिक रूढ़ियों की आलोचना के लिए प्रसिद्ध हैं।,General,2026,Easy
262,History,भक्ति एवं सूफी आंदोलन,7,Set 7 - Practice Questions,Practice Level,गुरु नानक किस धार्मिक परंपरा के प्रमुख प्रवर्तक थे?,सिख धर्म,जैन धर्म,बौद्ध धर्म,पारसी धर्म,A,गुरु नानक सिख परंपरा के प्रथम गुरु माने जाते हैं।,General,2026,Easy
263,History,भक्ति एवं सूफी आंदोलन,7,Set 7 - Practice Questions,Practice Level,मीराबाई किसकी भक्ति के लिए प्रसिद्ध हैं?,कृष्ण,शिव,बुद्ध,सूर्य,A,मीराबाई कृष्ण भक्ति की प्रसिद्ध संत-कवयित्री थीं।,General,2026,Medium
264,History,भक्ति एवं सूफी आंदोलन,7,Set 7 - Practice Questions,Practice Level,तुलसीदास की प्रसिद्ध रचना कौन-सी है?,रामचरितमानस,पद्मावत,सूरसागर,गीत गोविंद,A,तुलसीदास ने रामचरितमानस की रचना की।,General,2026,Easy
265,History,भक्ति एवं सूफी आंदोलन,7,Set 7 - Practice Questions,Practice Level,सूरदास किस काव्य परंपरा से विशेष रूप से जुड़े हैं?,कृष्ण भक्ति,सूफी कविता,वीरगाथा,आधुनिक गद्य,A,सूरदास कृष्ण भक्ति और ब्रजभाषा काव्य के लिए प्रसिद्ध हैं।,General,2026,Easy
266,History,भक्ति एवं सूफी आंदोलन,7,Set 7 - Practice Questions,Practice Level,चैतन्य महाप्रभु किस भक्ति परंपरा से जुड़े थे?,कृष्ण भक्ति,शैव भक्ति,बौद्ध धर्म,जैन धर्म,A,चैतन्य महाप्रभु कृष्ण-भक्ति आंदोलन के प्रमुख संत थे।,General,2026,Medium
267,History,भक्ति एवं सूफी आंदोलन,7,Set 7 - Practice Questions,Practice Level,सूफी परंपरा मुख्यतः किस पर बल देती है?,आध्यात्मिक प्रेम और ईश्वर से निकटता,सैन्य विस्तार,व्यापार,राजस्व संग्रह,A,सूफी परंपरा में आध्यात्मिक प्रेम और ईश्वर से मिलन पर जोर दिया जाता है।,General,2026,Easy
268,History,भक्ति एवं सूफी आंदोलन,7,Set 7 - Practice Questions,Practice Level,ख्वाजा मोइनुद्दीन चिश्ती किस स्थान से विशेष रूप से जुड़े हैं?,अजमेर,दिल्ली,आगरा,लाहौर,A,ख्वाजा मोइनुद्दीन चिश्ती की दरगाह अजमेर में है।,General,2026,Easy
269,History,भक्ति एवं सूफी आंदोलन,7,Set 7 - Practice Questions,Practice Level,भक्ति आंदोलन का एक प्रमुख प्रभाव क्या था?,लोकभाषाओं में धार्मिक साहित्य का विकास,केवल राजभाषा का विकास,समुद्री व्यापार में वृद्धि,सैन्य तकनीक का विकास,A,भक्ति संतों ने विभिन्न लोकभाषाओं में धार्मिक और सामाजिक संदेश दिए।,General,2026,Medium
270,History,भक्ति एवं सूफी आंदोलन,7,Set 7 - Practice Questions,Practice Level,‘पद्मावत’ के रचयिता कौन थे?,मलिक मुहम्मद जायसी,तुलसीदास,सूरदास,कबीर,A,मलिक मुहम्मद जायसी ने अवधी में पद्मावत की रचना की।,General,2026,Easy
271,History,आधुनिक भारत,8,Set 8 - Practice Questions,Practice Level,प्लासी का युद्ध किस वर्ष हुआ?,1757,1764,1857,1748,A,1757 में अंग्रेजी ईस्ट इंडिया कंपनी और सिराजुद्दौला के बीच प्लासी का युद्ध हुआ।,General,2026,Easy
272,History,आधुनिक भारत,8,Set 8 - Practice Questions,Practice Level,बक्सर का युद्ध किस वर्ष हुआ?,1764,1757,1857,1773,A,1764 में बक्सर का युद्ध हुआ।,General,2026,Medium
273,History,आधुनिक भारत,8,Set 8 - Practice Questions,Practice Level,स्थायी बंदोबस्त किसने लागू किया?,लॉर्ड कॉर्नवालिस,लॉर्ड डलहौजी,लॉर्ड वेलेजली,लॉर्ड कर्जन,A,1793 में कॉर्नवालिस के समय स्थायी बंदोबस्त लागू हुआ।,General,2026,Easy
274,History,आधुनिक भारत,8,Set 8 - Practice Questions,Practice Level,सहायक संधि की नीति किससे संबंधित है?,लॉर्ड वेलेजली,लॉर्ड डलहौजी,लॉर्ड रिपन,लॉर्ड कैनिंग,A,वेलेजली ने सहायक संधि की नीति का व्यापक उपयोग किया।,General,2026,Easy
275,History,आधुनिक भारत,8,Set 8 - Practice Questions,Practice Level,व्यपगत का सिद्धांत किससे जुड़ा है?,लॉर्ड डलहौजी,लॉर्ड वेलेजली,लॉर्ड रिपन,लॉर्ड मिंटो,A,डलहौजी ने दत्तक उत्तराधिकारी वाले राज्यों के विलय के लिए इस नीति का उपयोग किया।,General,2026,Medium
276,History,आधुनिक भारत,8,Set 8 - Practice Questions,Practice Level,1857 का विद्रोह कहाँ से शुरू हुआ?,मेरठ,दिल्ली,कानपुर,लखनऊ,A,10 मई 1857 को मेरठ में सैनिक विद्रोह हुआ और आंदोलन तेजी से फैला।,General,2026,Easy
277,History,आधुनिक भारत,8,Set 8 - Practice Questions,Practice Level,भारतीय राष्ट्रीय कांग्रेस की स्थापना किस वर्ष हुई?,1885,1905,1919,1942,A,भारतीय राष्ट्रीय कांग्रेस की स्थापना 1885 में हुई।,General,2026,Easy
278,History,आधुनिक भारत,8,Set 8 - Practice Questions,Practice Level,भारतीय राष्ट्रीय कांग्रेस के प्रथम अध्यक्ष कौन थे?,डब्ल्यू. सी. बनर्जी,दादाभाई नौरोजी,गोपाल कृष्ण गोखले,बाल गंगाधर तिलक,A,डब्ल्यू. सी. बनर्जी कांग्रेस के प्रथम अध्यक्ष थे।,General,2026,Medium
279,History,आधुनिक भारत,8,Set 8 - Practice Questions,Practice Level,बंगाल विभाजन किस वर्ष हुआ?,1905,1911,1920,1947,A,लॉर्ड कर्जन के समय 1905 में बंगाल विभाजन हुआ।,General,2026,Easy
280,History,आधुनिक भारत,8,Set 8 - Practice Questions,Practice Level,जलियांवाला बाग हत्याकांड किस वर्ष हुआ?,1919,1905,1922,1930,A,13 अप्रैल 1919 को अमृतसर के जलियांवाला बाग में गोलीकांड हुआ।,General,2026,Easy
281,History,आधुनिक भारत,9,Set 9 - Practice Questions,Practice Level,असहयोग आंदोलन किस वर्ष शुरू हुआ?,1920,1919,1930,1942,A,महात्मा गांधी के नेतृत्व में असहयोग आंदोलन 1920 में शुरू हुआ।,General,2026,Medium
282,History,आधुनिक भारत,9,Set 9 - Practice Questions,Practice Level,दांडी मार्च किस आंदोलन से संबंधित था?,सविनय अवज्ञा आंदोलन,असहयोग आंदोलन,भारत छोड़ो आंदोलन,स्वदेशी आंदोलन,A,1930 का दांडी मार्च नमक कानून के विरोध और सविनय अवज्ञा आंदोलन से जुड़ा था।,General,2026,Easy
283,History,आधुनिक भारत,9,Set 9 - Practice Questions,Practice Level,भारत छोड़ो आंदोलन किस वर्ष शुरू हुआ?,1942,1930,1920,1947,A,अगस्त 1942 में भारत छोड़ो आंदोलन का आह्वान किया गया।,General,2026,Easy
284,History,आधुनिक भारत,9,Set 9 - Practice Questions,Practice Level,भारत छोड़ो आंदोलन का प्रमुख नारा क्या था?,करो या मरो,जय जवान जय किसान,स्वराज मेरा जन्मसिद्ध अधिकार है,दिल्ली चलो,A,भारत छोड़ो आंदोलन के दौरान गांधीजी ने ‘करो या मरो’ का संदेश दिया।,General,2026,Medium
285,History,आधुनिक भारत,9,Set 9 - Practice Questions,Practice Level,आजाद हिंद फौज से कौन प्रमुख रूप से जुड़े थे?,सुभाष चंद्र बोस,दादाभाई नौरोजी,गोपाल कृष्ण गोखले,राजा राममोहन राय,A,सुभाष चंद्र बोस ने आजाद हिंद फौज के नेतृत्व को प्रमुख रूप से संगठित किया।,General,2026,Easy
286,History,आधुनिक भारत,9,Set 9 - Practice Questions,Practice Level,‘स्वराज मेरा जन्मसिद्ध अधिकार है’ किससे जुड़ा है?,बाल गंगाधर तिलक,महात्मा गांधी,जवाहरलाल नेहरू,सरदार पटेल,A,यह प्रसिद्ध उद्घोष बाल गंगाधर तिलक से जुड़ा है।,General,2026,Easy
287,History,आधुनिक भारत,9,Set 9 - Practice Questions,Practice Level,साइमन कमीशन भारत कब आया?,1928,1919,1935,1942,A,साइमन कमीशन 1928 में भारत आया और इसके विरोध में व्यापक आंदोलन हुआ।,General,2026,Medium
288,History,आधुनिक भारत,9,Set 9 - Practice Questions,Practice Level,पूर्ण स्वराज्य का प्रस्ताव कांग्रेस के किस अधिवेशन में प्रमुख रूप से स्वीकार किया गया?,"लाहौर अधिवेशन, 1929","सूरत अधिवेशन, 1907","कलकत्ता अधिवेशन, 1906","लखनऊ अधिवेशन, 1916",A,1929 के लाहौर अधिवेशन में पूर्ण स्वराज्य को लक्ष्य बनाया गया।,General,2026,Easy
289,History,आधुनिक भारत,9,Set 9 - Practice Questions,Practice Level,भारत का स्वतंत्रता दिवस कब मनाया जाता है?,15 अगस्त,26 जनवरी,2 अक्टूबर,14 नवंबर,A,भारत 15 अगस्त 1947 को स्वतंत्र हुआ।,General,2026,Easy
290,History,आधुनिक भारत,9,Set 9 - Practice Questions,Practice Level,भारतीय संविधान कब अपनाया गया?,26 नवंबर 1949,15 अगस्त 1947,26 जनवरी 1950,2 अक्टूबर 1949,A,संविधान सभा ने संविधान को 26 नवंबर 1949 को अपनाया।,General,2026,Medium
291,History,प्राचीन भारत,10,Set 10 - Practice Questions,Practice Level,नालंदा विश्वविद्यालय किस प्राचीन शिक्षा केंद्र के रूप में प्रसिद्ध था?,बौद्ध शिक्षा केंद्र,केवल सैन्य केंद्र,समुद्री बंदरगाह,मुगल प्रशासनिक केंद्र,A,नालंदा प्राचीन भारत का प्रसिद्ध बौद्ध शिक्षा केंद्र था।,General,2026,Easy
292,History,प्राचीन भारत,10,Set 10 - Practice Questions,Practice Level,पाणिनि किस क्षेत्र के लिए प्रसिद्ध हैं?,व्याकरण,खगोल विज्ञान,चित्रकला,राजनीति,A,पाणिनि संस्कृत व्याकरण के महान विद्वान थे।,General,2026,Easy
293,History,प्राचीन भारत,10,Set 10 - Practice Questions,Practice Level,‘अष्टाध्यायी’ के रचयिता कौन माने जाते हैं?,पाणिनि,पतंजलि,कौटिल्य,कालिदास,A,"अष्टाध्यायी संस्कृत व्याकरण का प्रसिद्ध ग्रंथ है, जिसके रचयिता पाणिनि माने जाते हैं।",General,2026,Medium
294,History,प्राचीन भारत,10,Set 10 - Practice Questions,Practice Level,सांची स्तूप किस धर्म से संबंधित है?,बौद्ध धर्म,जैन धर्म,सिख धर्म,पारसी धर्म,A,सांची स्तूप बौद्ध स्थापत्य का प्रसिद्ध स्मारक है।,General,2026,Easy
295,History,प्राचीन भारत,10,Set 10 - Practice Questions,Practice Level,अजंता की गुफाएँ किसके लिए प्रसिद्ध हैं?,बौद्ध चित्रकला,मुगल चित्रकला,राजपूत किले,चोल मंदिर,A,अजंता की गुफाएँ बौद्ध विषयों पर आधारित प्राचीन चित्रों के लिए प्रसिद्ध हैं।,General,2026,Easy
296,History,प्राचीन भारत,10,Set 10 - Practice Questions,Practice Level,एलोरा की गुफाएँ किस बात के लिए विशेष हैं?,"बौद्ध, जैन और हिंदू स्थापत्य",केवल बौद्ध स्थापत्य,केवल मुगल स्थापत्य,केवल औपनिवेशिक स्थापत्य,A,"एलोरा में बौद्ध, जैन और हिंदू परंपराओं से जुड़े स्मारक हैं।",General,2026,Medium
297,History,प्राचीन भारत,10,Set 10 - Practice Questions,Practice Level,चरक किस क्षेत्र से संबंधित थे?,चिकित्सा,खगोल विज्ञान,संगीत,राजनीति,A,चरक आयुर्वेद और चिकित्सा परंपरा के प्रसिद्ध आचार्य थे।,General,2026,Easy
298,History,प्राचीन भारत,10,Set 10 - Practice Questions,Practice Level,सुश्रुत किस क्षेत्र के लिए प्रसिद्ध हैं?,शल्य चिकित्सा,संगीत,व्याकरण,चित्रकला,A,सुश्रुत को प्राचीन भारतीय शल्य चिकित्सा परंपरा से जोड़ा जाता है।,General,2026,Easy
299,History,मध्यकालीन भारत,10,Set 10 - Practice Questions,Practice Level,विजयनगर साम्राज्य की राजधानी क्या थी?,हम्पी,दिल्ली,आगरा,पाटलिपुत्र,A,हम्पी विजयनगर साम्राज्य का प्रमुख राजधानी क्षेत्र था।,General,2026,Medium
300,History,मध्यकालीन भारत,10,Set 10 - Practice Questions,Practice Level,विजयनगर साम्राज्य की स्थापना किसने की थी?,हरिहर और बुक्का,बाबर और हुमायूँ,अकबर और बीरबल,इल्तुतमिश और बलबन,A,हरिहर और बुक्का ने विजयनगर साम्राज्य की स्थापना की।,General,2026,Easy
301,Hindi,संधि,2,Set 2 - Practice,Practice Level,‘देवालय’ में कौन-सी संधि है?,वृद्धि संधि,यण संधि,दीर्घ संधि,गुण संधि,C,‘देवालय’ का विग्रह देव + आलय है; इसमें दीर्घ संधि होती है।,,,Medium
302,Hindi,संधि,2,Set 2 - Practice,Practice Level,‘देवालय’ का संधि-विच्छेद क्या है?,सु + आगत,सदा + एव,सत् + आचार,देव + आलय,D,‘देवालय’ का सही संधि-विच्छेद देव + आलय है।,,,Medium
303,Hindi,संधि,2,Set 2 - Practice,Practice Level,‘महेश’ में कौन-सी संधि है?,विसर्ग संधि,यण संधि,दीर्घ संधि,गुण संधि,D,‘महेश’ का विग्रह महा + ईश है; इसमें गुण संधि होती है।,,,Medium
304,Hindi,संधि,2,Set 2 - Practice,Practice Level,‘महेश’ का संधि-विच्छेद क्या है?,प्रति + एक,सत् + आचार,अति + अधिक,महा + ईश,D,‘महेश’ का सही संधि-विच्छेद महा + ईश है।,,,Medium
305,Hindi,संधि,2,Set 2 - Practice,Practice Level,‘नरेन्द्र’ में कौन-सी संधि है?,गुण संधि,यण संधि,व्यंजन संधि,वृद्धि संधि,A,‘नरेन्द्र’ का विग्रह नर + इन्द्र है; इसमें गुण संधि होती है।,,,Medium
306,Hindi,संधि,2,Set 2 - Practice,Practice Level,‘नरेन्द्र’ का संधि-विच्छेद क्या है?,मनः + हर,नर + इन्द्र,जगत् + ईश,अति + अधिक,B,‘नरेन्द्र’ का सही संधि-विच्छेद नर + इन्द्र है।,,,Medium
307,Hindi,संधि,2,Set 2 - Practice,Practice Level,‘महोत्सव’ में कौन-सी संधि है?,गुण संधि,दीर्घ संधि,वृद्धि संधि,यण संधि,A,‘महोत्सव’ का विग्रह महा + उत्सव है; इसमें गुण संधि होती है।,,,Medium
308,Hindi,संधि,2,Set 2 - Practice,Practice Level,‘महोत्सव’ का संधि-विच्छेद क्या है?,हित + उपदेश,महा + उत्सव,अभि + उदय,प्रति + एक,B,‘महोत्सव’ का सही संधि-विच्छेद महा + उत्सव है।,,,Medium
309,Hindi,संधि,2,Set 2 - Practice,Practice Level,‘सदैव’ में कौन-सी संधि है?,वृद्धि संधि,गुण संधि,विसर्ग संधि,व्यंजन संधि,A,‘सदैव’ का विग्रह सदा + एव है; इसमें वृद्धि संधि होती है।,,,Medium
310,Hindi,संधि,2,Set 2 - Practice,Practice Level,‘सदैव’ का संधि-विच्छेद क्या है?,वाक् + ईश,इति + आदि,महा + उत्सव,सदा + एव,D,‘सदैव’ का सही संधि-विच्छेद सदा + एव है।,,,Medium
311,Hindi,संधि,3,Set 3 - Practice,Practice Level,‘तथैव’ में कौन-सी संधि है?,व्यंजन संधि,यण संधि,गुण संधि,वृद्धि संधि,D,‘तथैव’ का विग्रह तथा + एव है; इसमें वृद्धि संधि होती है।,,,Medium
312,Hindi,संधि,3,Set 3 - Practice,Practice Level,‘तथैव’ का संधि-विच्छेद क्या है?,वाक् + ईश,महा + उत्सव,तथा + एव,सु + आगत,C,‘तथैव’ का सही संधि-विच्छेद तथा + एव है।,,,Medium
313,Hindi,संधि,3,Set 3 - Practice,Practice Level,‘प्रत्येक’ में कौन-सी संधि है?,गुण संधि,दीर्घ संधि,यण संधि,वृद्धि संधि,C,‘प्रत्येक’ का विग्रह प्रति + एक है; इसमें यण संधि होती है।,,,Medium
314,Hindi,संधि,3,Set 3 - Practice,Practice Level,‘प्रत्येक’ का संधि-विच्छेद क्या है?,इति + आदि,प्रति + एक,दिक् + गज,अति + अधिक,B,‘प्रत्येक’ का सही संधि-विच्छेद प्रति + एक है।,,,Medium
315,Hindi,संधि,3,Set 3 - Practice,Practice Level,‘अत्यधिक’ में कौन-सी संधि है?,यण संधि,वृद्धि संधि,गुण संधि,विसर्ग संधि,A,‘अत्यधिक’ का विग्रह अति + अधिक है; इसमें यण संधि होती है।,,,Medium
316,Hindi,संधि,3,Set 3 - Practice,Practice Level,‘अत्यधिक’ का संधि-विच्छेद क्या है?,अति + अधिक,सदा + एव,निः + कपट,तथा + एव,A,‘अत्यधिक’ का सही संधि-विच्छेद अति + अधिक है।,,,Medium
317,Hindi,संधि,3,Set 3 - Practice,Practice Level,‘इत्यादि’ में कौन-सी संधि है?,विसर्ग संधि,गुण संधि,यण संधि,व्यंजन संधि,C,‘इत्यादि’ का विग्रह इति + आदि है; इसमें यण संधि होती है।,,,Medium
318,Hindi,संधि,3,Set 3 - Practice,Practice Level,‘इत्यादि’ का संधि-विच्छेद क्या है?,इति + आदि,निः + कपट,सदा + एव,सत् + जन,A,‘इत्यादि’ का सही संधि-विच्छेद इति + आदि है।,,,Medium
319,Hindi,संधि,3,Set 3 - Practice,Practice Level,‘अभ्युदय’ में कौन-सी संधि है?,यण संधि,वृद्धि संधि,व्यंजन संधि,गुण संधि,A,‘अभ्युदय’ का विग्रह अभि + उदय है; इसमें यण संधि होती है।,,,Medium
320,Hindi,संधि,3,Set 3 - Practice,Practice Level,‘अभ्युदय’ का संधि-विच्छेद क्या है?,अभि + उदय,दिक् + गज,अति + अधिक,निः + कपट,A,‘अभ्युदय’ का सही संधि-विच्छेद अभि + उदय है।,,,Medium
321,Hindi,संधि,4,Set 4 - Practice,Practice Level,‘स्वागत’ में कौन-सी संधि है?,दीर्घ संधि,गुण संधि,विसर्ग संधि,यण संधि,D,‘स्वागत’ का विग्रह सु + आगत है; इसमें यण संधि होती है।,,,Medium
322,Hindi,संधि,4,Set 4 - Practice,Practice Level,‘स्वागत’ का संधि-विच्छेद क्या है?,सु + आगत,प्रति + एक,दिक् + गज,जगत् + ईश,A,‘स्वागत’ का सही संधि-विच्छेद सु + आगत है।,,,Medium
323,Hindi,संधि,4,Set 4 - Practice,Practice Level,‘परोपकार’ में कौन-सी संधि है?,व्यंजन संधि,गुण संधि,वृद्धि संधि,दीर्घ संधि,B,‘परोपकार’ का विग्रह पर + उपकार है; इसमें गुण संधि होती है।,,,Medium
324,Hindi,संधि,4,Set 4 - Practice,Practice Level,‘परोपकार’ का संधि-विच्छेद क्या है?,पर + उपकार,महा + ईश,देव + आलय,सदा + एव,A,‘परोपकार’ का सही संधि-विच्छेद पर + उपकार है।,,,Medium
325,Hindi,संधि,4,Set 4 - Practice,Practice Level,‘हितोपदेश’ में कौन-सी संधि है?,गुण संधि,यण संधि,वृद्धि संधि,दीर्घ संधि,A,‘हितोपदेश’ का विग्रह हित + उपदेश है; इसमें गुण संधि होती है।,,,Medium
326,Hindi,संधि,4,Set 4 - Practice,Practice Level,‘हितोपदेश’ का संधि-विच्छेद क्या है?,हित + उपदेश,अति + अधिक,महा + उत्सव,सत् + आचार,A,‘हितोपदेश’ का सही संधि-विच्छेद हित + उपदेश है।,,,Medium
327,Hindi,संधि,4,Set 4 - Practice,Practice Level,‘जगदीश’ में कौन-सी संधि है?,विसर्ग संधि,व्यंजन संधि,वृद्धि संधि,दीर्घ संधि,B,‘जगदीश’ का विग्रह जगत् + ईश है; इसमें व्यंजन संधि होती है।,,,Medium
328,Hindi,संधि,4,Set 4 - Practice,Practice Level,‘जगदीश’ का संधि-विच्छेद क्या है?,महा + उत्सव,जगत् + ईश,हित + उपदेश,प्रति + एक,B,‘जगदीश’ का सही संधि-विच्छेद जगत् + ईश है।,,,Medium
329,Hindi,संधि,4,Set 4 - Practice,Practice Level,‘सज्जन’ में कौन-सी संधि है?,यण संधि,व्यंजन संधि,गुण संधि,विसर्ग संधि,B,‘सज्जन’ का विग्रह सत् + जन है; इसमें व्यंजन संधि होती है।,,,Medium
330,Hindi,संधि,4,Set 4 - Practice,Practice Level,‘सज्जन’ का संधि-विच्छेद क्या है?,अति + अधिक,अभि + उदय,देव + आलय,सत् + जन,D,‘सज्जन’ का सही संधि-विच्छेद सत् + जन है।,,,Medium
331,Hindi,संधि,5,Set 5 - Practice,Practice Level,‘दिग्गज’ में कौन-सी संधि है?,यण संधि,दीर्घ संधि,व्यंजन संधि,वृद्धि संधि,C,‘दिग्गज’ का विग्रह दिक् + गज है; इसमें व्यंजन संधि होती है।,,,Medium
332,Hindi,संधि,5,Set 5 - Practice,Practice Level,‘दिग्गज’ का संधि-विच्छेद क्या है?,महा + उत्सव,सत् + जन,सदा + एव,दिक् + गज,D,‘दिग्गज’ का सही संधि-विच्छेद दिक् + गज है।,,,Medium
333,Hindi,संधि,5,Set 5 - Practice,Practice Level,‘वागीश’ में कौन-सी संधि है?,गुण संधि,व्यंजन संधि,दीर्घ संधि,वृद्धि संधि,B,‘वागीश’ का विग्रह वाक् + ईश है; इसमें व्यंजन संधि होती है।,,,Medium
334,Hindi,संधि,5,Set 5 - Practice,Practice Level,‘वागीश’ का संधि-विच्छेद क्या है?,वाक् + ईश,सु + आगत,सत् + जन,जगत् + ईश,A,‘वागीश’ का सही संधि-विच्छेद वाक् + ईश है।,,,Medium
335,Hindi,संधि,5,Set 5 - Practice,Practice Level,‘सदाचार’ में कौन-सी संधि है?,विसर्ग संधि,यण संधि,व्यंजन संधि,दीर्घ संधि,C,‘सदाचार’ का विग्रह सत् + आचार है; इसमें व्यंजन संधि होती है।,,,Medium
336,Hindi,संधि,5,Set 5 - Practice,Practice Level,‘सदाचार’ का संधि-विच्छेद क्या है?,सत् + आचार,सत् + जन,तथा + एव,देव + आलय,A,‘सदाचार’ का सही संधि-विच्छेद सत् + आचार है।,,,Medium
337,Hindi,संधि,5,Set 5 - Practice,Practice Level,‘मनोहर’ में कौन-सी संधि है?,वृद्धि संधि,विसर्ग संधि,व्यंजन संधि,गुण संधि,B,‘मनोहर’ का विग्रह मनः + हर है; इसमें विसर्ग संधि होती है।,,,Medium
338,Hindi,संधि,5,Set 5 - Practice,Practice Level,‘मनोहर’ का संधि-विच्छेद क्या है?,पर + उपकार,निः + कपट,मनः + हर,सु + आगत,C,‘मनोहर’ का सही संधि-विच्छेद मनः + हर है।,,,Medium
339,Hindi,संधि,5,Set 5 - Practice,Practice Level,‘निष्कपट’ में कौन-सी संधि है?,व्यंजन संधि,गुण संधि,विसर्ग संधि,दीर्घ संधि,C,‘निष्कपट’ का विग्रह निः + कपट है; इसमें विसर्ग संधि होती है।,,,Medium
340,Hindi,संधि,5,Set 5 - Practice,Practice Level,‘निष्कपट’ का संधि-विच्छेद क्या है?,मनः + हर,निः + कपट,सत् + आचार,पर + उपकार,B,‘निष्कपट’ का सही संधि-विच्छेद निः + कपट है।,,,Medium
341,Hindi,समास,2,Set 2 - Practice,Practice Level,‘राजपुत्र’ में कौन-सा समास है?,अव्ययीभाव,द्वंद्व,कर्मधारय,तत्पुरुष,D,"‘राजपुत्र’ का विग्रह राजा का पुत्र है, इसलिए यह तत्पुरुष है।",,,Medium
342,Hindi,समास,2,Set 2 - Practice,Practice Level,‘राजपुत्र’ का सही समास-विग्रह क्या है?,महान पुरुष,मरण तक,राजा का पुत्र,दस आनन हैं जिसके,C,सही विग्रह: राजा का पुत्र।,,,Medium
343,Hindi,समास,2,Set 2 - Practice,Practice Level,‘राजमहल’ में कौन-सा समास है?,अव्ययीभाव,बहुव्रीहि,कर्मधारय,तत्पुरुष,D,"‘राजमहल’ का विग्रह राजा का महल है, इसलिए यह तत्पुरुष है।",,,Medium
344,Hindi,समास,2,Set 2 - Practice,Practice Level,‘राजमहल’ का सही समास-विग्रह क्या है?,माता और पिता,राजा की सभा,प्रति दिन,राजा का महल,D,सही विग्रह: राजा का महल।,,,Medium
345,Hindi,समास,2,Set 2 - Practice,Practice Level,‘ग्रामवासी’ में कौन-सा समास है?,अव्ययीभाव,द्वंद्व,कर्मधारय,तत्पुरुष,D,"‘ग्रामवासी’ का विग्रह ग्राम में वास करने वाला है, इसलिए यह तत्पुरुष है।",,,Medium
346,Hindi,समास,2,Set 2 - Practice,Practice Level,‘ग्रामवासी’ का सही समास-विग्रह क्या है?,ग्राम में वास करने वाला,शक्ति के अनुसार,दस आनन हैं जिसके,महान आत्मा,A,सही विग्रह: ग्राम में वास करने वाला।,,,Medium
347,Hindi,समास,2,Set 2 - Practice,Practice Level,‘नीलकमल’ में कौन-सा समास है?,कर्मधारय,बहुव्रीहि,अव्ययीभाव,द्वंद्व,A,"‘नीलकमल’ का विग्रह नीला कमल है, इसलिए यह कर्मधारय है।",,,Medium
348,Hindi,समास,2,Set 2 - Practice,Practice Level,‘नीलकमल’ का सही समास-विग्रह क्या है?,ग्राम में वास करने वाला,पेट भरकर,नीला कमल,लंबा उदर है जिसका,C,सही विग्रह: नीला कमल।,,,Medium
349,Hindi,समास,2,Set 2 - Practice,Practice Level,‘महापुरुष’ में कौन-सा समास है?,कर्मधारय,तत्पुरुष,अव्ययीभाव,बहुव्रीहि,A,"‘महापुरुष’ का विग्रह महान पुरुष है, इसलिए यह कर्मधारय है।",,,Medium
350,Hindi,समास,2,Set 2 - Practice,Practice Level,‘महापुरुष’ का सही समास-विग्रह क्या है?,मरण तक,पेट भरकर,महान पुरुष,शक्ति के अनुसार,C,सही विग्रह: महान पुरुष।,,,Medium
351,Hindi,समास,3,Set 3 - Practice,Practice Level,‘पीताम्बर’ में कौन-सा समास है?,द्वंद्व,बहुव्रीहि,तत्पुरुष,कर्मधारय,B,"‘पीताम्बर’ का विग्रह पीत है अम्बर जिसका है, इसलिए यह बहुव्रीहि है।",,,Medium
352,Hindi,समास,3,Set 3 - Practice,Practice Level,‘पीताम्बर’ का सही समास-विग्रह क्या है?,गृह में प्रवेश,पीत है अम्बर जिसका,सुख और दुःख,माता और पिता,B,सही विग्रह: पीत है अम्बर जिसका।,,,Medium
353,Hindi,समास,3,Set 3 - Practice,Practice Level,‘दशानन’ में कौन-सा समास है?,तत्पुरुष,बहुव्रीहि,द्वंद्व,अव्ययीभाव,B,"‘दशानन’ का विग्रह दस आनन हैं जिसके है, इसलिए यह बहुव्रीहि है।",,,Medium
354,Hindi,समास,3,Set 3 - Practice,Practice Level,‘दशानन’ का सही समास-विग्रह क्या है?,दस आनन हैं जिसके,महान पुरुष,गृह में प्रवेश,महान आत्मा,A,सही विग्रह: दस आनन हैं जिसके।,,,Medium
355,Hindi,समास,3,Set 3 - Practice,Practice Level,‘चतुर्भुज’ में कौन-सा समास है?,कर्मधारय,तत्पुरुष,बहुव्रीहि,अव्ययीभाव,C,"‘चतुर्भुज’ का विग्रह चार भुजाएँ हैं जिसके है, इसलिए यह बहुव्रीहि है।",,,Medium
356,Hindi,समास,3,Set 3 - Practice,Practice Level,‘चतुर्भुज’ का सही समास-विग्रह क्या है?,दस आनन हैं जिसके,पेट भरकर,चार भुजाएँ हैं जिसके,राजा की सभा,C,सही विग्रह: चार भुजाएँ हैं जिसके।,,,Medium
357,Hindi,समास,3,Set 3 - Practice,Practice Level,‘माता-पिता’ में कौन-सा समास है?,कर्मधारय,द्वंद्व,अव्ययीभाव,बहुव्रीहि,B,"‘माता-पिता’ का विग्रह माता और पिता है, इसलिए यह द्वंद्व है।",,,Medium
358,Hindi,समास,3,Set 3 - Practice,Practice Level,‘माता-पिता’ का सही समास-विग्रह क्या है?,मरण तक,महान आत्मा,माता और पिता,दिन और रात,C,सही विग्रह: माता और पिता।,,,Medium
359,Hindi,समास,3,Set 3 - Practice,Practice Level,‘दिन-रात’ में कौन-सा समास है?,अव्ययीभाव,द्वंद्व,बहुव्रीहि,तत्पुरुष,B,"‘दिन-रात’ का विग्रह दिन और रात है, इसलिए यह द्वंद्व है।",,,Medium
360,Hindi,समास,3,Set 3 - Practice,Practice Level,‘दिन-रात’ का सही समास-विग्रह क्या है?,गृह में प्रवेश,राजा की सभा,सुख और दुःख,दिन और रात,D,सही विग्रह: दिन और रात।,,,Medium
361,Hindi,समास,4,Set 4 - Practice,Practice Level,‘सुख-दुःख’ में कौन-सा समास है?,बहुव्रीहि,तत्पुरुष,कर्मधारय,द्वंद्व,D,"‘सुख-दुःख’ का विग्रह सुख और दुःख है, इसलिए यह द्वंद्व है।",,,Medium
362,Hindi,समास,4,Set 4 - Practice,Practice Level,‘सुख-दुःख’ का सही समास-विग्रह क्या है?,सुख और दुःख,राजा की सभा,मरण तक,पेट भरकर,A,सही विग्रह: सुख और दुःख।,,,Medium
363,Hindi,समास,4,Set 4 - Practice,Practice Level,‘यथाशक्ति’ में कौन-सा समास है?,बहुव्रीहि,अव्ययीभाव,द्वंद्व,कर्मधारय,B,"‘यथाशक्ति’ का विग्रह शक्ति के अनुसार है, इसलिए यह अव्ययीभाव है।",,,Medium
364,Hindi,समास,4,Set 4 - Practice,Practice Level,‘यथाशक्ति’ का सही समास-विग्रह क्या है?,शक्ति के अनुसार,दिन और रात,महान पुरुष,मरण तक,A,सही विग्रह: शक्ति के अनुसार।,,,Medium
365,Hindi,समास,4,Set 4 - Practice,Practice Level,‘प्रतिदिन’ में कौन-सा समास है?,कर्मधारय,द्वंद्व,अव्ययीभाव,बहुव्रीहि,C,"‘प्रतिदिन’ का विग्रह प्रति दिन है, इसलिए यह अव्ययीभाव है।",,,Medium
366,Hindi,समास,4,Set 4 - Practice,Practice Level,‘प्रतिदिन’ का सही समास-विग्रह क्या है?,महान पुरुष,प्रति दिन,नीला कमल,मरण तक,B,सही विग्रह: प्रति दिन।,,,Medium
367,Hindi,समास,4,Set 4 - Practice,Practice Level,‘भरपेट’ में कौन-सा समास है?,अव्ययीभाव,कर्मधारय,द्वंद्व,तत्पुरुष,A,"‘भरपेट’ का विग्रह पेट भरकर है, इसलिए यह अव्ययीभाव है।",,,Medium
368,Hindi,समास,4,Set 4 - Practice,Practice Level,‘भरपेट’ का सही समास-विग्रह क्या है?,पेट भरकर,वन में वास,दिन और रात,नीला कमल,A,सही विग्रह: पेट भरकर।,,,Medium
369,Hindi,समास,4,Set 4 - Practice,Practice Level,‘राजसभा’ में कौन-सा समास है?,तत्पुरुष,कर्मधारय,द्वंद्व,अव्ययीभाव,A,"‘राजसभा’ का विग्रह राजा की सभा है, इसलिए यह तत्पुरुष है।",,,Medium
370,Hindi,समास,4,Set 4 - Practice,Practice Level,‘राजसभा’ का सही समास-विग्रह क्या है?,दिन और रात,पेट भरकर,नीला कमल,राजा की सभा,D,सही विग्रह: राजा की सभा।,,,Medium
371,Hindi,समास,5,Set 5 - Practice,Practice Level,‘महात्मा’ में कौन-सा समास है?,बहुव्रीहि,द्वंद्व,अव्ययीभाव,कर्मधारय,D,"‘महात्मा’ का विग्रह महान आत्मा है, इसलिए यह कर्मधारय है।",,,Medium
372,Hindi,समास,5,Set 5 - Practice,Practice Level,‘महात्मा’ का सही समास-विग्रह क्या है?,महान आत्मा,माता और पिता,पीत है अम्बर जिसका,लंबा उदर है जिसका,A,सही विग्रह: महान आत्मा।,,,Medium
373,Hindi,समास,5,Set 5 - Practice,Practice Level,‘गृहप्रवेश’ में कौन-सा समास है?,द्वंद्व,बहुव्रीहि,अव्ययीभाव,तत्पुरुष,D,"‘गृहप्रवेश’ का विग्रह गृह में प्रवेश है, इसलिए यह तत्पुरुष है।",,,Medium
374,Hindi,समास,5,Set 5 - Practice,Practice Level,‘गृहप्रवेश’ का सही समास-विग्रह क्या है?,चार भुजाएँ हैं जिसके,राजा का महल,राजा का पुत्र,गृह में प्रवेश,D,सही विग्रह: गृह में प्रवेश।,,,Medium
375,Hindi,समास,5,Set 5 - Practice,Practice Level,‘लंबोदर’ में कौन-सा समास है?,तत्पुरुष,द्वंद्व,बहुव्रीहि,कर्मधारय,C,"‘लंबोदर’ का विग्रह लंबा उदर है जिसका है, इसलिए यह बहुव्रीहि है।",,,Medium
376,Hindi,समास,5,Set 5 - Practice,Practice Level,‘लंबोदर’ का सही समास-विग्रह क्या है?,लंबा उदर है जिसका,ग्राम में वास करने वाला,मरण तक,पीत है अम्बर जिसका,A,सही विग्रह: लंबा उदर है जिसका।,,,Medium
377,Hindi,समास,5,Set 5 - Practice,Practice Level,‘आमरण’ में कौन-सा समास है?,अव्ययीभाव,बहुव्रीहि,तत्पुरुष,कर्मधारय,A,"‘आमरण’ का विग्रह मरण तक है, इसलिए यह अव्ययीभाव है।",,,Medium
378,Hindi,समास,5,Set 5 - Practice,Practice Level,‘आमरण’ का सही समास-विग्रह क्या है?,महान आत्मा,राजा की सभा,राजा का महल,मरण तक,D,सही विग्रह: मरण तक।,,,Medium
379,Hindi,समास,5,Set 5 - Practice,Practice Level,‘वनवास’ में कौन-सा समास है?,बहुव्रीहि,द्वंद्व,तत्पुरुष,अव्ययीभाव,C,"‘वनवास’ का विग्रह वन में वास है, इसलिए यह तत्पुरुष है।",,,Medium
380,Hindi,समास,5,Set 5 - Practice,Practice Level,‘वनवास’ का सही समास-विग्रह क्या है?,पीत है अम्बर जिसका,प्रति दिन,राजा का महल,वन में वास,D,सही विग्रह: वन में वास।,,,Medium
381,Hindi,उपसर्ग-प्रत्यय,2,Set 2 - Practice,Practice Level,‘असत्य’ में कौन-सा उपसर्ग/प्रत्यय है?,-आई,-वान,अ-,दुर्-,C,‘असत्य’ में अ- उपसर्ग है।,,,Medium
382,Hindi,उपसर्ग-प्रत्यय,2,Set 2 - Practice,Practice Level,‘अ-’ उपसर्ग किस शब्द में है?,मिठास,अपमान,दयालु,असत्य,D,‘अ-’ उपसर्ग ‘असत्य’ में है।,,,Medium
383,Hindi,उपसर्ग-प्रत्यय,2,Set 2 - Practice,Practice Level,‘अनुचित’ में कौन-सा उपसर्ग/प्रत्यय है?,अनु-,-मान,प्रति-,-वान,A,‘अनुचित’ में अनु- उपसर्ग है।,,,Medium
384,Hindi,उपसर्ग-प्रत्यय,2,Set 2 - Practice,Practice Level,‘अनु-’ उपसर्ग किस शब्द में है?,पराजय,उपकार,प्रतिकूल,अनुचित,D,‘अनु-’ उपसर्ग ‘अनुचित’ में है।,,,Medium
385,Hindi,उपसर्ग-प्रत्यय,2,Set 2 - Practice,Practice Level,‘प्रतिकूल’ में कौन-सा उपसर्ग/प्रत्यय है?,-आई,प्रति-,निर्-,अप-,B,‘प्रतिकूल’ में प्रति- उपसर्ग है।,,,Medium
386,Hindi,उपसर्ग-प्रत्यय,2,Set 2 - Practice,Practice Level,‘प्रति-’ उपसर्ग किस शब्द में है?,निराशा,लड़कपन,अधिकार,प्रतिकूल,D,‘प्रति-’ उपसर्ग ‘प्रतिकूल’ में है।,,,Medium
387,Hindi,उपसर्ग-प्रत्यय,2,Set 2 - Practice,Practice Level,‘उपकार’ में कौन-सा उपसर्ग/प्रत्यय है?,-वान,-ता,उप-,निर्-,C,‘उपकार’ में उप- उपसर्ग है।,,,Medium
388,Hindi,उपसर्ग-प्रत्यय,2,Set 2 - Practice,Practice Level,‘उप-’ उपसर्ग किस शब्द में है?,बचपन,उपकार,लड़कपन,दयालु,B,‘उप-’ उपसर्ग ‘उपकार’ में है।,,,Medium
389,Hindi,उपसर्ग-प्रत्यय,2,Set 2 - Practice,Practice Level,‘निराशा’ में कौन-सा उपसर्ग/प्रत्यय है?,प्रति-,निर्-,-ता,-वान,B,‘निराशा’ में निर्- उपसर्ग है।,,,Medium
390,Hindi,उपसर्ग-प्रत्यय,2,Set 2 - Practice,Practice Level,‘निर्-’ उपसर्ग किस शब्द में है?,निराशा,बुद्धिमान,अनुचित,मिठास,A,‘निर्-’ उपसर्ग ‘निराशा’ में है।,,,Medium
391,Hindi,उपसर्ग-प्रत्यय,3,Set 3 - Practice,Practice Level,‘दुर्गुण’ में कौन-सा उपसर्ग/प्रत्यय है?,-ता,दुर्-,सु-,उप-,B,‘दुर्गुण’ में दुर्- उपसर्ग है।,,,Medium
392,Hindi,उपसर्ग-प्रत्यय,3,Set 3 - Practice,Practice Level,‘दुर्-’ उपसर्ग किस शब्द में है?,मिठास,असत्य,पराजय,दुर्गुण,D,‘दुर्-’ उपसर्ग ‘दुर्गुण’ में है।,,,Medium
393,Hindi,उपसर्ग-प्रत्यय,3,Set 3 - Practice,Practice Level,‘सुगंध’ में कौन-सा उपसर्ग/प्रत्यय है?,प्रति-,सु-,-मान,परा-,B,‘सुगंध’ में सु- उपसर्ग है।,,,Medium
394,Hindi,उपसर्ग-प्रत्यय,3,Set 3 - Practice,Practice Level,‘सु-’ उपसर्ग किस शब्द में है?,अपमान,निराशा,सुगंध,सुंदरता,C,‘सु-’ उपसर्ग ‘सुगंध’ में है।,,,Medium
395,Hindi,उपसर्ग-प्रत्यय,3,Set 3 - Practice,Practice Level,‘पराजय’ में कौन-सा उपसर्ग/प्रत्यय है?,सु-,अधि-,परा-,उप-,C,‘पराजय’ में परा- उपसर्ग है।,,,Medium
396,Hindi,उपसर्ग-प्रत्यय,3,Set 3 - Practice,Practice Level,‘परा-’ उपसर्ग किस शब्द में है?,मिठास,दयालु,पराजय,उपकार,C,‘परा-’ उपसर्ग ‘पराजय’ में है।,,,Medium
397,Hindi,उपसर्ग-प्रत्यय,3,Set 3 - Practice,Practice Level,‘अधिकार’ में कौन-सा उपसर्ग/प्रत्यय है?,अधि-,अ-,प्रति-,दुर्-,A,‘अधिकार’ में अधि- उपसर्ग है।,,,Medium
398,Hindi,उपसर्ग-प्रत्यय,3,Set 3 - Practice,Practice Level,‘अधि-’ उपसर्ग किस शब्द में है?,अधिकार,अनुचित,असत्य,प्रतिकूल,A,‘अधि-’ उपसर्ग ‘अधिकार’ में है।,,,Medium
399,Hindi,उपसर्ग-प्रत्यय,3,Set 3 - Practice,Practice Level,‘अपमान’ में कौन-सा उपसर्ग/प्रत्यय है?,अनु-,-मान,अप-,उप-,C,‘अपमान’ में अप- उपसर्ग है।,,,Medium
400,Hindi,उपसर्ग-प्रत्यय,3,Set 3 - Practice,Practice Level,‘अप-’ उपसर्ग किस शब्द में है?,उपकार,सुंदरता,बचपन,अपमान,D,‘अप-’ उपसर्ग ‘अपमान’ में है।,,,Medium
401,Hindi,उपसर्ग-प्रत्यय,4,Set 4 - Practice,Practice Level,‘लड़कपन’ में कौन-सा उपसर्ग/प्रत्यय है?,-ता,-पन,दुर्-,-आवट,B,‘लड़कपन’ में -पन प्रत्यय है।,,,Medium
402,Hindi,उपसर्ग-प्रत्यय,4,Set 4 - Practice,Practice Level,‘-पन’ प्रत्यय किस शब्द में है?,लड़कपन,दयालु,असत्य,प्रतिकूल,A,‘-पन’ प्रत्यय ‘लड़कपन’ में है।,,,Medium
403,Hindi,उपसर्ग-प्रत्यय,4,Set 4 - Practice,Practice Level,‘बचपन’ में कौन-सा उपसर्ग/प्रत्यय है?,अप-,-ता,-मान,-पन,D,‘बचपन’ में -पन प्रत्यय है।,,,Medium
404,Hindi,उपसर्ग-प्रत्यय,4,Set 4 - Practice,Practice Level,‘-पन’ प्रत्यय किस शब्द में है?,अधिकार,अनुचित,बचपन,प्रतिकूल,C,‘-पन’ प्रत्यय ‘बचपन’ में है।,,,Medium
405,Hindi,उपसर्ग-प्रत्यय,4,Set 4 - Practice,Practice Level,‘मिठास’ में कौन-सा उपसर्ग/प्रत्यय है?,प्रति-,-पन,उप-,-आस,D,‘मिठास’ में -आस प्रत्यय है।,,,Medium
406,Hindi,उपसर्ग-प्रत्यय,4,Set 4 - Practice,Practice Level,‘-आस’ प्रत्यय किस शब्द में है?,निराशा,मानवता,पढ़ाई,मिठास,D,‘-आस’ प्रत्यय ‘मिठास’ में है।,,,Medium
407,Hindi,उपसर्ग-प्रत्यय,4,Set 4 - Practice,Practice Level,‘सुंदरता’ में कौन-सा उपसर्ग/प्रत्यय है?,अधि-,-ता,-मान,-पन,B,‘सुंदरता’ में -ता प्रत्यय है।,,,Medium
408,Hindi,उपसर्ग-प्रत्यय,4,Set 4 - Practice,Practice Level,‘-ता’ प्रत्यय किस शब्द में है?,असत्य,उपकार,सुंदरता,सुगंध,C,‘-ता’ प्रत्यय ‘सुंदरता’ में है।,,,Medium
409,Hindi,उपसर्ग-प्रत्यय,4,Set 4 - Practice,Practice Level,‘मानवता’ में कौन-सा उपसर्ग/प्रत्यय है?,-ता,सु-,प्रति-,-आलु,A,‘मानवता’ में -ता प्रत्यय है।,,,Medium
410,Hindi,उपसर्ग-प्रत्यय,4,Set 4 - Practice,Practice Level,‘-ता’ प्रत्यय किस शब्द में है?,मानवता,उपकार,बचपन,मिठास,A,‘-ता’ प्रत्यय ‘मानवता’ में है।,,,Medium
411,Hindi,उपसर्ग-प्रत्यय,5,Set 5 - Practice,Practice Level,‘पढ़ाई’ में कौन-सा उपसर्ग/प्रत्यय है?,-आई,अ-,-मान,-पन,A,‘पढ़ाई’ में -आई प्रत्यय है।,,,Medium
412,Hindi,उपसर्ग-प्रत्यय,5,Set 5 - Practice,Practice Level,‘-आई’ प्रत्यय किस शब्द में है?,धनवान,दयालु,सुगंध,पढ़ाई,D,‘-आई’ प्रत्यय ‘पढ़ाई’ में है।,,,Medium
413,Hindi,उपसर्ग-प्रत्यय,5,Set 5 - Practice,Practice Level,‘लिखावट’ में कौन-सा उपसर्ग/प्रत्यय है?,-ता,अप-,प्रति-,-आवट,D,‘लिखावट’ में -आवट प्रत्यय है।,,,Medium
414,Hindi,उपसर्ग-प्रत्यय,5,Set 5 - Practice,Practice Level,‘-आवट’ प्रत्यय किस शब्द में है?,मानवता,उपकार,अधिकार,लिखावट,D,‘-आवट’ प्रत्यय ‘लिखावट’ में है।,,,Medium
415,Hindi,उपसर्ग-प्रत्यय,5,Set 5 - Practice,Practice Level,‘दयालु’ में कौन-सा उपसर्ग/प्रत्यय है?,परा-,-आवट,सु-,-आलु,D,‘दयालु’ में -आलु प्रत्यय है।,,,Medium
416,Hindi,उपसर्ग-प्रत्यय,5,Set 5 - Practice,Practice Level,‘-आलु’ प्रत्यय किस शब्द में है?,लड़कपन,दुर्गुण,बुद्धिमान,दयालु,D,‘-आलु’ प्रत्यय ‘दयालु’ में है।,,,Medium
417,Hindi,उपसर्ग-प्रत्यय,5,Set 5 - Practice,Practice Level,‘धनवान’ में कौन-सा उपसर्ग/प्रत्यय है?,-वान,दुर्-,अनु-,अधि-,A,‘धनवान’ में -वान प्रत्यय है।,,,Medium
418,Hindi,उपसर्ग-प्रत्यय,5,Set 5 - Practice,Practice Level,‘-वान’ प्रत्यय किस शब्द में है?,धनवान,प्रतिकूल,अधिकार,लिखावट,A,‘-वान’ प्रत्यय ‘धनवान’ में है।,,,Medium
419,Hindi,उपसर्ग-प्रत्यय,5,Set 5 - Practice,Practice Level,‘बुद्धिमान’ में कौन-सा उपसर्ग/प्रत्यय है?,परा-,-मान,प्रति-,-वान,B,‘बुद्धिमान’ में -मान प्रत्यय है।,,,Medium
420,Hindi,उपसर्ग-प्रत्यय,5,Set 5 - Practice,Practice Level,‘-मान’ प्रत्यय किस शब्द में है?,बुद्धिमान,पढ़ाई,धनवान,सुगंध,A,‘-मान’ प्रत्यय ‘बुद्धिमान’ में है।,,,Medium
421,Hindi,पर्यायवाची शब्द,2,Set 2 - Practice,Practice Level,‘सूर्य’ का पर्यायवाची शब्द कौन-सा है?,मेघ,रवि,अश्व,धरती,B,‘सूर्य’ का एक पर्यायवाची ‘रवि’ है।,,,Easy
422,Hindi,पर्यायवाची शब्द,2,Set 2 - Practice,Practice Level,‘रवि’ किस शब्द का पर्यायवाची है?,समुद्र,सूर्य,आकाश,पर्वत,B,‘रवि’ ‘सूर्य’ का पर्यायवाची है।,,,Easy
423,Hindi,पर्यायवाची शब्द,2,Set 2 - Practice,Practice Level,‘चंद्रमा’ का पर्यायवाची शब्द कौन-सा है?,गिरि,अश्व,शशि,रवि,C,‘चंद्रमा’ का एक पर्यायवाची ‘शशि’ है।,,,Easy
424,Hindi,पर्यायवाची शब्द,2,Set 2 - Practice,Practice Level,‘शशि’ किस शब्द का पर्यायवाची है?,पृथ्वी,रात,चंद्रमा,वायु,C,‘शशि’ ‘चंद्रमा’ का पर्यायवाची है।,,,Easy
425,Hindi,पर्यायवाची शब्द,2,Set 2 - Practice,Practice Level,‘पृथ्वी’ का पर्यायवाची शब्द कौन-सा है?,धरती,पवन,गृह,शशि,A,‘पृथ्वी’ का एक पर्यायवाची ‘धरती’ है।,,,Easy
426,Hindi,पर्यायवाची शब्द,2,Set 2 - Practice,Practice Level,‘धरती’ किस शब्द का पर्यायवाची है?,आकाश,पृथ्वी,हाथी,बादल,B,‘धरती’ ‘पृथ्वी’ का पर्यायवाची है।,,,Easy
427,Hindi,पर्यायवाची शब्द,2,Set 2 - Practice,Practice Level,‘आकाश’ का पर्यायवाची शब्द कौन-सा है?,सरोज,गगन,नरेश,गिरि,B,‘आकाश’ का एक पर्यायवाची ‘गगन’ है।,,,Easy
428,Hindi,पर्यायवाची शब्द,2,Set 2 - Practice,Practice Level,‘गगन’ किस शब्द का पर्यायवाची है?,आकाश,बादल,पर्वत,वन,A,‘गगन’ ‘आकाश’ का पर्यायवाची है।,,,Easy
429,Hindi,पर्यायवाची शब्द,2,Set 2 - Practice,Practice Level,‘जल’ का पर्यायवाची शब्द कौन-सा है?,नीर,गज,अनल,नाग,A,‘जल’ का एक पर्यायवाची ‘नीर’ है।,,,Easy
430,Hindi,पर्यायवाची शब्द,2,Set 2 - Practice,Practice Level,‘नीर’ किस शब्द का पर्यायवाची है?,राजा,बादल,वायु,जल,D,‘नीर’ ‘जल’ का पर्यायवाची है।,,,Easy
431,Hindi,पर्यायवाची शब्द,3,Set 3 - Practice,Practice Level,‘अग्नि’ का पर्यायवाची शब्द कौन-सा है?,अनल,पवन,पंकज,रवि,A,‘अग्नि’ का एक पर्यायवाची ‘अनल’ है।,,,Easy
432,Hindi,पर्यायवाची शब्द,3,Set 3 - Practice,Practice Level,‘अनल’ किस शब्द का पर्यायवाची है?,चंद्रमा,अग्नि,राजा,पर्वत,B,‘अनल’ ‘अग्नि’ का पर्यायवाची है।,,,Easy
433,Hindi,पर्यायवाची शब्द,3,Set 3 - Practice,Practice Level,‘वायु’ का पर्यायवाची शब्द कौन-सा है?,गगन,गज,पवन,धरती,C,‘वायु’ का एक पर्यायवाची ‘पवन’ है।,,,Easy
434,Hindi,पर्यायवाची शब्द,3,Set 3 - Practice,Practice Level,‘पवन’ किस शब्द का पर्यायवाची है?,वायु,रात,आकाश,पृथ्वी,A,‘पवन’ ‘वायु’ का पर्यायवाची है।,,,Easy
435,Hindi,पर्यायवाची शब्द,3,Set 3 - Practice,Practice Level,‘समुद्र’ का पर्यायवाची शब्द कौन-सा है?,नीर,गिरि,सागर,कानन,C,‘समुद्र’ का एक पर्यायवाची ‘सागर’ है।,,,Easy
436,Hindi,पर्यायवाची शब्द,3,Set 3 - Practice,Practice Level,‘सागर’ किस शब्द का पर्यायवाची है?,अग्नि,बादल,समुद्र,हाथी,C,‘सागर’ ‘समुद्र’ का पर्यायवाची है।,,,Easy
437,Hindi,पर्यायवाची शब्द,3,Set 3 - Practice,Practice Level,‘कमल’ का पर्यायवाची शब्द कौन-सा है?,गृह,पंकज,धरती,शशि,B,‘कमल’ का एक पर्यायवाची ‘पंकज’ है।,,,Easy
438,Hindi,पर्यायवाची शब्द,3,Set 3 - Practice,Practice Level,‘पंकज’ किस शब्द का पर्यायवाची है?,वायु,जल,कमल,आकाश,C,‘पंकज’ ‘कमल’ का पर्यायवाची है।,,,Easy
439,Hindi,पर्यायवाची शब्द,3,Set 3 - Practice,Practice Level,‘पर्वत’ का पर्यायवाची शब्द कौन-सा है?,गिरि,सागर,गगन,पंकज,A,‘पर्वत’ का एक पर्यायवाची ‘गिरि’ है।,,,Easy
440,Hindi,पर्यायवाची शब्द,3,Set 3 - Practice,Practice Level,‘गिरि’ किस शब्द का पर्यायवाची है?,हाथी,वन,राजा,पर्वत,D,‘गिरि’ ‘पर्वत’ का पर्यायवाची है।,,,Easy
441,Hindi,पर्यायवाची शब्द,4,Set 4 - Practice,Practice Level,‘वन’ का पर्यायवाची शब्द कौन-सा है?,गज,कानन,अश्व,मेघ,B,‘वन’ का एक पर्यायवाची ‘कानन’ है।,,,Easy
442,Hindi,पर्यायवाची शब्द,4,Set 4 - Practice,Practice Level,‘कानन’ किस शब्द का पर्यायवाची है?,वन,पर्वत,हाथी,दिन,A,‘कानन’ ‘वन’ का पर्यायवाची है।,,,Easy
443,Hindi,पर्यायवाची शब्द,4,Set 4 - Practice,Practice Level,‘घर’ का पर्यायवाची शब्द कौन-सा है?,नाग,रात्रि,शशि,गृह,D,‘घर’ का एक पर्यायवाची ‘गृह’ है।,,,Easy
444,Hindi,पर्यायवाची शब्द,4,Set 4 - Practice,Practice Level,‘गृह’ किस शब्द का पर्यायवाची है?,पृथ्वी,बादल,घर,जल,C,‘गृह’ ‘घर’ का पर्यायवाची है।,,,Easy
445,Hindi,पर्यायवाची शब्द,4,Set 4 - Practice,Practice Level,‘राजा’ का पर्यायवाची शब्द कौन-सा है?,दिवस,मेघ,नरेश,नीर,C,‘राजा’ का एक पर्यायवाची ‘नरेश’ है।,,,Easy
446,Hindi,पर्यायवाची शब्द,4,Set 4 - Practice,Practice Level,‘नरेश’ किस शब्द का पर्यायवाची है?,कमल,घोड़ा,चंद्रमा,राजा,D,‘नरेश’ ‘राजा’ का पर्यायवाची है।,,,Easy
447,Hindi,पर्यायवाची शब्द,4,Set 4 - Practice,Practice Level,‘रात’ का पर्यायवाची शब्द कौन-सा है?,रात्रि,रवि,पवन,कानन,A,‘रात’ का एक पर्यायवाची ‘रात्रि’ है।,,,Easy
448,Hindi,पर्यायवाची शब्द,4,Set 4 - Practice,Practice Level,‘रात्रि’ किस शब्द का पर्यायवाची है?,पर्वत,पृथ्वी,सूर्य,रात,D,‘रात्रि’ ‘रात’ का पर्यायवाची है।,,,Easy
449,Hindi,पर्यायवाची शब्द,4,Set 4 - Practice,Practice Level,‘दिन’ का पर्यायवाची शब्द कौन-सा है?,अश्व,कानन,दिवस,नीर,C,‘दिन’ का एक पर्यायवाची ‘दिवस’ है।,,,Easy
450,Hindi,पर्यायवाची शब्द,4,Set 4 - Practice,Practice Level,‘दिवस’ किस शब्द का पर्यायवाची है?,घोड़ा,सर्प,दिन,राजा,C,‘दिवस’ ‘दिन’ का पर्यायवाची है।,,,Easy
451,Hindi,पर्यायवाची शब्द,5,Set 5 - Practice,Practice Level,‘सर्प’ का पर्यायवाची शब्द कौन-सा है?,धरती,शशि,गिरि,नाग,D,‘सर्प’ का एक पर्यायवाची ‘नाग’ है।,,,Easy
452,Hindi,पर्यायवाची शब्द,5,Set 5 - Practice,Practice Level,‘नाग’ किस शब्द का पर्यायवाची है?,जल,वन,सर्प,वायु,C,‘नाग’ ‘सर्प’ का पर्यायवाची है।,,,Easy
453,Hindi,पर्यायवाची शब्द,5,Set 5 - Practice,Practice Level,‘घोड़ा’ का पर्यायवाची शब्द कौन-सा है?,मेघ,अश्व,नाग,दिवस,B,‘घोड़ा’ का एक पर्यायवाची ‘अश्व’ है।,,,Easy
454,Hindi,पर्यायवाची शब्द,5,Set 5 - Practice,Practice Level,‘अश्व’ किस शब्द का पर्यायवाची है?,हाथी,घोड़ा,सूर्य,अग्नि,B,‘अश्व’ ‘घोड़ा’ का पर्यायवाची है।,,,Easy
455,Hindi,पर्यायवाची शब्द,5,Set 5 - Practice,Practice Level,‘हाथी’ का पर्यायवाची शब्द कौन-सा है?,नीर,रवि,गज,नरेश,C,‘हाथी’ का एक पर्यायवाची ‘गज’ है।,,,Easy
456,Hindi,पर्यायवाची शब्द,5,Set 5 - Practice,Practice Level,‘गज’ किस शब्द का पर्यायवाची है?,अग्नि,हाथी,आकाश,कमल,B,‘गज’ ‘हाथी’ का पर्यायवाची है।,,,Easy
457,Hindi,पर्यायवाची शब्द,5,Set 5 - Practice,Practice Level,‘कमल’ का पर्यायवाची शब्द कौन-सा है?,सरोज,शशि,अश्व,गगन,A,‘कमल’ का एक पर्यायवाची ‘सरोज’ है।,,,Easy
458,Hindi,पर्यायवाची शब्द,5,Set 5 - Practice,Practice Level,‘सरोज’ किस शब्द का पर्यायवाची है?,घर,दिन,पृथ्वी,कमल,D,‘सरोज’ ‘कमल’ का पर्यायवाची है।,,,Easy
459,Hindi,पर्यायवाची शब्द,5,Set 5 - Practice,Practice Level,‘बादल’ का पर्यायवाची शब्द कौन-सा है?,गगन,अश्व,मेघ,पंकज,C,‘बादल’ का एक पर्यायवाची ‘मेघ’ है।,,,Easy
460,Hindi,पर्यायवाची शब्द,5,Set 5 - Practice,Practice Level,‘मेघ’ किस शब्द का पर्यायवाची है?,बादल,पृथ्वी,कमल,चंद्रमा,A,‘मेघ’ ‘बादल’ का पर्यायवाची है।,,,Easy
461,Hindi,विलोम शब्द,2,Set 2 - Practice,Practice Level,‘आदि’ का विलोम शब्द कौन-सा है?,अंत,अंधकार,अनेकता,पाताल,A,‘आदि’ का विलोम ‘अंत’ है।,,,Easy
462,Hindi,विलोम शब्द,2,Set 2 - Practice,Practice Level,‘अंत’ किस शब्द का विलोम है?,एकता,आकाश,आदि,जीवन,C,‘अंत’ ‘आदि’ का विलोम है।,,,Easy
463,Hindi,विलोम शब्द,2,Set 2 - Practice,Practice Level,‘आशा’ का विलोम शब्द कौन-सा है?,रात,नास्तिक,निराशा,व्यय,C,‘आशा’ का विलोम ‘निराशा’ है।,,,Easy
464,Hindi,विलोम शब्द,2,Set 2 - Practice,Practice Level,‘निराशा’ किस शब्द का विलोम है?,आशा,आदि,आय,उत्थान,A,‘निराशा’ ‘आशा’ का विलोम है।,,,Easy
465,Hindi,विलोम शब्द,2,Set 2 - Practice,Practice Level,‘आय’ का विलोम शब्द कौन-सा है?,निराशा,मरण,व्यय,पाताल,C,‘आय’ का विलोम ‘व्यय’ है।,,,Easy
466,Hindi,विलोम शब्द,2,Set 2 - Practice,Practice Level,‘व्यय’ किस शब्द का विलोम है?,आकाश,आय,उन्नति,आशा,B,‘व्यय’ ‘आय’ का विलोम है।,,,Easy
467,Hindi,विलोम शब्द,2,Set 2 - Practice,Practice Level,‘आदर’ का विलोम शब्द कौन-सा है?,अनेकता,अनादर,पाताल,अंधकार,B,‘आदर’ का विलोम ‘अनादर’ है।,,,Easy
468,Hindi,विलोम शब्द,2,Set 2 - Practice,Practice Level,‘अनादर’ किस शब्द का विलोम है?,उचित,आदर,आकाश,जीवन,B,‘अनादर’ ‘आदर’ का विलोम है।,,,Easy
469,Hindi,विलोम शब्द,2,Set 2 - Practice,Practice Level,‘उत्थान’ का विलोम शब्द कौन-सा है?,रात,पाताल,पतन,हानि,C,‘उत्थान’ का विलोम ‘पतन’ है।,,,Easy
470,Hindi,विलोम शब्द,2,Set 2 - Practice,Practice Level,‘पतन’ किस शब्द का विलोम है?,आकाश,जय,उचित,उत्थान,D,‘पतन’ ‘उत्थान’ का विलोम है।,,,Easy
471,Hindi,विलोम शब्द,3,Set 3 - Practice,Practice Level,‘उन्नति’ का विलोम शब्द कौन-सा है?,अवनति,अंधकार,विक्रय,मरण,A,‘उन्नति’ का विलोम ‘अवनति’ है।,,,Easy
472,Hindi,विलोम शब्द,3,Set 3 - Practice,Practice Level,‘अवनति’ किस शब्द का विलोम है?,क्रय,उचित,उन्नति,आकाश,C,‘अवनति’ ‘उन्नति’ का विलोम है।,,,Easy
473,Hindi,विलोम शब्द,3,Set 3 - Practice,Practice Level,‘उचित’ का विलोम शब्द कौन-सा है?,अनुचित,रात,अनादर,व्यय,A,‘उचित’ का विलोम ‘अनुचित’ है।,,,Easy
474,Hindi,विलोम शब्द,3,Set 3 - Practice,Practice Level,‘अनुचित’ किस शब्द का विलोम है?,आदि,नवीन,उचित,लाभ,C,‘अनुचित’ ‘उचित’ का विलोम है।,,,Easy
475,Hindi,विलोम शब्द,3,Set 3 - Practice,Practice Level,‘एकता’ का विलोम शब्द कौन-सा है?,प्राचीन,विक्रय,हानि,अनेकता,D,‘एकता’ का विलोम ‘अनेकता’ है।,,,Easy
476,Hindi,विलोम शब्द,3,Set 3 - Practice,Practice Level,‘अनेकता’ किस शब्द का विलोम है?,जीवन,उन्नति,उत्थान,एकता,D,‘अनेकता’ ‘एकता’ का विलोम है।,,,Easy
477,Hindi,विलोम शब्द,3,Set 3 - Practice,Practice Level,‘आदि’ का विलोम शब्द कौन-सा है?,अन्याय,अनादर,विक्रय,इति,D,‘आदि’ का विलोम ‘इति’ है।,,,Easy
478,Hindi,विलोम शब्द,3,Set 3 - Practice,Practice Level,‘इति’ किस शब्द का विलोम है?,लाभ,आशा,आदि,उन्नति,C,‘इति’ ‘आदि’ का विलोम है।,,,Easy
479,Hindi,विलोम शब्द,3,Set 3 - Practice,Practice Level,‘आस्तिक’ का विलोम शब्द कौन-सा है?,पराजय,अन्याय,रात,नास्तिक,D,‘आस्तिक’ का विलोम ‘नास्तिक’ है।,,,Easy
480,Hindi,विलोम शब्द,3,Set 3 - Practice,Practice Level,‘नास्तिक’ किस शब्द का विलोम है?,आस्तिक,उचित,आदि,जय,A,‘नास्तिक’ ‘आस्तिक’ का विलोम है।,,,Easy
481,Hindi,विलोम शब्द,4,Set 4 - Practice,Practice Level,‘आकाश’ का विलोम शब्द कौन-सा है?,अंधकार,अनादर,सरल,पाताल,D,‘आकाश’ का विलोम ‘पाताल’ है।,,,Easy
482,Hindi,विलोम शब्द,4,Set 4 - Practice,Practice Level,‘पाताल’ किस शब्द का विलोम है?,दिन,आकाश,आशा,उन्नति,B,‘पाताल’ ‘आकाश’ का विलोम है।,,,Easy
483,Hindi,विलोम शब्द,4,Set 4 - Practice,Practice Level,‘कठिन’ का विलोम शब्द कौन-सा है?,विक्रय,सरल,रात,व्यय,B,‘कठिन’ का विलोम ‘सरल’ है।,,,Easy
484,Hindi,विलोम शब्द,4,Set 4 - Practice,Practice Level,‘सरल’ किस शब्द का विलोम है?,क्रय,न्याय,जय,कठिन,D,‘सरल’ ‘कठिन’ का विलोम है।,,,Easy
485,Hindi,विलोम शब्द,4,Set 4 - Practice,Practice Level,‘क्रय’ का विलोम शब्द कौन-सा है?,विक्रय,नास्तिक,व्यय,हानि,A,‘क्रय’ का विलोम ‘विक्रय’ है।,,,Easy
486,Hindi,विलोम शब्द,4,Set 4 - Practice,Practice Level,‘विक्रय’ किस शब्द का विलोम है?,जीवन,क्रय,उत्थान,जय,B,‘विक्रय’ ‘क्रय’ का विलोम है।,,,Easy
487,Hindi,विलोम शब्द,4,Set 4 - Practice,Practice Level,‘जय’ का विलोम शब्द कौन-सा है?,अवनति,पतन,पराजय,प्राचीन,C,‘जय’ का विलोम ‘पराजय’ है।,,,Easy
488,Hindi,विलोम शब्द,4,Set 4 - Practice,Practice Level,‘पराजय’ किस शब्द का विलोम है?,लाभ,आय,जय,क्रय,C,‘पराजय’ ‘जय’ का विलोम है।,,,Easy
489,Hindi,विलोम शब्द,4,Set 4 - Practice,Practice Level,‘जीवन’ का विलोम शब्द कौन-सा है?,अनुचित,अन्याय,पराजय,मरण,D,‘जीवन’ का विलोम ‘मरण’ है।,,,Easy
490,Hindi,विलोम शब्द,4,Set 4 - Practice,Practice Level,‘मरण’ किस शब्द का विलोम है?,एकता,उत्थान,जीवन,प्रकाश,C,‘मरण’ ‘जीवन’ का विलोम है।,,,Easy
491,Hindi,विलोम शब्द,5,Set 5 - Practice,Practice Level,‘दिन’ का विलोम शब्द कौन-सा है?,प्राचीन,रात,अनादर,व्यय,B,‘दिन’ का विलोम ‘रात’ है।,,,Easy
492,Hindi,विलोम शब्द,5,Set 5 - Practice,Practice Level,‘रात’ किस शब्द का विलोम है?,दिन,प्रकाश,उचित,आकाश,A,‘रात’ ‘दिन’ का विलोम है।,,,Easy
493,Hindi,विलोम शब्द,5,Set 5 - Practice,Practice Level,‘नवीन’ का विलोम शब्द कौन-सा है?,मरण,अंधकार,हानि,प्राचीन,D,‘नवीन’ का विलोम ‘प्राचीन’ है।,,,Easy
494,Hindi,विलोम शब्द,5,Set 5 - Practice,Practice Level,‘प्राचीन’ किस शब्द का विलोम है?,एकता,नवीन,जय,न्याय,B,‘प्राचीन’ ‘नवीन’ का विलोम है।,,,Easy
495,Hindi,विलोम शब्द,5,Set 5 - Practice,Practice Level,‘न्याय’ का विलोम शब्द कौन-सा है?,अंधकार,अन्याय,विक्रय,इति,B,‘न्याय’ का विलोम ‘अन्याय’ है।,,,Easy
496,Hindi,विलोम शब्द,5,Set 5 - Practice,Practice Level,‘अन्याय’ किस शब्द का विलोम है?,न्याय,नवीन,उत्थान,आदि,A,‘अन्याय’ ‘न्याय’ का विलोम है।,,,Easy
497,Hindi,विलोम शब्द,5,Set 5 - Practice,Practice Level,‘प्रकाश’ का विलोम शब्द कौन-सा है?,मरण,अंधकार,अनादर,अनेकता,B,‘प्रकाश’ का विलोम ‘अंधकार’ है।,,,Easy
498,Hindi,विलोम शब्द,5,Set 5 - Practice,Practice Level,‘अंधकार’ किस शब्द का विलोम है?,जीवन,एकता,आकाश,प्रकाश,D,‘अंधकार’ ‘प्रकाश’ का विलोम है।,,,Easy
499,Hindi,विलोम शब्द,5,Set 5 - Practice,Practice Level,‘लाभ’ का विलोम शब्द कौन-सा है?,अवनति,हानि,पतन,मरण,B,‘लाभ’ का विलोम ‘हानि’ है।,,,Easy
500,Hindi,विलोम शब्द,5,Set 5 - Practice,Practice Level,‘हानि’ किस शब्द का विलोम है?,जीवन,लाभ,नवीन,आकाश,B,‘हानि’ ‘लाभ’ का विलोम है।,,,Easy
501,Hindi,तत्सम-तद्भव,2,Set 2 - Practice,Practice Level,‘अग्नि’ का तद्भव रूप कौन-सा है?,खीर,आग,मिट्टी,पाँव,B,‘अग्नि’ का तद्भव रूप ‘आग’ है।,,,Easy
502,Hindi,तत्सम-तद्भव,2,Set 2 - Practice,Practice Level,‘आग’ किस तत्सम शब्द का तद्भव रूप है?,कर्ण,अष्ट,अग्नि,जिह्वा,C,‘आग’ का तत्सम रूप ‘अग्नि’ है।,,,Easy
503,Hindi,तत्सम-तद्भव,2,Set 2 - Practice,Practice Level,‘अक्षि’ का तद्भव रूप कौन-सा है?,आँख,मुँह,आठ,दाँत,A,‘अक्षि’ का तद्भव रूप ‘आँख’ है।,,,Easy
504,Hindi,तत्सम-तद्भव,2,Set 2 - Practice,Practice Level,‘आँख’ किस तत्सम शब्द का तद्भव रूप है?,जिह्वा,क्षीर,सूर्य,अक्षि,D,‘आँख’ का तत्सम रूप ‘अक्षि’ है।,,,Easy
505,Hindi,तत्सम-तद्भव,2,Set 2 - Practice,Practice Level,‘अष्ट’ का तद्भव रूप कौन-सा है?,सात,मुँह,नाखून,आठ,D,‘अष्ट’ का तद्भव रूप ‘आठ’ है।,,,Easy
506,Hindi,तत्सम-तद्भव,2,Set 2 - Practice,Practice Level,‘आठ’ किस तत्सम शब्द का तद्भव रूप है?,ग्राम,दंत,अष्ट,कर्ण,C,‘आठ’ का तत्सम रूप ‘अष्ट’ है।,,,Easy
507,Hindi,तत्सम-तद्भव,2,Set 2 - Practice,Practice Level,‘कर्ण’ का तद्भव रूप कौन-सा है?,मिट्टी,जीभ,गाँव,कान,D,‘कर्ण’ का तद्भव रूप ‘कान’ है।,,,Easy
508,Hindi,तत्सम-तद्भव,2,Set 2 - Practice,Practice Level,‘कान’ किस तत्सम शब्द का तद्भव रूप है?,कर्ण,अक्षि,क्षीर,अष्ट,A,‘कान’ का तत्सम रूप ‘कर्ण’ है।,,,Easy
509,Hindi,तत्सम-तद्भव,2,Set 2 - Practice,Practice Level,‘दंत’ का तद्भव रूप कौन-सा है?,मुँह,चाम,दाँत,साँप,C,‘दंत’ का तद्भव रूप ‘दाँत’ है।,,,Easy
510,Hindi,तत्सम-तद्भव,2,Set 2 - Practice,Practice Level,‘दाँत’ किस तत्सम शब्द का तद्भव रूप है?,रात्रि,हस्त,मृतिका,दंत,D,‘दाँत’ का तत्सम रूप ‘दंत’ है।,,,Easy
511,Hindi,तत्सम-तद्भव,3,Set 3 - Practice,Practice Level,‘दुग्ध’ का तद्भव रूप कौन-सा है?,सात,दूध,दाँत,मिट्टी,B,‘दुग्ध’ का तद्भव रूप ‘दूध’ है।,,,Easy
512,Hindi,तत्सम-तद्भव,3,Set 3 - Practice,Practice Level,‘दूध’ किस तत्सम शब्द का तद्भव रूप है?,दुग्ध,मुख,अग्नि,ग्राम,A,‘दूध’ का तत्सम रूप ‘दुग्ध’ है।,,,Easy
513,Hindi,तत्सम-तद्भव,3,Set 3 - Practice,Practice Level,‘नख’ का तद्भव रूप कौन-सा है?,आठ,खीर,गाँव,नाखून,D,‘नख’ का तद्भव रूप ‘नाखून’ है।,,,Easy
514,Hindi,तत्सम-तद्भव,3,Set 3 - Practice,Practice Level,‘नाखून’ किस तत्सम शब्द का तद्भव रूप है?,ग्राम,नासिका,अग्नि,नख,D,‘नाखून’ का तत्सम रूप ‘नख’ है।,,,Easy
515,Hindi,तत्सम-तद्भव,3,Set 3 - Practice,Practice Level,‘नासिका’ का तद्भव रूप कौन-सा है?,मुँह,नाखून,आँख,नाक,D,‘नासिका’ का तद्भव रूप ‘नाक’ है।,,,Easy
516,Hindi,तत्सम-तद्भव,3,Set 3 - Practice,Practice Level,‘नाक’ किस तत्सम शब्द का तद्भव रूप है?,नासिका,क्षीर,मृतिका,चर्म,A,‘नाक’ का तत्सम रूप ‘नासिका’ है।,,,Easy
517,Hindi,तत्सम-तद्भव,3,Set 3 - Practice,Practice Level,‘पाद’ का तद्भव रूप कौन-सा है?,सात,कान,पाँव,दाँत,C,‘पाद’ का तद्भव रूप ‘पाँव’ है।,,,Easy
518,Hindi,तत्सम-तद्भव,3,Set 3 - Practice,Practice Level,‘पाँव’ किस तत्सम शब्द का तद्भव रूप है?,पाद,मृतिका,अष्ट,कर्ण,A,‘पाँव’ का तत्सम रूप ‘पाद’ है।,,,Easy
519,Hindi,तत्सम-तद्भव,3,Set 3 - Practice,Practice Level,‘मुख’ का तद्भव रूप कौन-सा है?,कान,आँख,चाम,मुँह,D,‘मुख’ का तद्भव रूप ‘मुँह’ है।,,,Easy
520,Hindi,तत्सम-तद्भव,3,Set 3 - Practice,Practice Level,‘मुँह’ किस तत्सम शब्द का तद्भव रूप है?,हस्त,ग्राम,सर्प,मुख,D,‘मुँह’ का तत्सम रूप ‘मुख’ है।,,,Easy
521,Hindi,तत्सम-तद्भव,4,Set 4 - Practice,Practice Level,‘मृतिका’ का तद्भव रूप कौन-सा है?,साँप,कान,पाँव,मिट्टी,D,‘मृतिका’ का तद्भव रूप ‘मिट्टी’ है।,,,Easy
522,Hindi,तत्सम-तद्भव,4,Set 4 - Practice,Practice Level,‘मिट्टी’ किस तत्सम शब्द का तद्भव रूप है?,हस्त,अष्ट,क्षीर,मृतिका,D,‘मिट्टी’ का तत्सम रूप ‘मृतिका’ है।,,,Easy
523,Hindi,तत्सम-तद्भव,4,Set 4 - Practice,Practice Level,‘जिह्वा’ का तद्भव रूप कौन-सा है?,सात,आँख,जीभ,सूरज,C,‘जिह्वा’ का तद्भव रूप ‘जीभ’ है।,,,Easy
524,Hindi,तत्सम-तद्भव,4,Set 4 - Practice,Practice Level,‘जीभ’ किस तत्सम शब्द का तद्भव रूप है?,जिह्वा,मृतिका,सप्त,सूर्य,A,‘जीभ’ का तत्सम रूप ‘जिह्वा’ है।,,,Easy
525,Hindi,तत्सम-तद्भव,4,Set 4 - Practice,Practice Level,‘सर्प’ का तद्भव रूप कौन-सा है?,रात,साँप,सात,खीर,B,‘सर्प’ का तद्भव रूप ‘साँप’ है।,,,Easy
526,Hindi,तत्सम-तद्भव,4,Set 4 - Practice,Practice Level,‘साँप’ किस तत्सम शब्द का तद्भव रूप है?,सर्प,रात्रि,चर्म,हस्त,A,‘साँप’ का तत्सम रूप ‘सर्प’ है।,,,Easy
527,Hindi,तत्सम-तद्भव,4,Set 4 - Practice,Practice Level,‘सप्त’ का तद्भव रूप कौन-सा है?,सात,नाखून,मिट्टी,आठ,A,‘सप्त’ का तद्भव रूप ‘सात’ है।,,,Easy
528,Hindi,तत्सम-तद्भव,4,Set 4 - Practice,Practice Level,‘सात’ किस तत्सम शब्द का तद्भव रूप है?,सप्त,सूर्य,नख,सर्प,A,‘सात’ का तत्सम रूप ‘सप्त’ है।,,,Easy
529,Hindi,तत्सम-तद्भव,4,Set 4 - Practice,Practice Level,‘हस्त’ का तद्भव रूप कौन-सा है?,गाँव,नाखून,हाथ,चाम,C,‘हस्त’ का तद्भव रूप ‘हाथ’ है।,,,Easy
530,Hindi,तत्सम-तद्भव,4,Set 4 - Practice,Practice Level,‘हाथ’ किस तत्सम शब्द का तद्भव रूप है?,अग्नि,पाद,दुग्ध,हस्त,D,‘हाथ’ का तत्सम रूप ‘हस्त’ है।,,,Easy
531,Hindi,तत्सम-तद्भव,5,Set 5 - Practice,Practice Level,‘क्षीर’ का तद्भव रूप कौन-सा है?,आग,पाँव,खीर,साँप,C,‘क्षीर’ का तद्भव रूप ‘खीर’ है।,,,Easy
532,Hindi,तत्सम-तद्भव,5,Set 5 - Practice,Practice Level,‘खीर’ किस तत्सम शब्द का तद्भव रूप है?,दुग्ध,मुख,क्षीर,हस्त,C,‘खीर’ का तत्सम रूप ‘क्षीर’ है।,,,Easy
533,Hindi,तत्सम-तद्भव,5,Set 5 - Practice,Practice Level,‘ग्राम’ का तद्भव रूप कौन-सा है?,आँख,गाँव,पाँव,दाँत,B,‘ग्राम’ का तद्भव रूप ‘गाँव’ है।,,,Easy
534,Hindi,तत्सम-तद्भव,5,Set 5 - Practice,Practice Level,‘गाँव’ किस तत्सम शब्द का तद्भव रूप है?,सर्प,मृतिका,ग्राम,सूर्य,C,‘गाँव’ का तत्सम रूप ‘ग्राम’ है।,,,Easy
535,Hindi,तत्सम-तद्भव,5,Set 5 - Practice,Practice Level,‘रात्रि’ का तद्भव रूप कौन-सा है?,रात,मिट्टी,आग,मुँह,A,‘रात्रि’ का तद्भव रूप ‘रात’ है।,,,Easy
536,Hindi,तत्सम-तद्भव,5,Set 5 - Practice,Practice Level,‘रात’ किस तत्सम शब्द का तद्भव रूप है?,हस्त,चर्म,ग्राम,रात्रि,D,‘रात’ का तत्सम रूप ‘रात्रि’ है।,,,Easy
537,Hindi,तत्सम-तद्भव,5,Set 5 - Practice,Practice Level,‘सूर्य’ का तद्भव रूप कौन-सा है?,पाँव,मुँह,सूरज,सात,C,‘सूर्य’ का तद्भव रूप ‘सूरज’ है।,,,Easy
538,Hindi,तत्सम-तद्भव,5,Set 5 - Practice,Practice Level,‘सूरज’ किस तत्सम शब्द का तद्भव रूप है?,रात्रि,सूर्य,ग्राम,सर्प,B,‘सूरज’ का तत्सम रूप ‘सूर्य’ है।,,,Easy
539,Hindi,तत्सम-तद्भव,5,Set 5 - Practice,Practice Level,‘चर्म’ का तद्भव रूप कौन-सा है?,पाँव,रात,चाम,आठ,C,‘चर्म’ का तद्भव रूप ‘चाम’ है।,,,Easy
540,Hindi,तत्सम-तद्भव,5,Set 5 - Practice,Practice Level,‘चाम’ किस तत्सम शब्द का तद्भव रूप है?,चर्म,मुख,दंत,दुग्ध,A,‘चाम’ का तत्सम रूप ‘चर्म’ है।,,,Easy
541,Hindi,मुहावरे एवं लोकोक्तियाँ,2,Set 2 - Practice,Practice Level,‘आँखों का तारा’ मुहावरे का सही अर्थ क्या है?,बहुत प्रिय होना,भड़काना,भाग जाना,अपराध करते हुए पकड़ना,A,‘आँखों का तारा’ का अर्थ ‘बहुत प्रिय होना’ है।,,,Medium
542,Hindi,मुहावरे एवं लोकोक्तियाँ,2,Set 2 - Practice,Practice Level,‘बहुत प्रिय होना’ के लिए कौन-सा मुहावरा/लोकोक्ति उपयुक्त है?,आँखों का तारा,दाँतों तले उँगली दबाना,नौ दो ग्यारह होना,नाक में दम करना,A,सही मुहावरा/लोकोक्ति: ‘आँखों का तारा’।,,,Medium
543,Hindi,मुहावरे एवं लोकोक्तियाँ,2,Set 2 - Practice,Practice Level,‘आँखों में धूल झोंकना’ मुहावरे का सही अर्थ क्या है?,धोखा देना,बिल्कुल न हिलना,बहुत कम मात्रा,बहुत शोर करना,A,‘आँखों में धूल झोंकना’ का अर्थ ‘धोखा देना’ है।,,,Medium
544,Hindi,मुहावरे एवं लोकोक्तियाँ,2,Set 2 - Practice,Practice Level,‘धोखा देना’ के लिए कौन-सा मुहावरा/लोकोक्ति उपयुक्त है?,खून-पसीना एक करना,कमर कसना,आँखों में धूल झोंकना,हाथ पर हाथ धरे बैठना,C,सही मुहावरा/लोकोक्ति: ‘आँखों में धूल झोंकना’।,,,Medium
545,Hindi,मुहावरे एवं लोकोक्तियाँ,2,Set 2 - Practice,Practice Level,‘आसमान सिर पर उठाना’ मुहावरे का सही अर्थ क्या है?,बहुत आश्चर्य करना,बहुत शोर करना,शोभा बढ़ाना,बिल्कुल न हिलना,B,‘आसमान सिर पर उठाना’ का अर्थ ‘बहुत शोर करना’ है।,,,Medium
546,Hindi,मुहावरे एवं लोकोक्तियाँ,2,Set 2 - Practice,Practice Level,‘बहुत शोर करना’ के लिए कौन-सा मुहावरा/लोकोक्ति उपयुक्त है?,कान पर जूँ न रेंगना,खून-पसीना एक करना,आसमान सिर पर उठाना,नौ दो ग्यारह होना,C,सही मुहावरा/लोकोक्ति: ‘आसमान सिर पर उठाना’।,,,Medium
547,Hindi,मुहावरे एवं लोकोक्तियाँ,2,Set 2 - Practice,Practice Level,‘ईंट का जवाब पत्थर से देना’ मुहावरे का सही अर्थ क्या है?,बहुत आश्चर्य करना,कड़ा प्रतिकार करना,धोखा देना,तैयार होना,B,‘ईंट का जवाब पत्थर से देना’ का अर्थ ‘कड़ा प्रतिकार करना’ है।,,,Medium
548,Hindi,मुहावरे एवं लोकोक्तियाँ,2,Set 2 - Practice,Practice Level,‘कड़ा प्रतिकार करना’ के लिए कौन-सा मुहावरा/लोकोक्ति उपयुक्त है?,ईंट का जवाब पत्थर से देना,हाथ मलना,दाँत खट्टे करना,नौ दो ग्यारह होना,A,सही मुहावरा/लोकोक्ति: ‘ईंट का जवाब पत्थर से देना’।,,,Medium
549,Hindi,मुहावरे एवं लोकोक्तियाँ,2,Set 2 - Practice,Practice Level,‘नाक कटना’ मुहावरे का सही अर्थ क्या है?,बिल्कुल न हिलना,कोई असर न होना,बहुत आश्चर्य करना,अपमान होना,D,‘नाक कटना’ का अर्थ ‘अपमान होना’ है।,,,Medium
550,Hindi,मुहावरे एवं लोकोक्तियाँ,2,Set 2 - Practice,Practice Level,‘अपमान होना’ के लिए कौन-सा मुहावरा/लोकोक्ति उपयुक्त है?,टस से मस न होना,ऊँट के मुँह में जीरा,हाथ मलना,नाक कटना,D,सही मुहावरा/लोकोक्ति: ‘नाक कटना’।,,,Medium
551,Hindi,मुहावरे एवं लोकोक्तियाँ,3,Set 3 - Practice,Practice Level,‘नाक में दम करना’ मुहावरे का सही अर्थ क्या है?,मरने-मारने को तैयार होना,शोभा बढ़ाना,बहुत परेशान करना,पछताना,C,‘नाक में दम करना’ का अर्थ ‘बहुत परेशान करना’ है।,,,Medium
552,Hindi,मुहावरे एवं लोकोक्तियाँ,3,Set 3 - Practice,Practice Level,‘बहुत परेशान करना’ के लिए कौन-सा मुहावरा/लोकोक्ति उपयुक्त है?,कमर कसना,रंगे हाथ पकड़ना,नौ दो ग्यारह होना,नाक में दम करना,D,सही मुहावरा/लोकोक्ति: ‘नाक में दम करना’।,,,Medium
553,Hindi,मुहावरे एवं लोकोक्तियाँ,3,Set 3 - Practice,Practice Level,‘दाँत खट्टे करना’ मुहावरे का सही अर्थ क्या है?,भाग जाना,बहुत शोर करना,बुरी तरह हरा देना,पछताना,C,‘दाँत खट्टे करना’ का अर्थ ‘बुरी तरह हरा देना’ है।,,,Medium
554,Hindi,मुहावरे एवं लोकोक्तियाँ,3,Set 3 - Practice,Practice Level,‘बुरी तरह हरा देना’ के लिए कौन-सा मुहावरा/लोकोक्ति उपयुक्त है?,हाथ मलना,खून-पसीना एक करना,दाँत खट्टे करना,टस से मस न होना,C,सही मुहावरा/लोकोक्ति: ‘दाँत खट्टे करना’।,,,Medium
555,Hindi,मुहावरे एवं लोकोक्तियाँ,3,Set 3 - Practice,Practice Level,‘दाँतों तले उँगली दबाना’ मुहावरे का सही अर्थ क्या है?,बहुत प्रिय होना,बहुत आश्चर्य करना,निष्क्रिय बैठना,तैयार होना,B,‘दाँतों तले उँगली दबाना’ का अर्थ ‘बहुत आश्चर्य करना’ है।,,,Medium
556,Hindi,मुहावरे एवं लोकोक्तियाँ,3,Set 3 - Practice,Practice Level,‘बहुत आश्चर्य करना’ के लिए कौन-सा मुहावरा/लोकोक्ति उपयुक्त है?,रंगे हाथ पकड़ना,खून-पसीना एक करना,दाँतों तले उँगली दबाना,नौ दो ग्यारह होना,C,सही मुहावरा/लोकोक्ति: ‘दाँतों तले उँगली दबाना’।,,,Medium
557,Hindi,मुहावरे एवं लोकोक्तियाँ,3,Set 3 - Practice,Practice Level,‘हाथ मलना’ मुहावरे का सही अर्थ क्या है?,पछताना,बुरी तरह हरा देना,भड़काना,बहुत परेशान करना,A,‘हाथ मलना’ का अर्थ ‘पछताना’ है।,,,Medium
558,Hindi,मुहावरे एवं लोकोक्तियाँ,3,Set 3 - Practice,Practice Level,‘पछताना’ के लिए कौन-सा मुहावरा/लोकोक्ति उपयुक्त है?,हाथ मलना,हाथ पर हाथ धरे बैठना,सिर पर कफन बाँधना,ऊँट के मुँह में जीरा,A,सही मुहावरा/लोकोक्ति: ‘हाथ मलना’।,,,Medium
559,Hindi,मुहावरे एवं लोकोक्तियाँ,3,Set 3 - Practice,Practice Level,‘हाथ पर हाथ धरे बैठना’ मुहावरे का सही अर्थ क्या है?,भाग जाना,निष्क्रिय बैठना,धोखा देना,बहुत शोर करना,B,‘हाथ पर हाथ धरे बैठना’ का अर्थ ‘निष्क्रिय बैठना’ है।,,,Medium
560,Hindi,मुहावरे एवं लोकोक्तियाँ,3,Set 3 - Practice,Practice Level,‘निष्क्रिय बैठना’ के लिए कौन-सा मुहावरा/लोकोक्ति उपयुक्त है?,दाँत खट्टे करना,सिर पर कफन बाँधना,हाथ पर हाथ धरे बैठना,चार चाँद लगाना,C,सही मुहावरा/लोकोक्ति: ‘हाथ पर हाथ धरे बैठना’।,,,Medium
561,Hindi,मुहावरे एवं लोकोक्तियाँ,4,Set 4 - Practice,Practice Level,‘कमर कसना’ मुहावरे का सही अर्थ क्या है?,धोखा देना,तैयार होना,मरने-मारने को तैयार होना,पछताना,B,‘कमर कसना’ का अर्थ ‘तैयार होना’ है।,,,Medium
562,Hindi,मुहावरे एवं लोकोक्तियाँ,4,Set 4 - Practice,Practice Level,‘तैयार होना’ के लिए कौन-सा मुहावरा/लोकोक्ति उपयुक्त है?,कमर कसना,आँखों में धूल झोंकना,नौ दो ग्यारह होना,खून-पसीना एक करना,A,सही मुहावरा/लोकोक्ति: ‘कमर कसना’।,,,Medium
563,Hindi,मुहावरे एवं लोकोक्तियाँ,4,Set 4 - Practice,Practice Level,‘कान भरना’ मुहावरे का सही अर्थ क्या है?,बहुत परेशान करना,बिल्कुल न हिलना,भड़काना,बहुत आश्चर्य करना,C,‘कान भरना’ का अर्थ ‘भड़काना’ है।,,,Medium
564,Hindi,मुहावरे एवं लोकोक्तियाँ,4,Set 4 - Practice,Practice Level,‘भड़काना’ के लिए कौन-सा मुहावरा/लोकोक्ति उपयुक्त है?,कान पर जूँ न रेंगना,हाथ मलना,हाथ पर हाथ धरे बैठना,कान भरना,D,सही मुहावरा/लोकोक्ति: ‘कान भरना’।,,,Medium
565,Hindi,मुहावरे एवं लोकोक्तियाँ,4,Set 4 - Practice,Practice Level,‘कान पर जूँ न रेंगना’ मुहावरे का सही अर्थ क्या है?,धोखा देना,बहुत कम मात्रा,बहुत शोर करना,कोई असर न होना,D,‘कान पर जूँ न रेंगना’ का अर्थ ‘कोई असर न होना’ है।,,,Medium
566,Hindi,मुहावरे एवं लोकोक्तियाँ,4,Set 4 - Practice,Practice Level,‘कोई असर न होना’ के लिए कौन-सा मुहावरा/लोकोक्ति उपयुक्त है?,रंगे हाथ पकड़ना,ईंट का जवाब पत्थर से देना,कान भरना,कान पर जूँ न रेंगना,D,सही मुहावरा/लोकोक्ति: ‘कान पर जूँ न रेंगना’।,,,Medium
567,Hindi,मुहावरे एवं लोकोक्तियाँ,4,Set 4 - Practice,Practice Level,‘खून-पसीना एक करना’ मुहावरे का सही अर्थ क्या है?,कोई असर न होना,बहुत मेहनत करना,बहुत आश्चर्य करना,पछताना,B,‘खून-पसीना एक करना’ का अर्थ ‘बहुत मेहनत करना’ है।,,,Medium
568,Hindi,मुहावरे एवं लोकोक्तियाँ,4,Set 4 - Practice,Practice Level,‘बहुत मेहनत करना’ के लिए कौन-सा मुहावरा/लोकोक्ति उपयुक्त है?,खून-पसीना एक करना,कान भरना,हाथ पर हाथ धरे बैठना,नौ दो ग्यारह होना,A,सही मुहावरा/लोकोक्ति: ‘खून-पसीना एक करना’।,,,Medium
569,Hindi,मुहावरे एवं लोकोक्तियाँ,4,Set 4 - Practice,Practice Level,‘रंगे हाथ पकड़ना’ मुहावरे का सही अर्थ क्या है?,कोई असर न होना,बहुत शोर करना,कड़ा प्रतिकार करना,अपराध करते हुए पकड़ना,D,‘रंगे हाथ पकड़ना’ का अर्थ ‘अपराध करते हुए पकड़ना’ है।,,,Medium
570,Hindi,मुहावरे एवं लोकोक्तियाँ,4,Set 4 - Practice,Practice Level,‘अपराध करते हुए पकड़ना’ के लिए कौन-सा मुहावरा/लोकोक्ति उपयुक्त है?,आँखों का तारा,नाक कटना,रंगे हाथ पकड़ना,कान पर जूँ न रेंगना,C,सही मुहावरा/लोकोक्ति: ‘रंगे हाथ पकड़ना’।,,,Medium
571,Hindi,मुहावरे एवं लोकोक्तियाँ,5,Set 5 - Practice,Practice Level,‘सिर पर कफन बाँधना’ मुहावरे का सही अर्थ क्या है?,बहुत प्रिय होना,बहुत कम मात्रा,मरने-मारने को तैयार होना,बिल्कुल न हिलना,C,‘सिर पर कफन बाँधना’ का अर्थ ‘मरने-मारने को तैयार होना’ है।,,,Medium
572,Hindi,मुहावरे एवं लोकोक्तियाँ,5,Set 5 - Practice,Practice Level,‘मरने-मारने को तैयार होना’ के लिए कौन-सा मुहावरा/लोकोक्ति उपयुक्त है?,नौ दो ग्यारह होना,टस से मस न होना,खून-पसीना एक करना,सिर पर कफन बाँधना,D,सही मुहावरा/लोकोक्ति: ‘सिर पर कफन बाँधना’।,,,Medium
573,Hindi,मुहावरे एवं लोकोक्तियाँ,5,Set 5 - Practice,Practice Level,‘चार चाँद लगाना’ मुहावरे का सही अर्थ क्या है?,बहुत शोर करना,शोभा बढ़ाना,बहुत कम मात्रा,कोई असर न होना,B,‘चार चाँद लगाना’ का अर्थ ‘शोभा बढ़ाना’ है।,,,Medium
574,Hindi,मुहावरे एवं लोकोक्तियाँ,5,Set 5 - Practice,Practice Level,‘शोभा बढ़ाना’ के लिए कौन-सा मुहावरा/लोकोक्ति उपयुक्त है?,कमर कसना,दाँत खट्टे करना,सिर पर कफन बाँधना,चार चाँद लगाना,D,सही मुहावरा/लोकोक्ति: ‘चार चाँद लगाना’।,,,Medium
575,Hindi,मुहावरे एवं लोकोक्तियाँ,5,Set 5 - Practice,Practice Level,‘टस से मस न होना’ मुहावरे का सही अर्थ क्या है?,अपमान होना,पछताना,शोभा बढ़ाना,बिल्कुल न हिलना,D,‘टस से मस न होना’ का अर्थ ‘बिल्कुल न हिलना’ है।,,,Medium
576,Hindi,मुहावरे एवं लोकोक्तियाँ,5,Set 5 - Practice,Practice Level,‘बिल्कुल न हिलना’ के लिए कौन-सा मुहावरा/लोकोक्ति उपयुक्त है?,कान भरना,चार चाँद लगाना,हाथ पर हाथ धरे बैठना,टस से मस न होना,D,सही मुहावरा/लोकोक्ति: ‘टस से मस न होना’।,,,Medium
577,Hindi,मुहावरे एवं लोकोक्तियाँ,5,Set 5 - Practice,Practice Level,‘नौ दो ग्यारह होना’ मुहावरे का सही अर्थ क्या है?,तैयार होना,भाग जाना,बिल्कुल न हिलना,अपराध करते हुए पकड़ना,B,‘नौ दो ग्यारह होना’ का अर्थ ‘भाग जाना’ है।,,,Medium
578,Hindi,मुहावरे एवं लोकोक्तियाँ,5,Set 5 - Practice,Practice Level,‘भाग जाना’ के लिए कौन-सा मुहावरा/लोकोक्ति उपयुक्त है?,नौ दो ग्यारह होना,कान पर जूँ न रेंगना,कमर कसना,ईंट का जवाब पत्थर से देना,A,सही मुहावरा/लोकोक्ति: ‘नौ दो ग्यारह होना’।,,,Medium
579,Hindi,मुहावरे एवं लोकोक्तियाँ,5,Set 5 - Practice,Practice Level,‘ऊँट के मुँह में जीरा’ मुहावरे का सही अर्थ क्या है?,बहुत कम मात्रा,बहुत परेशान करना,तैयार होना,बुरी तरह हरा देना,A,‘ऊँट के मुँह में जीरा’ का अर्थ ‘बहुत कम मात्रा’ है।,,,Medium
580,Hindi,मुहावरे एवं लोकोक्तियाँ,5,Set 5 - Practice,Practice Level,‘बहुत कम मात्रा’ के लिए कौन-सा मुहावरा/लोकोक्ति उपयुक्त है?,ऊँट के मुँह में जीरा,दाँत खट्टे करना,दाँतों तले उँगली दबाना,खून-पसीना एक करना,A,सही मुहावरा/लोकोक्ति: ‘ऊँट के मुँह में जीरा’।,,,Medium
581,Hindi,हिंदी व्याकरण,2,Set 2 - Practice,Practice Level,"व्यक्ति, वस्तु, स्थान या भाव के नाम को को क्या कहते हैं?",क्रियाविशेषण,कर्ता,विस्मयादिबोधक,संज्ञा,D,सही उत्तर: संज्ञा।,,,Easy
582,Hindi,हिंदी व्याकरण,2,Set 2 - Practice,Practice Level,‘संज्ञा’ की सही परिभाषा कौन-सी है?,विपरीत अर्थ वाले शब्द,"व्यक्ति, वस्तु, स्थान या भाव के नाम को",एक या अनेक का बोध कराने वाले रूप को,"जिसके रूप में लिंग, वचन आदि से परिवर्तन न हो",B,"‘संज्ञा’ की परिभाषा: व्यक्ति, वस्तु, स्थान या भाव के नाम को।",,,Easy
583,Hindi,हिंदी व्याकरण,2,Set 2 - Practice,Practice Level,संज्ञा के स्थान पर प्रयुक्त शब्द को को क्या कहते हैं?,संबंधबोधक,संज्ञा,वाक्य,सर्वनाम,D,सही उत्तर: सर्वनाम।,,,Easy
584,Hindi,हिंदी व्याकरण,2,Set 2 - Practice,Practice Level,‘सर्वनाम’ की सही परिभाषा कौन-सी है?,संज्ञा के स्थान पर प्रयुक्त शब्द को,"हर्ष, शोक, आश्चर्य आदि का बोध कराने वाले शब्द को",शब्दों या वाक्यों को जोड़ने वाले अव्यय को,क्रिया का फल पाने वाले को,A,‘सर्वनाम’ की परिभाषा: संज्ञा के स्थान पर प्रयुक्त शब्द को।,,,Easy
585,Hindi,हिंदी व्याकरण,2,Set 2 - Practice,Practice Level,संज्ञा या सर्वनाम की विशेषता बताने वाले शब्द को को क्या कहते हैं?,विशेषण,विलोम,संज्ञा,पर्यायवाची,A,सही उत्तर: विशेषण।,,,Easy
586,Hindi,हिंदी व्याकरण,2,Set 2 - Practice,Practice Level,‘विशेषण’ की सही परिभाषा कौन-सी है?,संज्ञा/सर्वनाम का संबंध बताने वाले अव्यय को,"बोलने वाले, सुनने वाले या जिसके बारे में कहा जाए, उसका व्याकरणिक भेद",संज्ञा या सर्वनाम की विशेषता बताने वाले शब्द को,शब्दों का सार्थक एवं व्यवस्थित समूह,C,‘विशेषण’ की परिभाषा: संज्ञा या सर्वनाम की विशेषता बताने वाले शब्द को।,,,Easy
587,Hindi,हिंदी व्याकरण,2,Set 2 - Practice,Practice Level,काम या अवस्था का बोध कराने वाले शब्द को को क्या कहते हैं?,क्रिया,संज्ञा,संबंधबोधक,क्रियाविशेषण,A,सही उत्तर: क्रिया।,,,Easy
588,Hindi,हिंदी व्याकरण,2,Set 2 - Practice,Practice Level,‘क्रिया’ की सही परिभाषा कौन-सी है?,संज्ञा/सर्वनाम का संबंध बताने वाले अव्यय को,काम या अवस्था का बोध कराने वाले शब्द को,क्रिया का फल पाने वाले को,क्रिया करने वाले को,B,‘क्रिया’ की परिभाषा: काम या अवस्था का बोध कराने वाले शब्द को।,,,Easy
589,Hindi,हिंदी व्याकरण,2,Set 2 - Practice,Practice Level,क्रिया की विशेषता बताने वाले शब्द को को क्या कहते हैं?,विस्मयादिबोधक,पुरुष,क्रियाविशेषण,संज्ञा,C,सही उत्तर: क्रियाविशेषण।,,,Easy
590,Hindi,हिंदी व्याकरण,2,Set 2 - Practice,Practice Level,‘क्रियाविशेषण’ की सही परिभाषा कौन-सी है?,क्रिया की विशेषता बताने वाले शब्द को,विपरीत अर्थ वाले शब्द,संज्ञा या सर्वनाम की विशेषता बताने वाले शब्द को,क्रिया करने वाले को,A,‘क्रियाविशेषण’ की परिभाषा: क्रिया की विशेषता बताने वाले शब्द को।,,,Easy
591,Hindi,हिंदी व्याकरण,3,Set 3 - Practice,Practice Level,शब्दों या वाक्यों को जोड़ने वाले अव्यय को को क्या कहते हैं?,लिंग,काल,क्रिया,समुच्चयबोधक,D,सही उत्तर: समुच्चयबोधक।,,,Easy
592,Hindi,हिंदी व्याकरण,3,Set 3 - Practice,Practice Level,‘समुच्चयबोधक’ की सही परिभाषा कौन-सी है?,क्रिया के समय का बोध कराने वाले रूप को,शब्द के आरंभ में जुड़कर अर्थ में परिवर्तन करने वाला अंश,समान या लगभग समान अर्थ वाले शब्द,शब्दों या वाक्यों को जोड़ने वाले अव्यय को,D,‘समुच्चयबोधक’ की परिभाषा: शब्दों या वाक्यों को जोड़ने वाले अव्यय को।,,,Easy
593,Hindi,हिंदी व्याकरण,3,Set 3 - Practice,Practice Level,संज्ञा/सर्वनाम का संबंध बताने वाले अव्यय को को क्या कहते हैं?,सर्वनाम,विस्मयादिबोधक,संबंधबोधक,पुरुष,C,सही उत्तर: संबंधबोधक।,,,Easy
594,Hindi,हिंदी व्याकरण,3,Set 3 - Practice,Practice Level,‘संबंधबोधक’ की सही परिभाषा कौन-सी है?,समान या लगभग समान अर्थ वाले शब्द,संज्ञा/सर्वनाम का संबंध बताने वाले अव्यय को,क्रिया का फल पाने वाले को,"बोलने वाले, सुनने वाले या जिसके बारे में कहा जाए, उसका व्याकरणिक भेद",B,‘संबंधबोधक’ की परिभाषा: संज्ञा/सर्वनाम का संबंध बताने वाले अव्यय को।,,,Easy
595,Hindi,हिंदी व्याकरण,3,Set 3 - Practice,Practice Level,"हर्ष, शोक, आश्चर्य आदि का बोध कराने वाले शब्द को को क्या कहते हैं?",विस्मयादिबोधक,अव्यय,उपसर्ग,वचन,A,सही उत्तर: विस्मयादिबोधक।,,,Easy
596,Hindi,हिंदी व्याकरण,3,Set 3 - Practice,Practice Level,‘विस्मयादिबोधक’ की सही परिभाषा कौन-सी है?,क्रिया की विशेषता बताने वाले शब्द को,"जिसके रूप में लिंग, वचन आदि से परिवर्तन न हो",संज्ञा/सर्वनाम का संबंध बताने वाले अव्यय को,"हर्ष, शोक, आश्चर्य आदि का बोध कराने वाले शब्द को",D,"‘विस्मयादिबोधक’ की परिभाषा: हर्ष, शोक, आश्चर्य आदि का बोध कराने वाले शब्द को।",,,Easy
597,Hindi,हिंदी व्याकरण,3,Set 3 - Practice,Practice Level,स्त्री या पुरुष जाति का बोध कराने वाले व्याकरणिक रूप को को क्या कहते हैं?,विलोम,प्रत्यय,विशेषण,लिंग,D,सही उत्तर: लिंग।,,,Easy
598,Hindi,हिंदी व्याकरण,3,Set 3 - Practice,Practice Level,‘लिंग’ की सही परिभाषा कौन-सी है?,शब्द के अंत में जुड़कर नया शब्द बनाने वाला अंश,"हर्ष, शोक, आश्चर्य आदि का बोध कराने वाले शब्द को",स्त्री या पुरुष जाति का बोध कराने वाले व्याकरणिक रूप को,क्रिया के समय का बोध कराने वाले रूप को,C,‘लिंग’ की परिभाषा: स्त्री या पुरुष जाति का बोध कराने वाले व्याकरणिक रूप को।,,,Easy
599,Hindi,हिंदी व्याकरण,3,Set 3 - Practice,Practice Level,एक या अनेक का बोध कराने वाले रूप को को क्या कहते हैं?,पुरुष,विस्मयादिबोधक,प्रत्यय,वचन,D,सही उत्तर: वचन।,,,Easy
600,Hindi,हिंदी व्याकरण,3,Set 3 - Practice,Practice Level,‘वचन’ की सही परिभाषा कौन-सी है?,विपरीत अर्थ वाले शब्द,शब्द के अंत में जुड़कर नया शब्द बनाने वाला अंश,एक या अनेक का बोध कराने वाले रूप को,संज्ञा या सर्वनाम की विशेषता बताने वाले शब्द को,C,‘वचन’ की परिभाषा: एक या अनेक का बोध कराने वाले रूप को।,,,Easy
601,Hindi,हिंदी व्याकरण,4,Set 4 - Practice,Practice Level,क्रिया के समय का बोध कराने वाले रूप को को क्या कहते हैं?,सर्वनाम,संबंधबोधक,उपसर्ग,काल,D,सही उत्तर: काल।,,,Easy
602,Hindi,हिंदी व्याकरण,4,Set 4 - Practice,Practice Level,‘काल’ की सही परिभाषा कौन-सी है?,संज्ञा या सर्वनाम की विशेषता बताने वाले शब्द को,क्रिया के समय का बोध कराने वाले रूप को,स्त्री या पुरुष जाति का बोध कराने वाले व्याकरणिक रूप को,विपरीत अर्थ वाले शब्द,B,‘काल’ की परिभाषा: क्रिया के समय का बोध कराने वाले रूप को।,,,Easy
603,Hindi,हिंदी व्याकरण,4,Set 4 - Practice,Practice Level,"बोलने वाले, सुनने वाले या जिसके बारे में कहा जाए, उसका व्याकरणिक भेद को क्या कहते हैं?",पुरुष,क्रिया,विशेषण,विलोम,A,सही उत्तर: पुरुष।,,,Easy
604,Hindi,हिंदी व्याकरण,4,Set 4 - Practice,Practice Level,‘पुरुष’ की सही परिभाषा कौन-सी है?,"व्यक्ति, वस्तु, स्थान या भाव के नाम को",संज्ञा या सर्वनाम की विशेषता बताने वाले शब्द को,"बोलने वाले, सुनने वाले या जिसके बारे में कहा जाए, उसका व्याकरणिक भेद",शब्दों का सार्थक एवं व्यवस्थित समूह,C,"‘पुरुष’ की परिभाषा: बोलने वाले, सुनने वाले या जिसके बारे में कहा जाए, उसका व्याकरणिक भेद।",,,Easy
605,Hindi,हिंदी व्याकरण,4,Set 4 - Practice,Practice Level,क्रिया करने वाले को को क्या कहते हैं?,विलोम,पर्यायवाची,विस्मयादिबोधक,कर्ता,D,सही उत्तर: कर्ता।,,,Easy
606,Hindi,हिंदी व्याकरण,4,Set 4 - Practice,Practice Level,‘कर्ता’ की सही परिभाषा कौन-सी है?,एक या अनेक का बोध कराने वाले रूप को,क्रिया के समय का बोध कराने वाले रूप को,शब्दों का सार्थक एवं व्यवस्थित समूह,क्रिया करने वाले को,D,‘कर्ता’ की परिभाषा: क्रिया करने वाले को।,,,Easy
607,Hindi,हिंदी व्याकरण,4,Set 4 - Practice,Practice Level,क्रिया का फल पाने वाले को को क्या कहते हैं?,कर्म,कर्ता,वाक्य,लिंग,A,सही उत्तर: कर्म।,,,Easy
608,Hindi,हिंदी व्याकरण,4,Set 4 - Practice,Practice Level,‘कर्म’ की सही परिभाषा कौन-सी है?,"व्यक्ति, वस्तु, स्थान या भाव के नाम को",क्रिया के समय का बोध कराने वाले रूप को,क्रिया करने वाले को,क्रिया का फल पाने वाले को,D,‘कर्म’ की परिभाषा: क्रिया का फल पाने वाले को।,,,Easy
609,Hindi,हिंदी व्याकरण,4,Set 4 - Practice,Practice Level,शब्दों का सार्थक एवं व्यवस्थित समूह को क्या कहते हैं?,वचन,वाक्य,कर्ता,लिंग,B,सही उत्तर: वाक्य।,,,Easy
610,Hindi,हिंदी व्याकरण,4,Set 4 - Practice,Practice Level,‘वाक्य’ की सही परिभाषा कौन-सी है?,काम या अवस्था का बोध कराने वाले शब्द को,शब्दों का सार्थक एवं व्यवस्थित समूह,शब्द के आरंभ में जुड़कर अर्थ में परिवर्तन करने वाला अंश,क्रिया की विशेषता बताने वाले शब्द को,B,‘वाक्य’ की परिभाषा: शब्दों का सार्थक एवं व्यवस्थित समूह।,,,Easy
611,Hindi,हिंदी व्याकरण,5,Set 5 - Practice,Practice Level,समान या लगभग समान अर्थ वाले शब्द को क्या कहते हैं?,विस्मयादिबोधक,अव्यय,पर्यायवाची,क्रिया,C,सही उत्तर: पर्यायवाची।,,,Easy
612,Hindi,हिंदी व्याकरण,5,Set 5 - Practice,Practice Level,‘पर्यायवाची’ की सही परिभाषा कौन-सी है?,क्रिया के समय का बोध कराने वाले रूप को,समान या लगभग समान अर्थ वाले शब्द,"व्यक्ति, वस्तु, स्थान या भाव के नाम को",विपरीत अर्थ वाले शब्द,B,‘पर्यायवाची’ की परिभाषा: समान या लगभग समान अर्थ वाले शब्द।,,,Easy
613,Hindi,हिंदी व्याकरण,5,Set 5 - Practice,Practice Level,विपरीत अर्थ वाले शब्द को क्या कहते हैं?,पर्यायवाची,समुच्चयबोधक,विलोम,कर्म,C,सही उत्तर: विलोम।,,,Easy
614,Hindi,हिंदी व्याकरण,5,Set 5 - Practice,Practice Level,‘विलोम’ की सही परिभाषा कौन-सी है?,समान या लगभग समान अर्थ वाले शब्द,विपरीत अर्थ वाले शब्द,शब्द के आरंभ में जुड़कर अर्थ में परिवर्तन करने वाला अंश,शब्दों या वाक्यों को जोड़ने वाले अव्यय को,B,‘विलोम’ की परिभाषा: विपरीत अर्थ वाले शब्द।,,,Easy
615,Hindi,हिंदी व्याकरण,5,Set 5 - Practice,Practice Level,"जिसके रूप में लिंग, वचन आदि से परिवर्तन न हो को क्या कहते हैं?",प्रत्यय,उपसर्ग,अव्यय,विस्मयादिबोधक,C,सही उत्तर: अव्यय।,,,Easy
616,Hindi,हिंदी व्याकरण,5,Set 5 - Practice,Practice Level,‘अव्यय’ की सही परिभाषा कौन-सी है?,शब्दों का सार्थक एवं व्यवस्थित समूह,"जिसके रूप में लिंग, वचन आदि से परिवर्तन न हो",क्रिया के समय का बोध कराने वाले रूप को,संज्ञा/सर्वनाम का संबंध बताने वाले अव्यय को,B,"‘अव्यय’ की परिभाषा: जिसके रूप में लिंग, वचन आदि से परिवर्तन न हो।",,,Easy
617,Hindi,हिंदी व्याकरण,5,Set 5 - Practice,Practice Level,शब्द के आरंभ में जुड़कर अर्थ में परिवर्तन करने वाला अंश को क्या कहते हैं?,वचन,संज्ञा,विलोम,उपसर्ग,D,सही उत्तर: उपसर्ग।,,,Easy
618,Hindi,हिंदी व्याकरण,5,Set 5 - Practice,Practice Level,‘उपसर्ग’ की सही परिभाषा कौन-सी है?,शब्द के अंत में जुड़कर नया शब्द बनाने वाला अंश,शब्द के आरंभ में जुड़कर अर्थ में परिवर्तन करने वाला अंश,"हर्ष, शोक, आश्चर्य आदि का बोध कराने वाले शब्द को",शब्दों का सार्थक एवं व्यवस्थित समूह,B,‘उपसर्ग’ की परिभाषा: शब्द के आरंभ में जुड़कर अर्थ में परिवर्तन करने वाला अंश।,,,Easy
619,Hindi,हिंदी व्याकरण,5,Set 5 - Practice,Practice Level,शब्द के अंत में जुड़कर नया शब्द बनाने वाला अंश को क्या कहते हैं?,सर्वनाम,प्रत्यय,समुच्चयबोधक,संज्ञा,B,सही उत्तर: प्रत्यय।,,,Easy
620,Hindi,हिंदी व्याकरण,5,Set 5 - Practice,Practice Level,‘प्रत्यय’ की सही परिभाषा कौन-सी है?,क्रिया के समय का बोध कराने वाले रूप को,"जिसके रूप में लिंग, वचन आदि से परिवर्तन न हो",शब्द के अंत में जुड़कर नया शब्द बनाने वाला अंश,"हर्ष, शोक, आश्चर्य आदि का बोध कराने वाले शब्द को",C,‘प्रत्यय’ की परिभाषा: शब्द के अंत में जुड़कर नया शब्द बनाने वाला अंश।,,,Easy
621,Hindi,वाक्य शुद्धि,2,Set 2 - Practice,Practice Level,निम्न में शुद्ध वाक्य कौन-सा है? (अशुद्ध: मेरे को बाजार जाना है।),वह मुझे बुला रहा है।,मुझे बाजार जाना है।,मैंने उसे कल देखा था।,वह मुझसे बड़ा है।,B,शुद्ध रूप: मुझे बाजार जाना है।,,,Medium
622,Hindi,वाक्य शुद्धि,2,Set 2 - Practice,Practice Level,वाक्य ‘मेरे को बाजार जाना है।’ का शुद्ध रूप क्या होगा?,मुझे हिंदी बोलना आता है।,यह बात सुनकर मुझे आश्चर्य हुआ।,मुझे बाजार जाना है।,वह मुझसे बड़ा है।,C,शुद्ध रूप: मुझे बाजार जाना है।,,,Medium
623,Hindi,वाक्य शुद्धि,2,Set 2 - Practice,Practice Level,निम्न में शुद्ध वाक्य कौन-सा है? (अशुद्ध: वह मेरे से बड़ा है।),लड़कियाँ गीत गा रही हैं।,राम ने आम खाया।,वह मुझसे बड़ा है।,यह पुस्तक बहुत अच्छी है।,C,शुद्ध रूप: वह मुझसे बड़ा है।,,,Medium
624,Hindi,वाक्य शुद्धि,2,Set 2 - Practice,Practice Level,वाक्य ‘वह मेरे से बड़ा है।’ का शुद्ध रूप क्या होगा?,वह श्रेष्ठतम है।,मुझे बाजार जाना है।,आप कहाँ जा रहे हैं?,वह मुझसे बड़ा है।,D,शुद्ध रूप: वह मुझसे बड़ा है।,,,Medium
625,Hindi,वाक्य शुद्धि,2,Set 2 - Practice,Practice Level,निम्न में शुद्ध वाक्य कौन-सा है? (अशुद्ध: राम ने आम को खाया।),मुझे दो रुपये चाहिए।,राम ने आम खाया।,मुझे बाजार जाना है।,आप कहाँ जा रहे हैं?,B,शुद्ध रूप: राम ने आम खाया।,,,Medium
626,Hindi,वाक्य शुद्धि,2,Set 2 - Practice,Practice Level,वाक्य ‘राम ने आम को खाया।’ का शुद्ध रूप क्या होगा?,यह बात सुनकर मुझे आश्चर्य हुआ।,राम ने आम खाया।,मुझे बाजार जाना है।,मुझे हिंदी बोलना आता है।,B,शुद्ध रूप: राम ने आम खाया।,,,Medium
627,Hindi,वाक्य शुद्धि,2,Set 2 - Practice,Practice Level,निम्न में शुद्ध वाक्य कौन-सा है? (अशुद्ध: सीता स्कूल जाती हैं।),यह बात सुनकर मुझे आश्चर्य हुआ।,सीता स्कूल जाती है।,राम और श्याम बाजार गए।,लड़कियाँ गीत गा रही हैं।,B,शुद्ध रूप: सीता स्कूल जाती है।,,,Medium
628,Hindi,वाक्य शुद्धि,2,Set 2 - Practice,Practice Level,वाक्य ‘सीता स्कूल जाती हैं।’ का शुद्ध रूप क्या होगा?,मैंने उसे कल देखा था।,सीता स्कूल जाती है।,मैंने खाना खा लिया है।,यह बात सुनकर मुझे आश्चर्य हुआ।,B,शुद्ध रूप: सीता स्कूल जाती है।,,,Medium
629,Hindi,वाक्य शुद्धि,2,Set 2 - Practice,Practice Level,निम्न में शुद्ध वाक्य कौन-सा है? (अशुद्ध: मैंने उसको कल देखा था।),राम ने आम खाया।,राम और श्याम बाजार गए।,वह प्रतिदिन विद्यालय जाता है।,मैंने उसे कल देखा था।,D,शुद्ध रूप: मैंने उसे कल देखा था।,,,Medium
630,Hindi,वाक्य शुद्धि,2,Set 2 - Practice,Practice Level,वाक्य ‘मैंने उसको कल देखा था।’ का शुद्ध रूप क्या होगा?,मैंने उसे कल देखा था।,सीता स्कूल जाती है।,वह मुझे बुला रहा है।,लड़कियाँ गीत गा रही हैं।,A,शुद्ध रूप: मैंने उसे कल देखा था।,,,Medium
631,Hindi,वाक्य शुद्धि,3,Set 3 - Practice,Practice Level,निम्न में शुद्ध वाक्य कौन-सा है? (अशुद्ध: वह मेरे को बुला रहा है।),गाय घास खाती है।,मैंने खाना खा लिया है।,वह प्रतिदिन विद्यालय जाता है।,वह मुझे बुला रहा है।,D,शुद्ध रूप: वह मुझे बुला रहा है।,,,Medium
632,Hindi,वाक्य शुद्धि,3,Set 3 - Practice,Practice Level,वाक्य ‘वह मेरे को बुला रहा है।’ का शुद्ध रूप क्या होगा?,वह मुझे बुला रहा है।,मुझे हिंदी बोलना आता है।,मैंने खाना खा लिया है।,वह मुझसे बड़ा है।,A,शुद्ध रूप: वह मुझे बुला रहा है।,,,Medium
633,Hindi,वाक्य शुद्धि,3,Set 3 - Practice,Practice Level,निम्न में शुद्ध वाक्य कौन-सा है? (अशुद्ध: यह पुस्तक बहुत अच्छी हैं।),आप कहाँ जा रहे हैं?,मैंने उसे कल देखा था।,राम और श्याम बाजार गए।,यह पुस्तक बहुत अच्छी है।,D,शुद्ध रूप: यह पुस्तक बहुत अच्छी है।,,,Medium
634,Hindi,वाक्य शुद्धि,3,Set 3 - Practice,Practice Level,वाक्य ‘यह पुस्तक बहुत अच्छी हैं।’ का शुद्ध रूप क्या होगा?,गाय घास खाती है।,यह पुस्तक बहुत अच्छी है।,राम और श्याम बाजार गए।,मुझे हिंदी बोलना आता है।,B,शुद्ध रूप: यह पुस्तक बहुत अच्छी है।,,,Medium
635,Hindi,वाक्य शुद्धि,3,Set 3 - Practice,Practice Level,निम्न में शुद्ध वाक्य कौन-सा है? (अशुद्ध: बच्चे मैदान में खेल रहा है।),लड़कियाँ गीत गा रही हैं।,वह प्रतिदिन विद्यालय जाता है।,बच्चे मैदान में खेल रहे हैं।,मैंने खाना खा लिया है।,C,शुद्ध रूप: बच्चे मैदान में खेल रहे हैं।,,,Medium
636,Hindi,वाक्य शुद्धि,3,Set 3 - Practice,Practice Level,वाक्य ‘बच्चे मैदान में खेल रहा है।’ का शुद्ध रूप क्या होगा?,बच्चे मैदान में खेल रहे हैं।,राम और श्याम बाजार गए।,राम ने आम खाया।,गाय घास खाती है।,A,शुद्ध रूप: बच्चे मैदान में खेल रहे हैं।,,,Medium
637,Hindi,वाक्य शुद्धि,3,Set 3 - Practice,Practice Level,निम्न में शुद्ध वाक्य कौन-सा है? (अशुद्ध: लड़कियाँ गीत गा रही है।),वह श्रेष्ठतम है।,मैंने खाना खा लिया है।,लड़कियाँ गीत गा रही हैं।,मुझे हिंदी बोलना आता है।,C,शुद्ध रूप: लड़कियाँ गीत गा रही हैं।,,,Medium
638,Hindi,वाक्य शुद्धि,3,Set 3 - Practice,Practice Level,वाक्य ‘लड़कियाँ गीत गा रही है।’ का शुद्ध रूप क्या होगा?,यह पुस्तक बहुत अच्छी है।,बच्चे मैदान में खेल रहे हैं।,उसने मुझसे बात की।,लड़कियाँ गीत गा रही हैं।,D,शुद्ध रूप: लड़कियाँ गीत गा रही हैं।,,,Medium
639,Hindi,वाक्य शुद्धि,3,Set 3 - Practice,Practice Level,निम्न में शुद्ध वाक्य कौन-सा है? (अशुद्ध: मुझे दो रुपया चाहिए।),मुझे बाजार जाना है।,मुझे दो रुपये चाहिए।,वह मुझसे बड़ा है।,यह बात सुनकर मुझे आश्चर्य हुआ।,B,शुद्ध रूप: मुझे दो रुपये चाहिए।,,,Medium
640,Hindi,वाक्य शुद्धि,3,Set 3 - Practice,Practice Level,वाक्य ‘मुझे दो रुपया चाहिए।’ का शुद्ध रूप क्या होगा?,मुझे हिंदी बोलना आता है।,उसने मुझसे बात की।,मुझे दो रुपये चाहिए।,यह बात सुनकर मुझे आश्चर्य हुआ।,C,शुद्ध रूप: मुझे दो रुपये चाहिए।,,,Medium
641,Hindi,वाक्य शुद्धि,4,Set 4 - Practice,Practice Level,निम्न में शुद्ध वाक्य कौन-सा है? (अशुद्ध: आप कहाँ जा रहे हो?),गाय घास खाती है।,वह प्रतिदिन विद्यालय जाता है।,लड़कियाँ गीत गा रही हैं।,आप कहाँ जा रहे हैं?,D,शुद्ध रूप: आप कहाँ जा रहे हैं?,,,Medium
642,Hindi,वाक्य शुद्धि,4,Set 4 - Practice,Practice Level,वाक्य ‘आप कहाँ जा रहे हो?’ का शुद्ध रूप क्या होगा?,आप कहाँ जा रहे हैं?,मैंने खाना खा लिया है।,गाय घास खाती है।,सीता स्कूल जाती है।,A,शुद्ध रूप: आप कहाँ जा रहे हैं?,,,Medium
643,Hindi,वाक्य शुद्धि,4,Set 4 - Practice,Practice Level,निम्न में शुद्ध वाक्य कौन-सा है? (अशुद्ध: मैं खाना खा लिया है।),वह श्रेष्ठतम है।,राम और श्याम बाजार गए।,मैंने खाना खा लिया है।,सीता स्कूल जाती है।,C,शुद्ध रूप: मैंने खाना खा लिया है।,,,Medium
644,Hindi,वाक्य शुद्धि,4,Set 4 - Practice,Practice Level,वाक्य ‘मैं खाना खा लिया है।’ का शुद्ध रूप क्या होगा?,मुझे दो रुपये चाहिए।,उसने मुझसे बात की।,यह बात सुनकर मुझे आश्चर्य हुआ।,मैंने खाना खा लिया है।,D,शुद्ध रूप: मैंने खाना खा लिया है।,,,Medium
645,Hindi,वाक्य शुद्धि,4,Set 4 - Practice,Practice Level,निम्न में शुद्ध वाक्य कौन-सा है? (अशुद्ध: वह प्रतिदिन विद्यालय जाता हैं।),राम और श्याम बाजार गए।,यह बात सुनकर मुझे आश्चर्य हुआ।,वह प्रतिदिन विद्यालय जाता है।,उसने मुझसे बात की।,C,शुद्ध रूप: वह प्रतिदिन विद्यालय जाता है।,,,Medium
646,Hindi,वाक्य शुद्धि,4,Set 4 - Practice,Practice Level,वाक्य ‘वह प्रतिदिन विद्यालय जाता हैं।’ का शुद्ध रूप क्या होगा?,वह प्रतिदिन विद्यालय जाता है।,वह मुझसे बड़ा है।,लड़कियाँ गीत गा रही हैं।,मैंने खाना खा लिया है।,A,शुद्ध रूप: वह प्रतिदिन विद्यालय जाता है।,,,Medium
647,Hindi,वाक्य शुद्धि,4,Set 4 - Practice,Practice Level,निम्न में शुद्ध वाक्य कौन-सा है? (अशुद्ध: गाय घास खाता है।),गाय घास खाती है।,मैंने खाना खा लिया है।,मुझे हिंदी बोलना आता है।,राम और श्याम बाजार गए।,A,शुद्ध रूप: गाय घास खाती है।,,,Medium
648,Hindi,वाक्य शुद्धि,4,Set 4 - Practice,Practice Level,वाक्य ‘गाय घास खाता है।’ का शुद्ध रूप क्या होगा?,मुझे हिंदी बोलना आता है।,गाय घास खाती है।,वह मुझसे बड़ा है।,वह मुझे बुला रहा है।,B,शुद्ध रूप: गाय घास खाती है।,,,Medium
649,Hindi,वाक्य शुद्धि,4,Set 4 - Practice,Practice Level,निम्न में शुद्ध वाक्य कौन-सा है? (अशुद्ध: राम और श्याम बाजार गया।),वह श्रेष्ठतम है।,राम ने आम खाया।,राम और श्याम बाजार गए।,आप कहाँ जा रहे हैं?,C,शुद्ध रूप: राम और श्याम बाजार गए।,,,Medium
650,Hindi,वाक्य शुद्धि,4,Set 4 - Practice,Practice Level,वाक्य ‘राम और श्याम बाजार गया।’ का शुद्ध रूप क्या होगा?,वह मुझे बुला रहा है।,यह बात सुनकर मुझे आश्चर्य हुआ।,राम और श्याम बाजार गए।,मुझे हिंदी बोलना आता है।,C,शुद्ध रूप: राम और श्याम बाजार गए।,,,Medium
651,Hindi,वाक्य शुद्धि,5,Set 5 - Practice,Practice Level,निम्न में शुद्ध वाक्य कौन-सा है? (अशुद्ध: उसने मेरे से बात की।),गाय घास खाती है।,मुझे हिंदी बोलना आता है।,उसने मुझसे बात की।,बच्चे मैदान में खेल रहे हैं।,C,शुद्ध रूप: उसने मुझसे बात की।,,,Medium
652,Hindi,वाक्य शुद्धि,5,Set 5 - Practice,Practice Level,वाक्य ‘उसने मेरे से बात की।’ का शुद्ध रूप क्या होगा?,मैंने खाना खा लिया है।,वह मुझसे बड़ा है।,उसने मुझसे बात की।,यह पुस्तक बहुत अच्छी है।,C,शुद्ध रूप: उसने मुझसे बात की।,,,Medium
653,Hindi,वाक्य शुद्धि,5,Set 5 - Practice,Practice Level,निम्न में शुद्ध वाक्य कौन-सा है? (अशुद्ध: मुझे हिंदी बोलना आता हैं।),यह बात सुनकर मुझे आश्चर्य हुआ।,वह मुझे बुला रहा है।,उसने मुझसे बात की।,मुझे हिंदी बोलना आता है।,D,शुद्ध रूप: मुझे हिंदी बोलना आता है।,,,Medium
654,Hindi,वाक्य शुद्धि,5,Set 5 - Practice,Practice Level,वाक्य ‘मुझे हिंदी बोलना आता हैं।’ का शुद्ध रूप क्या होगा?,मुझे हिंदी बोलना आता है।,बच्चे मैदान में खेल रहे हैं।,यह पुस्तक बहुत अच्छी है।,सीता स्कूल जाती है।,A,शुद्ध रूप: मुझे हिंदी बोलना आता है।,,,Medium
655,Hindi,वाक्य शुद्धि,5,Set 5 - Practice,Practice Level,निम्न में शुद्ध वाक्य कौन-सा है? (अशुद्ध: वह सबसे श्रेष्ठतम है।),मैंने उसे कल देखा था।,बच्चे मैदान में खेल रहे हैं।,वह श्रेष्ठतम है।,उसने मुझसे बात की।,C,शुद्ध रूप: वह श्रेष्ठतम है।,,,Medium
656,Hindi,वाक्य शुद्धि,5,Set 5 - Practice,Practice Level,वाक्य ‘वह सबसे श्रेष्ठतम है।’ का शुद्ध रूप क्या होगा?,वह लौट आया।,वह मुझसे बड़ा है।,वह श्रेष्ठतम है।,मैंने खाना खा लिया है।,C,शुद्ध रूप: वह श्रेष्ठतम है।,,,Medium
657,Hindi,वाक्य शुद्धि,5,Set 5 - Practice,Practice Level,निम्न में शुद्ध वाक्य कौन-सा है? (अशुद्ध: यह बात सुनकर मुझे आश्चर्य हुआ।),यह बात सुनकर मुझे आश्चर्य हुआ।,वह लौट आया।,वह मुझसे बड़ा है।,लड़कियाँ गीत गा रही हैं।,A,शुद्ध रूप: यह बात सुनकर मुझे आश्चर्य हुआ।,,,Medium
658,Hindi,वाक्य शुद्धि,5,Set 5 - Practice,Practice Level,वाक्य ‘यह बात सुनकर मुझे आश्चर्य हुआ।’ का शुद्ध रूप क्या होगा?,राम ने आम खाया।,वह श्रेष्ठतम है।,वह मुझे बुला रहा है।,यह बात सुनकर मुझे आश्चर्य हुआ।,D,शुद्ध रूप: यह बात सुनकर मुझे आश्चर्य हुआ।,,,Medium
659,Hindi,वाक्य शुद्धि,5,Set 5 - Practice,Practice Level,निम्न में शुद्ध वाक्य कौन-सा है? (अशुद्ध: वह वापस लौट आया।),वह मुझे बुला रहा है।,मैंने खाना खा लिया है।,वह लौट आया।,मैंने उसे कल देखा था।,C,शुद्ध रूप: वह लौट आया।,,,Medium
660,Hindi,वाक्य शुद्धि,5,Set 5 - Practice,Practice Level,वाक्य ‘वह वापस लौट आया।’ का शुद्ध रूप क्या होगा?,वह लौट आया।,वह प्रतिदिन विद्यालय जाता है।,वह मुझे बुला रहा है।,राम ने आम खाया।,A,शुद्ध रूप: वह लौट आया।,,,Medium
661,Hindi,रस एवं अलंकार,2,Set 2 - Practice,Practice Level,"शोक, करुणा और दीनता का भाव से संबंधित सही रस/अलंकार कौन-सा है?",उपमा अलंकार,बीभत्स रस,करुण रस,हास्य रस,C,सही उत्तर: करुण रस।,,,Medium
662,Hindi,रस एवं अलंकार,2,Set 2 - Practice,Practice Level,‘करुण रस’ की पहचान/विशेषता क्या है?,आश्चर्य का भाव,एक ही वर्ण की पुनरावृत्ति,हास्य और विनोद का भाव,"शोक, करुणा और दीनता का भाव",D,"‘करुण रस’ का संकेत: शोक, करुणा और दीनता का भाव।",,,Medium
663,Hindi,रस एवं अलंकार,2,Set 2 - Practice,Practice Level,उत्साह और वीरता का भाव से संबंधित सही रस/अलंकार कौन-सा है?,शांत रस,उपमा अलंकार,वीर रस,रौद्र रस,C,सही उत्तर: वीर रस।,,,Medium
664,Hindi,रस एवं अलंकार,2,Set 2 - Practice,Practice Level,‘वीर रस’ की पहचान/विशेषता क्या है?,मानवीय गुण किसी निर्जीव वस्तु को देना,उत्साह और वीरता का भाव,बढ़ा-चढ़ाकर वर्णन करना,प्रश्न के रूप में कथन करना,B,‘वीर रस’ का संकेत: उत्साह और वीरता का भाव।,,,Medium
665,Hindi,रस एवं अलंकार,2,Set 2 - Practice,Practice Level,हास्य और विनोद का भाव से संबंधित सही रस/अलंकार कौन-सा है?,विरोधाभास अलंकार,हास्य रस,रौद्र रस,यमक अलंकार,B,सही उत्तर: हास्य रस।,,,Medium
666,Hindi,रस एवं अलंकार,2,Set 2 - Practice,Practice Level,‘हास्य रस’ की पहचान/विशेषता क्या है?,उपमेय को उपमान के समान सीधे बताना,हास्य और विनोद का भाव,प्रश्न के रूप में कथन करना,उपमेय और उपमान में समानता बताना,B,‘हास्य रस’ का संकेत: हास्य और विनोद का भाव।,,,Medium
667,Hindi,रस एवं अलंकार,2,Set 2 - Practice,Practice Level,भय का भाव से संबंधित सही रस/अलंकार कौन-सा है?,शृंगार रस,हास्य रस,करुण रस,भयानक रस,D,सही उत्तर: भयानक रस।,,,Medium
668,Hindi,रस एवं अलंकार,2,Set 2 - Practice,Practice Level,‘भयानक रस’ की पहचान/विशेषता क्या है?,भय का भाव,एक ही वर्ण की पुनरावृत्ति,वात्सल्य का भाव,मानवीय गुण किसी निर्जीव वस्तु को देना,A,‘भयानक रस’ का संकेत: भय का भाव।,,,Medium
669,Hindi,रस एवं अलंकार,2,Set 2 - Practice,Practice Level,क्रोध का भाव से संबंधित सही रस/अलंकार कौन-सा है?,वात्सल्य रस,शांत रस,रौद्र रस,हास्य रस,C,सही उत्तर: रौद्र रस।,,,Medium
670,Hindi,रस एवं अलंकार,2,Set 2 - Practice,Practice Level,‘रौद्र रस’ की पहचान/विशेषता क्या है?,आश्चर्य का भाव,वात्सल्य का भाव,घृणा का भाव,क्रोध का भाव,D,‘रौद्र रस’ का संकेत: क्रोध का भाव।,,,Medium
671,Hindi,रस एवं अलंकार,3,Set 3 - Practice,Practice Level,आश्चर्य का भाव से संबंधित सही रस/अलंकार कौन-सा है?,प्रश्न अलंकार,अद्भुत रस,श्लेष अलंकार,रौद्र रस,B,सही उत्तर: अद्भुत रस।,,,Medium
672,Hindi,रस एवं अलंकार,3,Set 3 - Practice,Practice Level,‘अद्भुत रस’ की पहचान/विशेषता क्या है?,उत्साह और वीरता का भाव,"शोक, करुणा और दीनता का भाव",बढ़ा-चढ़ाकर वर्णन करना,आश्चर्य का भाव,D,‘अद्भुत रस’ का संकेत: आश्चर्य का भाव।,,,Medium
673,Hindi,रस एवं अलंकार,3,Set 3 - Practice,Practice Level,घृणा का भाव से संबंधित सही रस/अलंकार कौन-सा है?,अनुप्रास अलंकार,शांत रस,बीभत्स रस,रूपक अलंकार,C,सही उत्तर: बीभत्स रस।,,,Medium
674,Hindi,रस एवं अलंकार,3,Set 3 - Practice,Practice Level,‘बीभत्स रस’ की पहचान/विशेषता क्या है?,एक शब्द के अनेक अर्थों से चमत्कार,घृणा का भाव,प्रश्न के रूप में कथन करना,बढ़ा-चढ़ाकर वर्णन करना,B,‘बीभत्स रस’ का संकेत: घृणा का भाव।,,,Medium
675,Hindi,रस एवं अलंकार,3,Set 3 - Practice,Practice Level,प्रेम और अनुराग का भाव से संबंधित सही रस/अलंकार कौन-सा है?,शृंगार रस,बीभत्स रस,वीर रस,अनुप्रास अलंकार,A,सही उत्तर: शृंगार रस।,,,Medium
676,Hindi,रस एवं अलंकार,3,Set 3 - Practice,Practice Level,‘शृंगार रस’ की पहचान/विशेषता क्या है?,घृणा का भाव,शांति और निर्वेद का भाव,उपमेय को उपमान के समान सीधे बताना,प्रेम और अनुराग का भाव,D,‘शृंगार रस’ का संकेत: प्रेम और अनुराग का भाव।,,,Medium
677,Hindi,रस एवं अलंकार,3,Set 3 - Practice,Practice Level,शांति और निर्वेद का भाव से संबंधित सही रस/अलंकार कौन-सा है?,शृंगार रस,अतिशयोक्ति अलंकार,श्लेष अलंकार,शांत रस,D,सही उत्तर: शांत रस।,,,Medium
678,Hindi,रस एवं अलंकार,3,Set 3 - Practice,Practice Level,‘शांत रस’ की पहचान/विशेषता क्या है?,उपमेय को उपमान के समान सीधे बताना,बढ़ा-चढ़ाकर वर्णन करना,घृणा का भाव,शांति और निर्वेद का भाव,D,‘शांत रस’ का संकेत: शांति और निर्वेद का भाव।,,,Medium
679,Hindi,रस एवं अलंकार,3,Set 3 - Practice,Practice Level,वात्सल्य का भाव से संबंधित सही रस/अलंकार कौन-सा है?,रौद्र रस,शृंगार रस,वात्सल्य रस,अतिशयोक्ति अलंकार,C,सही उत्तर: वात्सल्य रस।,,,Medium
680,Hindi,रस एवं अलंकार,3,Set 3 - Practice,Practice Level,‘वात्सल्य रस’ की पहचान/विशेषता क्या है?,उपमेय और उपमान में समानता बताना,वात्सल्य का भाव,हास्य और विनोद का भाव,उत्साह और वीरता का भाव,B,‘वात्सल्य रस’ का संकेत: वात्सल्य का भाव।,,,Medium
681,Hindi,रस एवं अलंकार,4,Set 4 - Practice,Practice Level,एक ही वर्ण की पुनरावृत्ति से संबंधित सही रस/अलंकार कौन-सा है?,प्रश्न अलंकार,वीर रस,भयानक रस,अनुप्रास अलंकार,D,सही उत्तर: अनुप्रास अलंकार।,,,Medium
682,Hindi,रस एवं अलंकार,4,Set 4 - Practice,Practice Level,‘अनुप्रास अलंकार’ की पहचान/विशेषता क्या है?,हास्य और विनोद का भाव,घृणा का भाव,एक ही शब्द की पुनरावृत्ति अलग अर्थ में,एक ही वर्ण की पुनरावृत्ति,D,‘अनुप्रास अलंकार’ का संकेत: एक ही वर्ण की पुनरावृत्ति।,,,Medium
683,Hindi,रस एवं अलंकार,4,Set 4 - Practice,Practice Level,उपमेय और उपमान में समानता बताना से संबंधित सही रस/अलंकार कौन-सा है?,रौद्र रस,विरोधाभास अलंकार,व्यतिरेक अलंकार,उपमा अलंकार,D,सही उत्तर: उपमा अलंकार।,,,Medium
684,Hindi,रस एवं अलंकार,4,Set 4 - Practice,Practice Level,‘उपमा अलंकार’ की पहचान/विशेषता क्या है?,वात्सल्य का भाव,उपमेय और उपमान में समानता बताना,घृणा का भाव,प्रेम और अनुराग का भाव,B,‘उपमा अलंकार’ का संकेत: उपमेय और उपमान में समानता बताना।,,,Medium
685,Hindi,रस एवं अलंकार,4,Set 4 - Practice,Practice Level,उपमेय को उपमान के समान सीधे बताना से संबंधित सही रस/अलंकार कौन-सा है?,रौद्र रस,करुण रस,रूपक अलंकार,अतिशयोक्ति अलंकार,C,सही उत्तर: रूपक अलंकार।,,,Medium
686,Hindi,रस एवं अलंकार,4,Set 4 - Practice,Practice Level,‘रूपक अलंकार’ की पहचान/विशेषता क्या है?,विरोधी बातों का साथ प्रस्तुत होना,उपमेय को उपमान के समान सीधे बताना,प्रश्न के रूप में कथन करना,आश्चर्य का भाव,B,‘रूपक अलंकार’ का संकेत: उपमेय को उपमान के समान सीधे बताना।,,,Medium
687,Hindi,रस एवं अलंकार,4,Set 4 - Practice,Practice Level,बढ़ा-चढ़ाकर वर्णन करना से संबंधित सही रस/अलंकार कौन-सा है?,अतिशयोक्ति अलंकार,अद्भुत रस,मानवीकरण अलंकार,शांत रस,A,सही उत्तर: अतिशयोक्ति अलंकार।,,,Medium
688,Hindi,रस एवं अलंकार,4,Set 4 - Practice,Practice Level,‘अतिशयोक्ति अलंकार’ की पहचान/विशेषता क्या है?,प्रश्न के रूप में कथन करना,उपमेय और उपमान में समानता बताना,बढ़ा-चढ़ाकर वर्णन करना,प्रेम और अनुराग का भाव,C,‘अतिशयोक्ति अलंकार’ का संकेत: बढ़ा-चढ़ाकर वर्णन करना।,,,Medium
689,Hindi,रस एवं अलंकार,4,Set 4 - Practice,Practice Level,एक शब्द के अनेक अर्थों से चमत्कार से संबंधित सही रस/अलंकार कौन-सा है?,अद्भुत रस,हास्य रस,श्लेष अलंकार,बीभत्स रस,C,सही उत्तर: श्लेष अलंकार।,,,Medium
690,Hindi,रस एवं अलंकार,4,Set 4 - Practice,Practice Level,‘श्लेष अलंकार’ की पहचान/विशेषता क्या है?,एक शब्द के अनेक अर्थों से चमत्कार,उत्साह और वीरता का भाव,विरोधी बातों का साथ प्रस्तुत होना,वात्सल्य का भाव,A,‘श्लेष अलंकार’ का संकेत: एक शब्द के अनेक अर्थों से चमत्कार।,,,Medium
691,Hindi,रस एवं अलंकार,5,Set 5 - Practice,Practice Level,एक ही शब्द की पुनरावृत्ति अलग अर्थ में से संबंधित सही रस/अलंकार कौन-सा है?,अतिशयोक्ति अलंकार,रौद्र रस,अद्भुत रस,यमक अलंकार,D,सही उत्तर: यमक अलंकार।,,,Medium
692,Hindi,रस एवं अलंकार,5,Set 5 - Practice,Practice Level,‘यमक अलंकार’ की पहचान/विशेषता क्या है?,उत्साह और वीरता का भाव,भय का भाव,एक ही शब्द की पुनरावृत्ति अलग अर्थ में,एक शब्द के अनेक अर्थों से चमत्कार,C,‘यमक अलंकार’ का संकेत: एक ही शब्द की पुनरावृत्ति अलग अर्थ में।,,,Medium
693,Hindi,रस एवं अलंकार,5,Set 5 - Practice,Practice Level,मानवीय गुण किसी निर्जीव वस्तु को देना से संबंधित सही रस/अलंकार कौन-सा है?,अद्भुत रस,मानवीकरण अलंकार,अनुप्रास अलंकार,हास्य रस,B,सही उत्तर: मानवीकरण अलंकार।,,,Medium
694,Hindi,रस एवं अलंकार,5,Set 5 - Practice,Practice Level,‘मानवीकरण अलंकार’ की पहचान/विशेषता क्या है?,हास्य और विनोद का भाव,आश्चर्य का भाव,मानवीय गुण किसी निर्जीव वस्तु को देना,घृणा का भाव,C,‘मानवीकरण अलंकार’ का संकेत: मानवीय गुण किसी निर्जीव वस्तु को देना।,,,Medium
695,Hindi,रस एवं अलंकार,5,Set 5 - Practice,Practice Level,विरोधी बातों का साथ प्रस्तुत होना से संबंधित सही रस/अलंकार कौन-सा है?,भयानक रस,विरोधाभास अलंकार,हास्य रस,अतिशयोक्ति अलंकार,B,सही उत्तर: विरोधाभास अलंकार।,,,Medium
696,Hindi,रस एवं अलंकार,5,Set 5 - Practice,Practice Level,‘विरोधाभास अलंकार’ की पहचान/विशेषता क्या है?,उपमेय और उपमान में समानता बताना,भय का भाव,विरोधी बातों का साथ प्रस्तुत होना,शांति और निर्वेद का भाव,C,‘विरोधाभास अलंकार’ का संकेत: विरोधी बातों का साथ प्रस्तुत होना।,,,Medium
697,Hindi,रस एवं अलंकार,5,Set 5 - Practice,Practice Level,उपमान की संभावना को नकारकर उपमेय की श्रेष्ठता बताना से संबंधित सही रस/अलंकार कौन-सा है?,रौद्र रस,श्लेष अलंकार,उपमा अलंकार,व्यतिरेक अलंकार,D,सही उत्तर: व्यतिरेक अलंकार।,,,Medium
698,Hindi,रस एवं अलंकार,5,Set 5 - Practice,Practice Level,‘व्यतिरेक अलंकार’ की पहचान/विशेषता क्या है?,भय का भाव,उपमेय और उपमान में समानता बताना,उपमान की संभावना को नकारकर उपमेय की श्रेष्ठता बताना,आश्चर्य का भाव,C,‘व्यतिरेक अलंकार’ का संकेत: उपमान की संभावना को नकारकर उपमेय की श्रेष्ठता बताना।,,,Medium
699,Hindi,रस एवं अलंकार,5,Set 5 - Practice,Practice Level,प्रश्न के रूप में कथन करना से संबंधित सही रस/अलंकार कौन-सा है?,हास्य रस,शांत रस,प्रश्न अलंकार,रौद्र रस,C,सही उत्तर: प्रश्न अलंकार।,,,Medium
700,Hindi,रस एवं अलंकार,5,Set 5 - Practice,Practice Level,‘प्रश्न अलंकार’ की पहचान/विशेषता क्या है?,मानवीय गुण किसी निर्जीव वस्तु को देना,"शोक, करुणा और दीनता का भाव",प्रेम और अनुराग का भाव,प्रश्न के रूप में कथन करना,D,‘प्रश्न अलंकार’ का संकेत: प्रश्न के रूप में कथन करना।,,,Medium
701,Rajasthan GK,Rajasthan Geography,1,04 Feb 2023 - Shift 2,150 PYQ Questions,"राजस्थान के किस जिले में 'उर्मूल डेरी' स्थित है?",बीकानेर,जैसलमेर,जोधपुर,चूरू,A,"उर्मूल डेरी राजस्थान के बीकानेर जिले में स्थित है।",Rajasthan CET Senior Secondary,2023,Medium
702,Rajasthan GK,Rajasthan Polity,1,04 Feb 2023 - Shift 2,150 PYQ Questions,"राजस्थान लोक सेवा आयोग (RPSC) के प्रथम अध्यक्ष कौन थे?",सर एस. के. घोष,डी. एस. तिवाड़ी,एम. एम. वर्मा,वी. पी. मेनन,A,"राजस्थान लोक सेवा आयोग (RPSC) के प्रथम अध्यक्ष सर एस. के. घोष थे।",Rajasthan CET Senior Secondary,2023,Easy
703,Rajasthan GK,Rajasthan Art & Culture,1,04 Feb 2023 - Shift 2,150 PYQ Questions,"'अग्नि नृत्य' का संबंध किस संप्रदाय से है?",जसनाथी संप्रदाय,विश्नोई संप्रदाय,दादू पंथ,रामस्नेही संप्रदाय,A,"अग्नि नृत्य का उद्गम बीकानेर के कतरियासर गांव में जसनाथी संप्रदाय के सिद्ध पुरुषों द्वारा किया जाता है।",Rajasthan CET Senior Secondary,2023,Medium
704,Science,Chemistry,1,04 Feb 2023 - Shift 2,150 PYQ Questions,"उत्प्रेरक की उपस्थिति में अभिक्रिया की दर क्यों बढ़ जाती है?",सक्रियण ऊर्जा घटती है,सक्रियण ऊर्जा बढ़ती है,तापमान बढ़ता है,उत्पाद की सांद्रता बढ़ती है,A,"उत्प्रेरक अभिक्रिया का एक नया मार्ग प्रदान करता है जिसकी सक्रियण ऊर्जा (Activation Energy) कम होती है।",Rajasthan CET Senior Secondary,2023,Medium
705,Mathematics,Profit & Loss,1,04 Feb 2023 - Shift 2,150 PYQ Questions,"यदि किसी वस्तु को ₹450 में बेचने पर 20% की हानि होती है, तो 20% लाभ कमाने के लिए इसे किस मूल्य पर बेचा जाना चाहिए?",₹675,₹600,₹540,₹720,A,"क्रय मूल्य = 450 × (100/80) = ₹562.5। 20% लाभ पर विक्रय मूल्य = 562.5 × 1.20 = ₹675।",Rajasthan CET Senior Secondary,2023,Medium
706,Hindi,Grammar,1,04 Feb 2023 - Shift 2,150 PYQ Questions,"'अन्वेषण' शब्द का सही संधि विच्छेद क्या है?",अनु + एषण,अन + एषण,अन्व + एषण,अनु + एषणः,A,"अन्वेषण = अनु + एषण (यण स्वर संधि का उदाहरण है)।",Rajasthan CET Senior Secondary,2023,Easy
707,English,Grammar,1,04 Feb 2023 - Shift 2,150 PYQ Questions,"Choose the correct passive form of: 'The teacher opened the door.'",The door was opened by the teacher.,The door is opened by the teacher.,The door opened by teacher.,The door has been opened by the teacher.,A,"Simple past tense changes to 'was/were + V3' in passive voice.",Rajasthan CET Senior Secondary,2023,Easy
708,Computer,Basic Computer,1,04 Feb 2023 - Shift 2,150 PYQ Questions,"MS-Excel में वर्तमान सेल का पता कहाँ दिखाई देता है?",नेम बॉक्स (Name Box),फॉर्मूला बार (Formula Box),स्टेटस बार (Status Bar),टाइटल बार (Title Bar),A,"MS-Excel में सक्रिय सेल का एड्रेस Name Box में प्रदर्शित होता है।",Rajasthan CET Senior Secondary,2023,Easy
709,Rajasthan GK,Rajasthan Geography,1,04 Feb 2023 - Shift 2,150 PYQ Questions,"राजस्थान में 56 का मैदान किस नदी के बेसिन में स्थित है?",माही नदी,बनास नदी,चम्बल नदी,लूणी नदी,A,"माही नदी के प्रवाह क्षेत्र (प्रतापगढ़ व बांसवाड़ा) को 56 का मैदान कहा जाता है।",Rajasthan CET Senior Secondary,2023,Easy
710,Rajasthan GK,Rajasthan History,1,04 Feb 2023 - Shift 2,150 PYQ Questions,"1857 की क्रांति के समय कोटा राज्य के पोलिटिकल एजेंट कौन थे?",मेजर बटन,कैप्टन शॉवर्स,मेजर मोरीसन,मैक मेसन,A,"1857 की क्रांति के दौरान कोटा के पोलिटिकल एजेंट मेजर बटन थे जिनकी क्रांतिकारियों ने हत्या कर दी थी।",Rajasthan CET Senior Secondary,2023,Easy
711,Rajasthan GK,Rajasthan History,1,04 Feb 2023 - Shift 2,150 PYQ Questions,"बिजोलिया किसान आंदोलन के प्रणेता कौन थे जिन्हें 'साधु सीताराम दास' के बाद नेतृत्व सौंपा गया?",विजय सिंह पथिक,माणिक्य लाल वर्मा,जयनारायण व्यास,हरिभाऊ उपाध्याय,A,"1916 ई. में बिजोलिया किसान आंदोलन का नेतृत्व विजय सिंह पथिक (भूप सिंह) ने संभाला था।",Rajasthan CET Senior Secondary,2023,Easy
712,Rajasthan GK,Rajasthan Geography,1,04 Feb 2023 - Shift 2,150 PYQ Questions,"राजस्थान की कुल स्थलीय सीमा की लंबाई कितनी है?",5920 किमी,1070 किमी,4850 किमी,5200 किमी,A,"राजस्थान की कुल स्थलीय सीमा 5920 किमी है जिसमें 1070 किमी अंतरराष्ट्रीय तथा 4850 किमी अंतरराज्यीय सीमा है।",Rajasthan CET Senior Secondary,2023,Easy
713,Science,Physics,1,04 Feb 2023 - Shift 2,150 PYQ Questions,"निकट दृष्टि दोष (Myopia) के निवारण के लिए किस लेंस का उपयोग किया जाता है?",अवतल लेंस (Concave Lens),उत्तल लेंस (Convex Lens),बेलनाकार लेंस,द्विफोकसी लेंस,A,"निकट दृष्टि दोष में दूर की वस्तु स्पष्ट नहीं दिखती, इसे अवतल लेंस (Concave Lens) से दूर किया जाता है।",Rajasthan CET Senior Secondary,2023,Easy
714,Rajasthan GK,Rajasthan Economy,1,04 Feb 2023 - Shift 2,150 PYQ Questions,"राजस्थान में 'इंदिरा गांधी शहरी रोजगार गारंटी योजना' की शुरुआत कब हुई?",9 सितंबर 2022,15 अगस्त 2022,2 अक्टूबर 2022,26 जनवरी 2023,A,"राजस्थान में इंदिरा गांधी शहरी रोजगार गारंटी योजना 9 सितंबर 2022 से जयपुर के खानिया की बावड़ी से शुरू की गई।",Rajasthan CET Senior Secondary,2023,Medium
715,Mathematics,Simple Interest,1,04 Feb 2023 - Shift 2,150 PYQ Questions,"₹5000 की राशि पर 10% वार्षिक दर से 2 वर्ष का साधारण ब्याज कितना होगा?",₹1000,₹1200,₹800,₹500,A,"साधारण ब्याज = (मूलधन × दर × समय)/100 = (5000 × 10 × 2)/100 = ₹1000।",Rajasthan CET Senior Secondary,2023,Easy
716,Hindi,Vocabulary,1,04 Feb 2023 - Shift 2,150 PYQ Questions,"'अमृत' शब्द का पर्यायवाची शब्द कौन सा नहीं है?",विषाक्त,सुधा,अमिय,सोम,A,"सुधा, अमिय और सोम अमृत के पर्यायवाची हैं; विषाक्त विष/जहर से संबंधित है।",Rajasthan CET Senior Secondary,2023,Easy
717,English,Vocabulary,1,04 Feb 2023 - Shift 2,150 PYQ Questions,"Choose the antonym of the word 'ANCIENT'.",Modern,Old,Historic,Aged,A,"'Ancient' means belonging to the distant past. Its opposite/antonym is 'Modern'.",Rajasthan CET Senior Secondary,2023,Easy
718,Computer,Hardware,1,04 Feb 2023 - Shift 2,150 PYQ Questions,"निम्नलिखित में से कौन-सा एक इनपुट डिवाइस का उदाहरण है?",बारकोड रीडर (Barcode Reader),प्रिंटर (Printer),प्लॉटर (Plotter),मॉनिटर (Monitor),A,"बारकोड रीडर एक इनपुट डिवाइस है, जबकि प्रिंटर, प्लॉटर और मॉनिटर आउटपुट डिवाइस हैं।",Rajasthan CET Senior Secondary,2023,Easy
719,Rajasthan GK,Rajasthan Art & Culture,1,04 Feb 2023 - Shift 2,150 PYQ Questions,"'तेजाजी' का मुख्य थान/मेला स्थल राजस्थान में कहाँ स्थित है?",परबतसर (नागौर),आसींद (भीलवाड़ा),देशनोक (बीकानेर),कोलूमण्ड (जोधपुर),A,"लोकदेवता तेजाजी का प्रसिद्ध पशु मेला परबतसर (डीडवाना-कुचामन/नागौर) में भाद्रपद शुक्ल दशमी को लगता है।",Rajasthan CET Senior Secondary,2023,Easy
720,Rajasthan GK,Rajasthan Geography,1,04 Feb 2023 - Shift 2,150 PYQ Questions,"राजस्थान में सांभर झील से नमक उत्पादन का कार्य किस कंपनी द्वारा किया जाता है?",सांभर साल्ट्स लिमिटेड,राजस्थान स्टेट साल्ट्स,हिन्दुस्तान जिंक,टैरिफ साल्ट्स,A,"सांभर झील में नमक उत्पादन का कार्य केंद्र सरकार के उपक्रम 'सांभर साल्ट्स लिमिटेड' (Hindustan Salts Ltd की सहायक) द्वारा किया जाता है।",Rajasthan CET Senior Secondary,2023,Medium
721,Science,Biology,1,04 Feb 2023 - Shift 2,150 PYQ Questions,"मानव शरीर में इंसुलिन हार्मोन का स्रावण किस ग्रंथि द्वारा होता है?",अग्न्याशय (Pancreas),थायरॉयड ग्रंथि,पीयूष ग्रंथि,यकृत,A,"अग्न्याशय (Pancreas) की लैंगरहैंस की द्वीपिकाओं की बीटा (β) कोशिकाओं द्वारा इंसुलिन का स्रावण होता है।",Rajasthan CET Senior Secondary,2023,Easy
722,Rajasthan GK,Rajasthan History,1,04 Feb 2023 - Shift 2,150 PYQ Questions,"हल्दीघाटी का प्रसिद्ध युद्ध किस वर्ष लड़ा गया था?",1576 ई.,1526 ई.,1582 ई.,1556 ई.,A,"हल्दीघाटी का युद्ध 18 जून 1576 (कुछ मतानुसार 21 जून) को महाराणा प्रताप और अकबर की सेना के मध्य लड़ा गया था।",Rajasthan CET Senior Secondary,2023,Easy
723,Mathematics,Geometry,1,04 Feb 2023 - Shift 2,150 PYQ Questions,"एक वृत्त की त्रिज्या 7 सेमी है। उसकी परिधि की लंबाई क्या होगी?",44 सेमी,88 सेमी,22 सेमी,154 सेमी,A,"वृत्त की परिधि = 2πr = 2 × (22/7) × 7 = 44 सेमी।",Rajasthan CET Senior Secondary,2023,Easy
724,Hindi,Grammar,1,04 Feb 2023 - Shift 2,150 PYQ Questions,"'यथाशक्ति' शब्द में कौन सा समास है?",अव्ययीभाव समास,तत्पुरुष समास,द्विगु समास,बहुव्रीहि समास,A,"यथाशक्ति (शक्ति के अनुसार) में पूर्व पद 'यथा' अव्यय है, अतः अव्ययीभाव समास है।",Rajasthan CET Senior Secondary,2023,Easy
725,English,Grammar,1,04 Feb 2023 - Shift 2,150 PYQ Questions,"Fill in the blank with the correct preposition: 'She is good _____ Mathematics.'",at,in,on,with,A,"The adjective 'good' is followed by the preposition 'at' when expressing ability in a subject/skill.",Rajasthan CET Senior Secondary,2023,Easy
726,Computer,Software,1,04 Feb 2023 - Shift 2,150 PYQ Questions,"Linux किस प्रकार का सॉफ्टवेयर है?",ओपन सोर्स ऑपरेटिंग सिस्टम (Open Source OS),यूटिलिटी प्रोग्राम,एप्लिकेशन सॉफ्टवेयर,हार्डवेयर,A,"Linux एक फ्री एवं ओपन सोर्स ऑपरेटिंग सिस्टम (Open Source Operating System) है।",Rajasthan CET Senior Secondary,2023,Easy
727,Rajasthan GK,Rajasthan Polity,1,04 Feb 2023 - Shift 2,150 PYQ Questions,"राजस्थान विधान सभा में कुल कितने सदस्य/सीटें हैं?",200,250,160,180,A,"राजस्थान विधान सभा की कुल सदस्य संख्या 200 है।",Rajasthan CET Senior Secondary,2023,Easy
728,Rajasthan GK,Rajasthan Art & Culture,1,04 Feb 2023 - Shift 2,150 PYQ Questions,"'उस्ता कला' का संबंध राजस्थान के किस जिले से है?",बीकानेर,जैसलमेर,बाड़मेर,जोधपुर,A,"ऊंट की खाल पर स्वर्ण मीनाकारी एवं चित्रांकन की कला को 'उस्ता कला' कहते हैं जो बीकानेर से संबंधित है।",Rajasthan CET Senior Secondary,2023,Easy
729,Science,Chemistry,1,04 Feb 2023 - Shift 2,150 PYQ Questions,"साधारण नमक का रासायनिक नाम क्या है?",सोडियम क्लोराइड (NaCl),सोडियम कार्बोनेट,सोडियम बाइकार्बोनेट,कैल्शियम क्लोराइड,A,"साधारण नमक का रासायनिक नाम सोडियम क्लोराइड (Sodium Chloride) है तथा सूत्र NaCl है।",Rajasthan CET Senior Secondary,2023,Easy
730,Reasoning,Series,1,04 Feb 2023 - Shift 2,150 PYQ Questions,"दिए गए क्रम में लुप्त संख्या ज्ञात कीजिए: 2, 4, 8, 16, 32, ?",64,48,50,60,A,"प्रत्येक पद पूर्व पद का दोगुना है (×2)। 32 × 2 = 64।",Rajasthan CET Senior Secondary,2023,Easy
731,Rajasthan GK,Rajasthan Geography,1,04 Feb 2023 - Shift 2,150 PYQ Questions,"राजस्थान का सर्वोच्च पर्वत शिखर 'गुरुशिखर' किस जिले में स्थित है?",सिरोही,उदयपुर,राजसमंद,पाली,A,"अरावली पर्वतमाला की सर्वोच्च चोटी गुरुशिखर (1722 मीटर) सिरोही जिले के माउंट आबू में स्थित है।",Rajasthan CET Senior Secondary,2023,Easy
732,Rajasthan GK,Rajasthan History,1,04 Feb 2023 - Shift 2,150 PYQ Questions,"राजस्थान का एकीकरण कुल कितने चरणों में पूर्ण हुआ?",7 चरणों में,5 चरणों में,6 चरणों में,8 चरणों में,A,"राजस्थान का एकीकरण 18 मार्च 1948 से शुरू होकर 1 नवंबर 1956 को कुल 7 चरणों में पूर्ण हुआ।",Rajasthan CET Senior Secondary,2023,Easy
733,Science,Physics,1,04 Feb 2023 - Shift 2,150 PYQ Questions,"ध्वनि की तीव्रता किस इकाई में मापी जाती है?",डेसिबल (dB),हर्ट्ज (Hz),वाट,जूल,A,"ध्वनि की तीव्रता डेसिबल (dB) में मापी जाती है तथा आवृत्ति हर्ट्ज (Hz) में मापी जाती है।",Rajasthan CET Senior Secondary,2023,Easy
734,Mathematics,Percentage,1,04 Feb 2023 - Shift 2,150 PYQ Questions,"किसी कक्षा में 60% छात्र पास हुए। यदि फेल होने वाले छात्रों की संख्या 80 है, तो कुल छात्रों की संख्या क्या होगी?",200,150,300,250,A,"फेल छात्र % = 100 - 60 = 40%। यदि 40% = 80, तो कुल छात्र (100%) = (80 / 40) × 100 = 200।",Rajasthan CET Senior Secondary,2023,Easy
735,Hindi,Vocabulary,1,04 Feb 2023 - Shift 2,150 PYQ Questions,"'जो सब कुछ जानता हो' वाक्यांश के लिए एक शब्द क्या होगा?",सर्वज्ञ,अल्पज्ञ,अभिज्ञ,सर्वव्यापी,A,"जो सब कुछ जानता हो उसे 'सर्वज्ञ' कहा जाता है।",Rajasthan CET Senior Secondary,2023,Easy
736,English,Vocabulary,1,04 Feb 2023 - Shift 2,150 PYQ Questions,"Give one word substitute for: 'A person who looks at the bright side of things.'",Optimist,Pessimist,Atheist,Egotist,A,"An optimist is a person who tends to be hopeful and confident about the future.",Rajasthan CET Senior Secondary,2023,Easy
737,Computer,Networking,1,04 Feb 2023 - Shift 2,150 PYQ Questions,"WWW का पूर्ण रूप क्या है?",World Wide Web,World Wide Work,World Web Wide,World Whole Web,A,"WWW का फुल फॉर्म World Wide Web है जिसके आविष्कारक टिम बर्नर्स ली हैं।",Rajasthan CET Senior Secondary,2023,Easy
738,Rajasthan GK,Rajasthan Geography,1,04 Feb 2023 - Shift 2,150 PYQ Questions,"राजस्थान की किस नदी को 'कामधेनु' कहा जाता है?",चम्बल नदी,बनास नदी,माही नदी,बाणगंगा नदी,A,"चम्बल नदी को नित्यवाही, चर्मण्वती तथा 'कामधेनु' के नाम से जाना जाता है।",Rajasthan CET Senior Secondary,2023,Easy
739,Rajasthan GK,Rajasthan History,1,04 Feb 2023 - Shift 2,150 PYQ Questions,"'कालीबंगा' सभ्यता स्थल राजस्थान के किस जिले में स्थित है?",हनुमानगढ़,गंगानगर,चूरू,बीकानेर,A,"कालीबंगा सभ्यता स्थल हनुमानगढ़ जिले में घग्घर (सरस्वती) नदी के तट पर स्थित है।",Rajasthan CET Senior Secondary,2023,Easy
740,Science,Biology,1,04 Feb 2023 - Shift 2,150 PYQ Questions,"मानव रक्त का pH मान लगभग कितना होता है?",7.4,6.5,8.5,5.5,A,"मानव रक्त का pH मान लगभग 7.4 होता है जो हल्का क्षारीय (Slightly Alkaline) होता है।",Rajasthan CET Senior Secondary,2023,Easy
741,Mathematics,Average,1,04 Feb 2023 - Shift 2,150 PYQ Questions,"प्रथम 5 प्राकृतिक संख्याओं का औसत क्या होगा?",3,2.5,4,5,A,"संख्याएँ: 1, 2, 3, 4, 5। योग = 15। औसत = 15 / 5 = 3।",Rajasthan CET Senior Secondary,2023,Easy
742,Hindi,Grammar,1,04 Feb 2023 - Shift 2,150 PYQ Questions,"'कवि' शब्द का सही स्त्रीलिंग रूप क्या है?",कवयित्री,कवयित्री,कवियत्री,कविनी,A,"'कवि' शब्द का शुद्ध स्त्रीलिंग रूप 'कवयित्री' होता है।",Rajasthan CET Senior Secondary,2023,Easy
743,English,Grammar,1,04 Feb 2023 - Shift 2,150 PYQ Questions,"Choose the correctly spelt word.",Receive,Recieve,Receve,Receeive,A,"The correct spelling is 'Receive' (e comes before i after c).",Rajasthan CET Senior Secondary,2023,Easy
744,Computer,Basic Computer,1,04 Feb 2023 - Shift 2,150 PYQ Questions,"1 बाइट (Byte) में कितने बिट्स (Bits) होते हैं?",8 बिट्स,4 बिट्स,16 बिट्स,1024 बिट्स,A,"1 बाइट में 8 बिट्स होते हैं। 4 बिट्स का समूह 1 निब्बल (Nibble) कहलाता है।",Rajasthan CET Senior Secondary,2023,Easy
745,Rajasthan GK,Rajasthan Art & Culture,1,04 Feb 2023 - Shift 2,150 PYQ Questions,"'थेवा कला' का संबंध राजस्थान के किस स्थान से है?",प्रतापगढ़,चित्तौड़गढ़,बांसवाड़ा,डूंगरपुर,A,"कांच पर सोने की सूक्ष्म कारीगरी को 'थेवा कला' कहते हैं जो प्रतापगढ़ के सोनी परिवार से संबंधित है।",Rajasthan CET Senior Secondary,2023,Easy
746,Rajasthan GK,Rajasthan Geography,1,04 Feb 2023 - Shift 2,150 PYQ Questions,"राजस्थान में सर्वाधिक वनावरण वाला जिला कौन सा है?",उदयपुर,अलवर,प्रतापगढ़,करौली,A,"भारतीय वन सर्वेक्षण रिपोर्ट के अनुसार राजस्थान में सर्वाधिक वनावरण (क्षेत्रफल) वाला जिला उदयपुर है।",Rajasthan CET Senior Secondary,2023,Easy
747,Science,Chemistry,1,04 Feb 2023 - Shift 2,150 PYQ Questions,"भोपाल गैस त्रासदी में किस जहरीली गैस का रिसाव हुआ था?",मिथाइल आइसोसाइनेट (MIC),कार्बन मोनोऑक्साइड,क्लोरीन,फॉसजीन,A,"2-3 दिसंबर 1984 की रात भोपाल में यूनियन कार्बाइड कारखाने से मिथाइल आइसोसाइनेट (MIC) गैस का रिसाव हुआ था।",Rajasthan CET Senior Secondary,2023,Medium
748,Reasoning,Analogy,1,04 Feb 2023 - Shift 2,150 PYQ Questions,"जिस प्रकार 'भारत' का संबंध 'नई दिल्ली' से है, उसी प्रकार 'राजस्थान' का संबंध किससे है?",जयपुर,जोधपुर,उदयपुर,अजमेर,A,"भारत की राजधानी नई दिल्ली है, उसी प्रकार राजस्थान की राजधानी जयपुर है।",Rajasthan CET Senior Secondary,2023,Easy
749,Rajasthan GK,Rajasthan History,1,04 Feb 2023 - Shift 2,150 PYQ Questions,"'खानवा का युद्ध' बाबर और किसके मध्य लड़ा गया था?",राणा सांगा,महाराणा प्रताप,राव मालदेव,पृथ्वीराज चौहान,A,"खानवा का युद्ध 17 मार्च 1527 को बाबर और मेवाड़ के शासक महाराणा संग्राम सिंह (राणा सांगा) के बीच हुआ था।",Rajasthan CET Senior Secondary,2023,Easy
750,Rajasthan GK,Rajasthan Polity,1,04 Feb 2023 - Shift 2,150 PYQ Questions,"राजस्थान के वर्तमान मुख्यमंत्री कौन हैं?",भजन लाल शर्मा,अशोक गहलोत,वसुंधरा राजे,सचिन पायलट,A,"राजस्थान के वर्तमान मुख्यमंत्री श्री भजन लाल शर्मा हैं।",Rajasthan CET Senior Secondary,2023,Easy
751,Rajasthan GK,Rajasthan Geography,1,04 Feb 2023 - Shift 2,150 PYQ Questions,"राजस्थान में कुबड़पट्टी (Hump belt) का विस्तार किन जिलों में है?",नागौर और अजमेर,जयपुर और दौसा,कोटा और बूंदी,बाड़मेर और जालोर,A,"नागौर तथा अजमेर जिलों के जल में फ्लोराइड की उच्च मात्रा पाई जाती है जिसके कारण पीठ झुक जाती है, इसे कुबड़पट्टी कहते हैं।",Rajasthan CET Senior Secondary,2023,Medium
752,Rajasthan GK,Rajasthan Art & Culture,1,04 Feb 2023 - Shift 2,150 PYQ Questions,"'बेणेश्वर मेला' राजस्थान के किस जिले में लगता है?",डूंगरपुर,बांसवाड़ा,उदयपुर,प्रतापगढ़,A,"डूंगरपुर जिले के नवाटापुरा (सोम, माही, जाखम नदियों के संगम) में बेणेश्वर मेला माघ पूर्णिमा को लगता है।",Rajasthan CET Senior Secondary,2023,Easy
753,Science,Physics,1,04 Feb 2023 - Shift 2,150 PYQ Questions,"सूर्य से पृथ्वी तक ऊष्मा का संचरण किस विधि द्वारा होता है?",विकिरण (Radiation),चालन (Conduction),संवहन (Convection),कोई नहीं,A,"सूर्य की ऊष्मा बिना किसी माध्यम के विकिरण (Radiation) द्वारा पृथ्वी तक पहुंचती है।",Rajasthan CET Senior Secondary,2023,Easy
754,Mathematics,Ratio & Proportion,1,04 Feb 2023 - Shift 2,150 PYQ Questions,"यदि A : B = 2 : 3 तथा B : C = 4 : 5 है, तो A : B : C का मान क्या होगा?",8 : 12 : 15,6 : 9 : 15,2 : 4 : 5,8 : 9 : 15,A,"A:B = 8:12 तथा B:C = 12:15, अतः A:B:C = 8:12:15।",Rajasthan CET Senior Secondary,2023,Easy
755,Hindi,Grammar,1,04 Feb 2023 - Shift 2,150 PYQ Questions,"'महर्षि' शब्द में कौन सी संधि है?",गुण स्वर संधि,वृद्धि स्वर संधि,दीर्घ स्वर संधि,यण स्वर संधि,A,"महा + ऋषि = महर्षि (आ + ऋ = अर), इसमें गुण स्वर संधि है।",Rajasthan CET Senior Secondary,2023,Easy
756,English,Grammar,1,04 Feb 2023 - Shift 2,150 PYQ Questions,"Identify the synonym of 'HAPPY'.",Joyful,Sad,Angry,Gloomy,A,"'Happy' and 'Joyful' both mean feeling or showing pleasure.",Rajasthan CET Senior Secondary,2023,Easy
757,Computer,Operating System,1,04 Feb 2023 - Shift 2,150 PYQ Questions,"कंप्यूटर को रीबूट करने की शॉर्टकट कुंजी कौन सी है?",Ctrl + Alt + Delete,Ctrl + Shift + Del,Alt + F4,Ctrl + Esc,A,"Ctrl + Alt + Delete दबाकर कंप्यूटर को सुरक्षित रूप से रिबूट या टास्क मैनेजर खोला जा सकता है।",Rajasthan CET Senior Secondary,2023,Easy
758,Rajasthan GK,Rajasthan Geography,1,04 Feb 2023 - Shift 2,150 PYQ Questions,"राजस्थान में छप्पनिया अकाल किस वर्ष पड़ा था?",1899-1900 ई. (विक्रम संवत 1956),1856 ई.,1947 ई.,1956 ई.,A,"विक्रम संवत 1956 (1899-1900 ई.) में पड़े भीषण अकाल को छप्पनिया अकाल कहा जाता है।",Rajasthan CET Senior Secondary,2023,Medium
759,Rajasthan GK,Rajasthan History,1,04 Feb 2023 - Shift 2,150 PYQ Questions,"'चंपानेर की संधि' (1456 ई.) किनके मध्य हुई थी?",मालवा और गुजरात के सुल्तानों के मध्य,महाराणा कुंभा और बाबर के मध्य,अकबर और प्रताप के मध्य,मालदेव और शेरशाह के मध्य,A,"1456 ई. में मालवा के महमूद खिलजी और गुजरात के कुतुबुद्दीन के मध्य महाराणा कुंभा के विरुद्ध चंपानेर की संधि हुई थी।",Rajasthan CET Senior Secondary,2023,Medium
760,Science,Biology,1,04 Feb 2023 - Shift 2,150 PYQ Questions,"विटामिन 'C' की कमी से कौन सा रोग होता है?",स्कर्वी (Scurvy),रिकेट्स,रतौंधी,बेरी-बेरी,A,"विटामिन C (एस्कॉर्बिक एसिड) की कमी से मसूड़ों में खून आना तथा स्कर्वी रोग होता है।",Rajasthan CET Senior Secondary,2023,Easy
761,Mathematics,Simple Interest,1,04 Feb 2023 - Shift 2,150 PYQ Questions,"₹1000 का 5% वार्षिक दर से 3 वर्ष का साधारण ब्याज कितना होगा?",₹150,₹200,₹100,₹250,A,"साधारण ब्याज = (1000 × 5 × 3)/100 = ₹150।",Rajasthan CET Senior Secondary,2023,Easy
762,Hindi,Vocabulary,1,04 Feb 2023 - Shift 2,150 PYQ Questions,"'अंधे की लकड़ी' मुहावरे का सही अर्थ क्या है?",एकमात्र सहारा,बहुत मजबूत लकड़ी,अंधे को रास्ता दिखाना,बिना किसी सहारे के,A,"'अंधे की लकड़ी' मुहावरे का अर्थ 'एकमात्र सहारा होना' है।",Rajasthan CET Senior Secondary,2023,Easy
763,English,Grammar,1,04 Feb 2023 - Shift 2,150 PYQ Questions,"Choose the correct article: 'He is _____ honest officer.'",an,a,the,no article,A,"'Honest' starts with a vowel sound (o-sound), hence 'an' is used.",Rajasthan CET Senior Secondary,2023,Easy
764,Computer,Software,1,04 Feb 2023 - Shift 2,150 PYQ Questions,"MS-PowerPoint में प्रेजेंटेशन का एक्सटेंशन क्या होता है?",.pptx,.docx,.xlsx,.txt,A,"MS-PowerPoint 2007 और बाद के वर्ज़न का फाइल एक्सटेंशन .pptx होता है।",Rajasthan CET Senior Secondary,2023,Easy
765,Rajasthan GK,Rajasthan Geography,1,04 Feb 2023 - Shift 2,150 PYQ Questions,"राजस्थान में कांतली नदी का उद्गम स्थल कहाँ है?",खंडेला की पहाड़ियाँ (सीकर),खमनोर की पहाड़ियाँ,नाग पहाड़,बैराठ की पहाड़ियाँ,A,"कांतली नदी सीकर जिले के खंडेला की पहाड़ियों से निकलती है और तोरावाटी क्षेत्र में बहती है।",Rajasthan CET Senior Secondary,2023,Medium
766,Rajasthan GK,Rajasthan History,1,04 Feb 2023 - Shift 2,150 PYQ Questions,"'जयपुर प्रजामंडल' की स्थापना 1931 में किसके द्वारा की गई थी?",कपूरचंद पाटनी,जयनारायण व्यास,माणिक्यलाल वर्मा,जमनालाल बजाज,A,"1931 ई. में राजस्थान का प्रथम प्रजामंडल 'जयपुर प्रजामंडल' कपूरचंद पाटनी द्वारा स्थापित किया गया था।",Rajasthan CET Senior Secondary,2023,Medium
767,Science,Chemistry,1,04 Feb 2023 - Shift 2,150 PYQ Questions,"धातुओं को खींचकर पतले तार बनाने की क्षमता को क्या कहा जाता है?",तन्यता (Ductility),आघातवर्धनीयता (Malleability),चालकता,कठोरता,A,"धातुओं के पतले तार खींचे जा सकने के गुण को तन्यता (Ductility) कहते हैं। सोना सबसे अधिक तन्य धातु है।",Rajasthan CET Senior Secondary,2023,Easy
768,Reasoning,Number Series,1,04 Feb 2023 - Shift 2,150 PYQ Questions,"श्रृंखला में अगला पद क्या होगा? 5, 10, 20, 40, 80, ?",160,100,120,140,A,"प्रत्येक संख्या को 2 से गुणा किया जा रहा है। 80 × 2 = 160।",Rajasthan CET Senior Secondary,2023,Easy
769,Rajasthan GK,Rajasthan Polity,1,04 Feb 2023 - Shift 2,150 PYQ Questions,"राजस्थान राज्य मानवाधिकार आयोग के वर्तमान अध्यक्ष कौन हैं?",जस्टिस जी. के. व्यास (गोपाल कृष्ण व्यास),जस्टिस महेश चंद्र शर्मा,जस्टिस एन. के. जैन,जस्टिस प्रकाश टाटिया,A,"राजस्थान राज्य मानवाधिकार आयोग के अध्यक्ष पूर्व न्यायाधीश गोपाल कृष्ण व्यास (जी. के. व्यास) हैं।",Rajasthan CET Senior Secondary,2023,Medium
770,Rajasthan GK,Rajasthan Art & Culture,1,04 Feb 2023 - Shift 2,150 PYQ Questions,"'मेहरानगढ़ दुर्ग' राजस्थान के किस शहर में स्थित है?",जोधपुर,जयपुर,जैसलमेर,बीकानेर,A,"मेहरानगढ़ दुर्ग (मयूरध्वजगढ़) जोधपुर में चिड़ियाटूँक पहाड़ी पर राव जोधा द्वारा 1459 ई. में बनवाया गया था।",Rajasthan CET Senior Secondary,2023,Easy
771,Science,Physics,1,04 Feb 2023 - Shift 2,150 PYQ Questions,"विद्युत धारा को मापने के लिए किस उपकरण का उपयोग किया जाता है?",अमीटर (Ammeter),वोल्टमीटर,गैल्वेनोमीटर,बैरोमीटर,A,"विद्युत धारा (Electric Current) की माप अमीटर (Ammeter) द्वारा एम्पीयर में की जाती है।",Rajasthan CET Senior Secondary,2023,Easy
772,Mathematics,Area & Volume,1,04 Feb 2023 - Shift 2,150 PYQ Questions,"एक आयत की लंबाई 10 सेमी और चौड़ाई 5 सेमी है। इसका क्षेत्रफल क्या होगा?",50 वर्ग सेमी,30 वर्ग सेमी,15 वर्ग सेमी,25 वर्ग सेमी,A,"आयत का क्षेत्रफल = लंबाई × चौड़ाई = 10 × 5 = 50 वर्ग सेमी।",Rajasthan CET Senior Secondary,2023,Easy
773,Hindi,Grammar,1,04 Feb 2023 - Shift 2,150 PYQ Questions,"'पावक' शब्द में कौन सी संधि है?",अयादि स्वर संधि,यण स्वर संधि,दीर्घ स्वर संधि,गुण स्वर संधि,A,"पौ + अक = पावक (औ + अ = आव), अतः इसमें अयादि स्वर संधि है।",Rajasthan CET Senior Secondary,2023,Easy
774,English,Grammar,1,04 Feb 2023 - Shift 2,150 PYQ Questions,"Choose the correctly punctuated sentence.",Where are you going?,Where are you going.,Where, are you going?,Where are you going!,A,"A question sentence must end with a question mark (?)",Rajasthan CET Senior Secondary,2023,Easy
775,Computer,Internet,1,04 Feb 2023 - Shift 2,150 PYQ Questions,"ई-मेल भेजने के लिए किस प्रोटोकॉल का उपयोग किया जाता है?",SMTP,POP3,IMAP,HTTP,A,"E-mail भेजने (outgoing mail) के लिए SMTP (Simple Mail Transfer Protocol) का उपयोग होता है।",Rajasthan CET Senior Secondary,2023,Medium
776,Rajasthan GK,Rajasthan Geography,1,04 Feb 2023 - Shift 2,150 PYQ Questions,"राजस्थान में 'मुकुंदरा हिल्स राष्ट्रीय उद्यान' किस वर्ष घोषित किया गया था?",2012,2010,2015,2008,A,"मुकुंदरा हिल्स (कोटा-झालावाड़) को 2012 में राजस्थान का तीसरा राष्ट्रीय उद्यान घोषित किया गया था।",Rajasthan CET Senior Secondary,2023,Medium
777,Rajasthan GK,Rajasthan History,1,04 Feb 2023 - Shift 2,150 PYQ Questions,"'वीर सावरकर' द्वारा स्थापित अभिनव भारत की तर्ज पर राजस्थान में 'वीर भारत सभा' की स्थापना किसने की थी?",केसरी सिंह बारहठ,राव गोपाल सिंह खरवा,जोरावर सिंह,विजय सिंह पथिक,A,"1910 ई. में केसरी सिंह बारहठ एवं राव गोपाल सिंह खरवा ने 'वीर भारत सभा' की स्थापना की थी।",Rajasthan CET Senior Secondary,2023,Medium
778,Science,Biology,1,04 Feb 2023 - Shift 2,150 PYQ Questions,"डीएनए (DNA) का द्वि-कुंडलित मॉडल (Double Helix Model) किसने प्रस्तुत किया था?",वाटसन एवं क्रिक,रॉबर्ट हुक,मेंडेल,डार्विन,A,"1953 ई. में जेम्स वाटसन तथा फ्रांसिस क्रिक ने DNA का डबल हेलिक्स मॉडल प्रस्तुत किया था।",Rajasthan CET Senior Secondary,2023,Easy
779,Mathematics,Algebra,1,04 Feb 2023 - Shift 2,150 PYQ Questions,"यदि x + 1/x = 3 है, तो x² + 1/x² का मान क्या होगा?",7,9,6,11,A,"x² + 1/x² = (x + 1/x)² - 2 = 3² - 2 = 9 - 2 = 7।",Rajasthan CET Senior Secondary,2023,Medium
780,Hindi,Vocabulary,1,04 Feb 2023 - Shift 2,150 PYQ Questions,"'तिमिर' शब्द का सही विलोम शब्द क्या है?",आलोक,प्रकाश,अंधकार,तम,A,"'तिमिर' का अर्थ अंधकार होता है, इसका सही विलोम 'आलोक' (या प्रकाश) है।",Rajasthan CET Senior Secondary,2023,Easy
781,English,Vocabulary,1,04 Feb 2023 - Shift 2,150 PYQ Questions,"Select the synonym of 'BRIEF'.",Short,Long,Large,Extended,A,"'Brief' means lasting for a short time or using few words.",Rajasthan CET Senior Secondary,2023,Easy
782,Computer,Hardware,1,04 Feb 2023 - Shift 2,150 PYQ Questions,"कंप्यूटर में अस्थायी/अस्थिर स्मृति (Volatile Memory) कौन सी है?",RAM,ROM,Hard Disk,CD-ROM,A,"RAM (Random Access Memory) एक वोलेटाइल (अस्थाई) मेमोरी है जो पावर बंद होने पर डेटा खो देती है।",Rajasthan CET Senior Secondary,2023,Easy
783,Rajasthan GK,Rajasthan Art & Culture,1,04 Feb 2023 - Shift 2,150 PYQ Questions,"'घूमर' नृत्य राजस्थान में मुख्य रूप से किस अवसर पर आयोजित किया जाता है?",गणगौर व मांगलिक अवसरों पर,होली पर,दीपावली पर,रक्षाबंधन पर,A,"घूमर राजस्थान का राज्य नृत्य है जो मुख्य रूप से गणगौर तथा मांगलिक अवसरों पर महिलाओं द्वारा किया जाता है।",Rajasthan CET Senior Secondary,2023,Easy
784,Rajasthan GK,Rajasthan Geography,1,04 Feb 2023 - Shift 2,150 PYQ Questions,"राजस्थान का न्यूनतम लिंगानुपात वाला जिला (2011 जनगणना अनुसार) कौन सा है?",धौलपुर,जैसलमेर,करौली,भरतपुर,A,"2011 की जनगणना के अनुसार राजस्थान का न्यूनतम लिंगानुपात धौलपुर जिले (846) में है।",Rajasthan CET Senior Secondary,2023,Medium
785,Science,Chemistry,1,04 Feb 2023 - Shift 2,150 PYQ Questions,"शुद्ध जल का pH मान कितना होता है?",7,0,14,1,A,"शुद्ध जल उदासीन (Neutral) होता है, अतः इसका pH मान ठीक 7 होता है।",Rajasthan CET Senior Secondary,2023,Easy
786,Reasoning,Coding-Decoding,1,04 Feb 2023 - Shift 2,150 PYQ Questions,"यदि किसी कूट भाषा में CAT को 24 लिखा जाता है, तो DOG का कूट क्या होगा?",26,20,30,22,A,"C(3) + A(1) + T(20) = 24। इसी प्रकार D(4) + O(15) + G(7) = 26।",Rajasthan CET Senior Secondary,2023,Easy
787,Rajasthan GK,Rajasthan History,1,04 Feb 2023 - Shift 2,150 PYQ Questions,"राजस्थान में 1857 की क्रांति का प्रारंभ सर्वप्रथम किस स्थान से हुआ था?",नसीराबाद,नीमच,एरिनपुरा,देवली,A,"28 मई 1857 को नसीराबाद छावनी (अजमेर) में 15वीं बंगाल नेटिव इन्फैंट्री के सैनिकों द्वारा क्रांति की शुरुआत हुई।",Rajasthan CET Senior Secondary,2023,Easy
788,Rajasthan GK,Rajasthan Economy,1,04 Feb 2023 - Shift 2,150 PYQ Questions,"राजस्थान में 'मुख्यमंत्री अनुप्रति कोचिंग योजना' किससे संबंधित है?",प्रतियोगी परीक्षाओं की तैयारी हेतु निशुल्क कोचिंग,स्कूली शिक्षा हेतु,विदेश में पढ़ाई हेतु,तकनीकी शिक्षा हेतु,A,"मुख्यमंत्री अनुप्रति कोचिंग योजना विभिन्न प्रतियोगी परीक्षाओं की तैयारी कर रहे विद्यार्थियों को निशुल्क कोचिंग प्रदान करती है।",Rajasthan CET Senior Secondary,2023,Easy
789,Science,Physics,1,04 Feb 2023 - Shift 2,150 PYQ Questions,"प्रकाश का वेग सर्वाधिक किसमें होता है?",निर्वात (Vacuum),जल,कांच,वायु,A,"प्रकाश की चाल निर्वात में सर्वाधिक (3 × 10⁸ मीटर/सेकंड) होती है।",Rajasthan CET Senior Secondary,2023,Easy
790,Mathematics,Percentage,1,04 Feb 2023 - Shift 2,150 PYQ Questions,"₹200 का 15% कितना होगा?",₹30,₹20,₹15,₹25,A,"200 × (15/100) = ₹30।",Rajasthan CET Senior Secondary,2023,Easy
791,Hindi,Grammar,1,04 Feb 2023 - Shift 2,150 PYQ Questions,"'प्रत्युपकार' शब्द में कौनसा उपसर्ग है?",प्रति,प्र,प्रत्य,प,A,"प्रति + उपकार = प्रत्युपकार (प्रति उपसर्ग है)।",Rajasthan CET Senior Secondary,2023,Easy
792,English,Grammar,1,04 Feb 2023 - Shift 2,150 PYQ Questions,"Change into indirect speech: He said, 'I am ill.'",He said that he was ill.,He said that I am ill.,He said that he is ill.,He said he is ill.,A,"Present continuous / simple present 'am' changes to past 'was' in indirect speech.",Rajasthan CET Senior Secondary,2023,Easy
793,Computer,Basic Computer,1,04 Feb 2023 - Shift 2,150 PYQ Questions,"CPU की गति को प्रायः किसमें मापा जाता है?",गीगाहर्ट्ज़ (GHz) / मेगाहर्ट्ज़ (MHz),गीगाबाइट (GB),एमपीएस (MPS),डीपीआई (DPI),A,"आधुनिक सीपीयू की क्लॉक स्पीड गीगाहर्ट्ज़ (GHz) में मापी जाती है।",Rajasthan CET Senior Secondary,2023,Easy
794,Rajasthan GK,Rajasthan Art & Culture,1,04 Feb 2023 - Shift 2,150 PYQ Questions,"'मोचड़ी' राजस्थान में किस वस्तु के लिए प्रसिद्ध शब्द है?",जूतियाँ (Footwear),आभूषण,कपड़े,खिलौने,A,"राजस्थान में चमड़े की पारंपरिक कलात्मक जूतियों को 'मोचड़ी' कहा जाता है जो जयपुर व जोधपुर की प्रसिद्ध हैं।",Rajasthan CET Senior Secondary,2023,Easy
795,Rajasthan GK,Rajasthan Geography,1,04 Feb 2023 - Shift 2,150 PYQ Questions,"राजस्थान में 'सोम-कागदर सिंचाई परियोजना' किस जिले में स्थित है?",उदयपुर,डूंगरपुर,बांसवाड़ा,सिरोही,A,"सोम-कागदर सिंचाई परियोजना उदयपुर जिले में सोम नदी पर निर्मित है।",Rajasthan CET Senior Secondary,2023,Medium
796,Science,Biology,1,04 Feb 2023 - Shift 2,150 PYQ Questions,"मनुष्य के हृदय में कुल कितने कोष्ठ (Chambers) होते हैं?",4,2,3,5,A,"मानव हृदय 4 कोष्ठीय होता है जिसमें 2 अलिंद (Atria) तथा 2 निलय (Ventricles) होते हैं।",Rajasthan CET Senior Secondary,2023,Easy
797,Mathematics,Ratio & Proportion,1,04 Feb 2023 - Shift 2,150 PYQ Questions,"यदि 4x = 5y है, तो x : y का मान क्या होगा?",5 : 4,4 : 5,1 : 1,20 : 1,A,"x / y = 5 / 4, अतः x : y = 5 : 4।",Rajasthan CET Senior Secondary,2023,Easy
798,Hindi,Vocabulary,1,04 Feb 2023 - Shift 2,150 PYQ Questions,"'अनुज' शब्द का सही अर्थ क्या है?",छोटा भाई,बड़ा भाई,पुत्र,मित्र,A,"'अनु' (पीछे) + 'ज' (जन्म लेने वाला) = अनुज अर्थात् 'छोटा भाई'।",Rajasthan CET Senior Secondary,2023,Easy
799,English,Vocabulary,1,04 Feb 2023 - Shift 2,150 PYQ Questions,"Choose the correct meaning of the idiom: 'At the eleventh hour'.",At the last moment,Early in the morning,At midnight,Very late at night,A,"'At the eleventh hour' means happening at the latest possible time/moment.",Rajasthan CET Senior Secondary,2023,Easy
800,Computer,Software,1,04 Feb 2023 - Shift 2,150 PYQ Questions,"MS-Word में पूरे टेक्स्ट को एक साथ सेलेक्ट करने की शॉर्टकट कुंजी क्या है?",Ctrl + A,Ctrl + S,Ctrl + C,Ctrl + V,A,"Ctrl + A दबाने पर डॉक्यूमेंट का संपूर्ण टेक्स्ट सेलेक्ट हो जाता है।",Rajasthan CET Senior Secondary,2023,Easy
801,Rajasthan GK,Rajasthan History,1,04 Feb 2023 - Shift 2,150 PYQ Questions,"'मानगढ़ धाम' राजस्थान के किस जिले में स्थित है जहाँ 1913 में जलियांवाला जैसा हत्याकांड हुआ था?",बांसवाड़ा,डूंगरपुर,उदयपुर,प्रतापगढ़,A,"17 नवंबर 1913 को मानगढ़ पहाड़ी (बांसवाड़ा) पर गोविंद गुरु के नेतृत्व में एकत्रित भीलों पर ब्रिटिश सेना ने गोलियाँ चलाई थीं।",Rajasthan CET Senior Secondary,2023,Medium
802,Rajasthan GK,Rajasthan Art & Culture,1,04 Feb 2023 - Shift 2,150 PYQ Questions,"'फड़ चित्रण' के लिए राजस्थान का कौन सा स्थान प्रसिद्ध है?",शाहपुरा (भीलवाड़ा),नाथद्वारा,किशनगढ़,बाड़मेर,A,"शाहपुरा (भीलवाड़ा) का जोशी परिवार फड़ चित्रांकन (कपड़े पर लोकदेवताओं की कथा का चित्रण) के लिए प्रसिद्ध है।",Rajasthan CET Senior Secondary,2023,Easy
803,Science,Chemistry,1,04 Feb 2023 - Shift 2,150 PYQ Questions,"एलपीजी (LPG) गैस का मुख्य घटक कौन सा है?",ब्यूटेन और प्रोपेन,मीथेन और एथेन,एथिलीन,इथेनॉल,A,"LPG (द्रवीकृत पेट्रोलियम गैस) का मुख्य घटक ब्यूटेन तथा प्रोपेन होता है।",Rajasthan CET Senior Secondary,2023,Easy
804,Reasoning,Direction,1,04 Feb 2023 - Shift 2,150 PYQ Questions,"यदि एक व्यक्ति पूर्व की ओर 5 किमी चलता है और फिर दाएँ मुड़कर 5 किमी चलता है, तो वह प्रारंभिक स्थान से किस दिशा में है?",दक्षिण-पूर्व,उत्तर-पूर्व,उत्तर-पश्चिम,दक्षिण-पश्चिम,A,"पूर्व और दक्षिण के मध्य की दिशा 'दक्षिण-पूर्व' (South-East) होती है।",Rajasthan CET Senior Secondary,2023,Easy
805,Rajasthan GK,Rajasthan Geography,1,04 Feb 2023 - Shift 2,150 PYQ Questions,"राजस्थान का राज्य पशु (वन्यजीव श्रेणी) कौन सा है?",चिंकारा,ऊंट,गोडावण,बाघ,A,"राजस्थान का वन्यजीव श्रेणी में राज्य पशु चिंकारा है तथा पशुधन श्रेणी में राज्य पशु ऊंट है।",Rajasthan CET Senior Secondary,2023,Easy
806,Rajasthan GK,Rajasthan History,1,04 Feb 2023 - Shift 2,150 PYQ Questions,"'तराइन का प्रथम युद्ध' (1191 ई.) में किसकी विजय हुई थी?",पृथ्वीराज चौहान तृतीया,मोहम्मद गोरी,जयचंद,महाराणा कुंभा,A,"1191 ई. के तराइन के प्रथम युद्ध में पृथ्वीराज चौहान तृतीया ने मोहम्मद गोरी को पराजित किया था।",Rajasthan CET Senior Secondary,2023,Easy
807,Science,Physics,1,04 Feb 2023 - Shift 2,150 PYQ Questions,"गुरुत्वाकर्षण का सार्वत्रिक नियम किसने प्रस्तुत किया था?",सर आइजैक न्यूटन,अल्बर्ट आइंस्टीन,गैलीलियो,केपलर,A,"न्यूटन ने गुरुत्वाकर्षण का सार्वत्रिक नियम (Law of Universal Gravitation) प्रतिपादित किया था।",Rajasthan CET Senior Secondary,2023,Easy
808,Mathematics,Profit & Loss,1,04 Feb 2023 - Shift 2,150 PYQ Questions,"यदि क्रय मूल्य ₹100 और विक्रय मूल्य ₹120 है, तो लाभ प्रतिशत कितना होगा?",20%,15%,25%,10%,A,"लाभ = 120 - 100 = ₹20। लाभ % = (20/100) × 100 = 20%।",Rajasthan CET Senior Secondary,2023,Easy
809,Hindi,Grammar,1,04 Feb 2023 - Shift 2,150 PYQ Questions,"'पवन' शब्द का सही संधि विच्छेद क्या है?",पो + अन,पौ + अन,पव + अन,पा + वन,A,"पो + अन = पवन (ओ + अ = अव, अयादि स्वर संधि)।",Rajasthan CET Senior Secondary,2023,Easy
810,English,Grammar,1,04 Feb 2023 - Shift 2,150 PYQ Questions,"Fill in the blank: 'Neither Shyam nor his friends _____ present in the party.'",were,was,is,has,A,"When subjects are joined by 'neither...nor', the verb agrees with the subject closer to it (his friends - plural -> were).",Rajasthan CET Senior Secondary,2023,Medium
811,Computer,Basic Computer,1,04 Feb 2023 - Shift 2,150 PYQ Questions,"कंप्यूटर का 'मस्तिष्क' (Brain of Computer) किसे कहा जाता है?",CPU,RAM,Hard Disk,Monitor,A,"CPU (Central Processing Unit) को कंप्यूटर का मस्तिष्क कहा जाता है।",Rajasthan CET Senior Secondary,2023,Easy
812,Rajasthan GK,Rajasthan Geography,1,04 Feb 2023 - Shift 2,150 PYQ Questions,"राजस्थान में 'मरु महोत्सव' कहाँ आयोजित किया जाता है?",जैसलमेर,बाड़मेर,बीकानेर,जोधपुर,A,"प्रसिद्ध 'मरु महोत्सव' प्रतिवर्ष माघ माह में जैसलमेर में आयोजित किया जाता है।",Rajasthan CET Senior Secondary,2023,Easy
813,Rajasthan GK,Rajasthan Polity,1,04 Feb 2023 - Shift 2,150 PYQ Questions,"राजस्थान राज्य निर्वाचन आयोग का गठन किस वर्ष हुआ था?",1994,1992,1995,1990,A,"73वें व 74वें संविधान संशोधन के तहत राजस्थान राज्य निर्वाचन आयोग का गठन जुलाई 1994 में हुआ था।",Rajasthan CET Senior Secondary,2023,Medium
814,Science,Biology,1,04 Feb 2023 - Shift 2,150 PYQ Questions,"पौधों में जल का संवहन किस ऊतक द्वारा होता है?",जाइलम (Xylem),फ्लोएंम (Phloem),स्टोमेटा,क्लोरोप्लास्ट,A,"पौधों में जल एवं खनिजों का परिवहन जाइलम (Xylem) तथा भोजन का संवहन फ्लोएम (Phloem) द्वारा होता है।",Rajasthan CET Senior Secondary,2023,Easy
815,Mathematics,Geometry,1,04 Feb 2023 - Shift 2,150 PYQ Questions,"त्रिभुज के तीनों आंतरिक कोणों का योग कितना होता है?",180°,360°,90°,270°,A,"किसी भी समतल त्रिभुज के तीनों कोणों का योग 180° होता है।",Rajasthan CET Senior Secondary,2023,Easy
816,Hindi,Vocabulary,1,04 Feb 2023 - Shift 2,150 PYQ Questions,"'अनुराग' का सही विलोम शब्द क्या है?",विराग,द्वेष,घृणा,क्रोध,A,"'अनुराग' का विलोम शब्द 'विराग' होता है।",Rajasthan CET Senior Secondary,2023,Easy
817,English,Vocabulary,1,04 Feb 2023 - Shift 2,150 PYQ Questions,"Choose the correct meaning of: 'To spill the beans'.",To reveal a secret,To drop food,To waste money,To clean the kitchen,A,"'To spill the beans' means to disclose confidential information or a secret.",Rajasthan CET Senior Secondary,2023,Easy
818,Computer,Networking,1,04 Feb 2023 - Shift 2,150 PYQ Questions,"LAN का पूर्ण रूप क्या है?",Local Area Network,Large Area Network,Logical Area Network,Long Area Network,A,"LAN का फुल फॉर्म Local Area Network है जो छोटे भौगोलिक क्षेत्र (कार्यालय/भवन) में प्रयुक्त होता है।",Rajasthan CET Senior Secondary,2023,Easy
819,Rajasthan GK,Rajasthan History,1,04 Feb 2023 - Shift 2,150 PYQ Questions,"'चित्तौड़गढ़ का प्रथम साका' किस वर्ष हुआ था?",1303 ई.,1301 ई.,1535 ई.,1568 ई.,A,"1303 ई. में अलाउद्दीन खिलजी के आक्रमण के समय चित्तौड़ का प्रथम साका हुआ जिसमें रानी पद्मिनी ने जौहर किया था।",Rajasthan CET Senior Secondary,2023,Easy
820,Rajasthan GK,Rajasthan Art & Culture,1,04 Feb 2023 - Shift 2,150 PYQ Questions,"'बनी-ठनी' चित्र शैली का संबंध किस चित्रशैली से है?",किशनगढ़ शैली,मेवाड़ शैली,मारवाड़ शैली,बूंदी शैली,A,"'बनी-ठनी' चित्र किशनगढ़ शैली का प्रसिद्ध चित्र है जिसे निहालचंद ने बनाया था। इसे 'भारत की मोदालिसा' कहा जाता है।",Rajasthan CET Senior Secondary,2023,Easy
821,Science,Chemistry,1,04 Feb 2023 - Shift 2,150 PYQ Questions,"बेकिंग सोडा का रासायनिक सूत्र क्या है?",NaHCO₃,Na₂CO₃,NaOH,NaCl,A,"खाने का सोडा / बेकिंग सोडा सोडियम बाइकार्बोनेट (NaHCO₃) है।",Rajasthan CET Senior Secondary,2023,Easy
822,Reasoning,Number Series,1,04 Feb 2023 - Shift 2,150 PYQ Questions,"श्रृंखला पूरी करें: 3, 9, 27, 81, ?",243,162,108,324,A,"प्रत्येक पद में 3 से गुणा हो रहा है (3ⁿ)। 81 × 3 = 243।",Rajasthan CET Senior Secondary,2023,Easy
823,Rajasthan GK,Rajasthan Geography,1,04 Feb 2023 - Shift 2,150 PYQ Questions,"राजस्थान में 'थार का मरुस्थल' कुल क्षेत्रफल के लगभग कितने प्रतिशत भाग पर फैला है?",61.11%,40%,75%,50%,A,"राजस्थान के कुल भू-भाग का लगभग 61.11% हिस्सा थार मरुस्थल (पश्चिम का रेतीला मैदान) के अंतर्गत आता है।",Rajasthan CET Senior Secondary,2023,Medium
824,Rajasthan GK,Rajasthan Economy,1,04 Feb 2023 - Shift 2,150 PYQ Questions,"राजस्थान में 'मुख्यमंत्री चिरंजीवी स्वास्थ्य बीमा योजना' कब लागू हुई थी?",1 मई 2021,1 मई 2020,15 अगस्त 2021,26 जनवरी 2022,A,"मुख्यमंत्री चिरंजीवी स्वास्थ्य बीमा योजना 1 मई 2021 से संपूर्ण राजस्थान में लागू की गई थी।",Rajasthan CET Senior Secondary,2023,Medium
825,Science,Physics,1,04 Feb 2023 - Shift 2,150 PYQ Questions,"तारों का टिमटिमाना प्रकाश की किस घटना के कारण होता है?",वायुमंडलीय अपवर्तन (Atmospheric Refraction),परावर्तन,पूर्ण आंतरिक परावर्तन,प्रकीर्णन,A,"तारों का प्रकाश जब विभिन्न घनत्व वाली वायुमंडलीय परतों से गुजरता है तो अपवर्तन के कारण टिमटिमाता दिखाई देता है।",Rajasthan CET Senior Secondary,2023,Medium
826,Mathematics,Simple Interest,1,04 Feb 2023 - Shift 2,150 PYQ Questions,"₹2000 का 10% दर से 1 वर्ष का चक्रवृद्घि ब्याज कितना होगा (यदि ब्याज वार्षिक देय है)?",₹200,₹220,₹100,₹250,A,"1 वर्ष के लिए साधारण ब्याज और चक्रवृद्धि ब्याज समान होता है = 2000 × 10% = ₹200।",Rajasthan CET Senior Secondary,2023,Easy
827,Hindi,Grammar,1,04 Feb 2023 - Shift 2,150 PYQ Questions,"'सूर्योदय' शब्द का सही संधि विच्छेद क्या है?",सूर्य + उदय,सूर्य + दय,सूर्यो + दय,सूर्य + उदयः,A,"सूर्य + उदय = सूर्योदय (अ + उ = ओ, गुण स्वर संधि)।",Rajasthan CET Senior Secondary,2023,Easy
828,English,Grammar,1,04 Feb 2023 - Shift 2,150 PYQ Questions,"Choose the correct passive voice: 'People speak English all over the world.'",English is spoken all over the world.,English was spoken all over the world.,English has spoken all over the world.,English spoken all over the world.,A,"Simple present 'speak' changes to 'is/am/are + V3 (spoken)' in passive voice.",Rajasthan CET Senior Secondary,2023,Easy
829,Computer,Hardware,1,04 Feb 2023 - Shift 2,150 PYQ Questions,"कंप्यूटर में सबसे तेज मेमोरी कौन सी होती है?",कैश मेमोरी (Cache Memory),RAM,Hard Disk,ROM,A,"सीपीयू और मुख्य मेमोरी के मध्य स्थित कैश मेमोरी (Cache Memory) अत्यधिक तेज गति से कार्य करती है।",Rajasthan CET Senior Secondary,2023,Easy
830,Rajasthan GK,Rajasthan History,1,04 Feb 2023 - Shift 2,150 PYQ Questions,"'हवा महल' जयपुर का निर्माण 1799 ई. में किसने करवाया था?",सवाई प्रताप सिंह,सवाई जयसिंह द्वितीय,सवाई मानसिंह,सवाई रामसिंह,A,"हवा महल (5 मंजिला इमारत) का निर्माण 1799 ई. में महाराजा सवाई प्रताप सिंह ने करवाया था। इसके वास्तुकार लालचंद उस्ता थे।",Rajasthan CET Senior Secondary,2023,Easy
831,Rajasthan GK,Rajasthan Geography,1,04 Feb 2023 - Shift 2,150 PYQ Questions,"राजस्थान में 'जवाई बांध' किस जिले में स्थित है?",पाली,जोधपुर,सिरोही,बाड़मेर,A,"जवाई बांध पाली जिले के सुमेरपुर के पास जवाई नदी पर बना है, इसे 'मारवाड़ का अमृत सरोवर' कहा जाता है।",Rajasthan CET Senior Secondary,2023,Easy
832,Science,Biology,1,04 Feb 2023 - Shift 2,150 PYQ Questions,"पेनिसिलिन (Penicillin) एंटीबायोटिक की खोज किसने की थी?",अलेक्जेंडर फ्लेमिंग,लुई पाश्चर,एडवर्ड जेनर,रॉबर्ट कोच,A,"1928 ई. में सर अलेक्जेंडर फ्लेमिंग ने कवक (Penicillium notatum) से प्रथम एंटीबायोटिक पेनिसिलिन की खोज की थी।",Rajasthan CET Senior Secondary,2023,Easy
833,Mathematics,Average,1,04 Feb 2023 - Shift 2,150 PYQ Questions,"10, 20, 30, 40, 50 का औसत क्या होगा?",30,25,35,40,A,"औसत = कुल योग / कुल संख्या = 150 / 5 = 30।",Rajasthan CET Senior Secondary,2023,Easy
834,Hindi,Vocabulary,1,04 Feb 2023 - Shift 2,150 PYQ Questions,"'जल' का पर्यायवाची शब्द कौन सा नहीं है?",अनिल,नीर,तोय,वारि,A,"नीर, तोय और वारि जल के पर्यायवाची हैं; 'अनिल' हवा/वायु का पर्यायवाची है।",Rajasthan CET Senior Secondary,2023,Easy
835,English,Vocabulary,1,04 Feb 2023 - Shift 2,150 PYQ Questions,"Choose the antonym of 'CREATE'.",Destroy,Make,Build,Construct,A,"'Create' means to bring something into existence; its opposite is 'Destroy'.",Rajasthan CET Senior Secondary,2023,Easy
836,Computer,Software,1,04 Feb 2023 - Shift 2,150 PYQ Questions,"MS-Excel में रो (Row) और कॉलम (Column) के कटाव/प्रतिच्छेदन को क्या कहते हैं?",सेल (Cell),टेबल,बॉक्स,ग्रिड,A,"पंक्ति (Row) और स्तंभ (Column) का इंटरसेक्शन सेल (Cell) कहलाता है।",Rajasthan CET Senior Secondary,2023,Easy
837,Rajasthan GK,Rajasthan Art & Culture,1,04 Feb 2023 - Shift 2,150 PYQ Questions,"'सांझी पूजन' मुख्य रूप से किसके द्वारा किया जाता है?",कुंवारी कन्याओं द्वारा,विवाहित पुरुषों द्वारा,वृद्धों द्वारा,बालकों द्वारा,A,"राजस्थान में श्राद्ध पक्ष में कुंवारी कन्याओं द्वारा दीवार पर गोबर व मिट्टी से सांझी का पूजन किया जाता है।",Rajasthan CET Senior Secondary,2023,Medium
838,Rajasthan GK,Rajasthan Polity,1,04 Feb 2023 - Shift 2,150 PYQ Questions,"राजस्थान में पंचायती राज व्यवस्था की शुरुआत 2 अक्टूबर 1959 को किस जिले से हुई थी?",नागौर (बगधरी गांव),जयपुर,अजमेर,उदयपुर,A,"2 अक्टूबर 1959 को पंडित जवाहरलाल नेहरू ने नागौर जिले के बगधरी गांव से स्वतंत्र भारत में पंचायती राज का शुभारंभ किया था।",Rajasthan CET Senior Secondary,2023,Easy
839,Science,Chemistry,1,04 Feb 2023 - Shift 2,150 PYQ Questions,"लोहे में जंग लगना (Rusting of Iron) किस प्रकार का परिवर्तन है?",रासायनिक परिवर्तन,भौतिक परिवर्तन,नाभिकीय परिवर्तन,कोई परिवर्तन नहीं,A,"जंग लगने से लोहे का नया ऑक्साइड (Fe₂O₃·xH₂O) बनता है जो एक अपरिवर्तनीय 'रासायनिक परिवर्तन' है।",Rajasthan CET Senior Secondary,2023,Easy
840,Reasoning,Analogy,1,04 Feb 2023 - Shift 2,150 PYQ Questions,"'चिकित्सक' : 'अस्पताल' :: 'शिक्षक' : ?",विद्यालय,पुस्तकालय,न्यायालय,कारखाना,A,"चिकित्सक का कार्यस्थल अस्पताल है, उसी प्रकार शिक्षक का कार्यस्थल विद्यालय (School) है।",Rajasthan CET Senior Secondary,2023,Easy
841,Rajasthan GK,Rajasthan Geography,1,04 Feb 2023 - Shift 2,150 PYQ Questions,"राजस्थान का राज्य वृक्ष 'खेजड़ी' को राज्य वृक्ष का दर्जा किस वर्ष दिया गया था?",1983,1981,1985,1990,A,"31 अक्टूबर 1983 को खेजड़ी (प्रोसोपिस सिनेरेरिया) को राजस्थान का राज्य वृक्ष घोषित किया गया था।",Rajasthan CET Senior Secondary,2023,Medium
842,Rajasthan GK,Rajasthan History,1,04 Feb 2023 - Shift 2,150 PYQ Questions,"'हल्दीघाटी का युद्ध' में महाराणा प्रताप के सेनापति कौन थे?",हकीम खां सूरी,झाला बीदा,पुंजा भील,मानसिंह,A,"हल्दीघाटी युद्ध में प्रताप की सेना के हरावल (अग्रिम) दस्ते का नेतृत्व अफगान सेनापति हकीम खां सूरी ने किया था।",Rajasthan CET Senior Secondary,2023,Easy
843,Science,Physics,1,04 Feb 2023 - Shift 2,150 PYQ Questions,"मानव नेत्र में किसी वस्तु का प्रतिबिंब कहाँ बनता है?",रेटीना (Retina) पर,कार्नियस पर,लेंस पर,पुतली पर,A,"मानव नेत्र में किसी वस्तु का वास्तविक एवं उल्टा प्रतिबिंब दृष्टिपटल (Retina) पर बनता है।",Rajasthan CET Senior Secondary,2023,Easy
844,Mathematics,Algebra,1,04 Feb 2023 - Shift 2,150 PYQ Questions,"यदि (x - 2) = 0 है, तो x³ का मान क्या होगा?",8,4,6,16,A,"x - 2 = 0 => x = 2। x³ = 2³ = 8।",Rajasthan CET Senior Secondary,2023,Easy
845,Hindi,Grammar,1,04 Feb 2023 - Shift 2,150 PYQ Questions,"'अंधे के हाथ बटेर लगना' मुहावरे का सही अर्थ क्या है?",अयोग्य व्यक्ति को बिना प्रयास अच्छी वस्तु मिल जाना,अंधे को भोजन मिलना,शिकार करना,भाग्यशाली होना,A,"'अंधे के हाथ बटेर लगना' का अर्थ अनायासी या बिना योग्यता के मूल्यवान वस्तु प्राप्त हो जाना है।",Rajasthan CET Senior Secondary,2023,Easy
846,English,Grammar,1,04 Feb 2023 - Shift 2,150 PYQ Questions,"Fill in the blank: 'Honesty _____ the best policy.'",is,are,was,were,A,"Universal truths and general proverbs are expressed in simple present tense ('is').",Rajasthan CET Senior Secondary,2023,Easy
847,Computer,Operating System,1,04 Feb 2023 - Shift 2,150 PYQ Questions,"निम्नलिखित में से कौन-सा एक ग्राफिकल यूजर इंटरफेस (GUI) आधारित ऑपरेटिंग सिस्टम है?",Windows,MS-DOS,Unix,Command Line,A,"Windows एक जीयूआई (Graphical User Interface) आधारित यूजर फ्रेंडली ऑपरेटिंग सिस्टम है।",Rajasthan CET Senior Secondary,2023,Easy
848,Rajasthan GK,Rajasthan Geography,1,04 Feb 2023 - Shift 2,150 PYQ Questions,"राजस्थान में 'अरावली पर्वतमाला' का विस्तार किस दिशा में है?",दक्षिण-पश्चिम से उत्तर-पूर्व,उत्तर-पूर्व से दक्षिण-पश्चिम,उत्तर से दक्षिण,पूर्व से पश्चिम,A,"अरावली पर्वतमाला राजस्थान में गुजरात सीमा (सिरोही) से खेतड़ी (झुंझुनूं) तक दक्षिण-पश्चिम से उत्तर-पूर्व दिशा में विस्तारित है।",Rajasthan CET Senior Secondary,2023,Medium
849,Rajasthan GK,Rajasthan Art & Culture,1,04 Feb 2023 - Shift 2,150 PYQ Questions,"'लांगुरिया गीत' किस देवी के मेले में गाया जाता है?",कैला देवी (करौली),जीण माता,करणी माता,शीतला माता,A,"करौली में त्रिकूट पर्वत पर स्थित कैला देवी के मेले में मीणा व गुर्जर भक्तों द्वारा 'लांगुरिया' गीत व नृत्य किया जाता है।",Rajasthan CET Senior Secondary,2023,Easy
850,Science,Biology,1,04 Feb 2023 - Shift 2,150 PYQ Questions,"कोशिका का 'शक्ति गृह' (Power House of the Cell) किसे कहा जाता है?",माइटोकॉन्ड्रिया (Mitochondria),राइबोसोम,लाइसोसोम,केंद्रक,A,"माइटोकॉन्ड्रिया में कोशिकीय श्वसन द्वारा ATP के रूप में ऊर्जा उत्पन्न होती है, अतः इसे कोशिका का पावर हाउस कहते हैं।",Rajasthan CET Senior Secondary,2023,Easy
851,Rajasthan GK,Rajasthan Geography,2,05 Feb 2023 - Shift 1,150 PYQ Questions,"राजस्थान में 'मरुस्थलीकरण का मुख्य कारण' निम्नलिखित में से कौन सा है?",अनियंत्रित पशुचारण,अत्यधिक सिंचाई,उद्योगों का विकास,नदियों का प्रवाह,A,"राजस्थान में मरुस्थलीकरण का सबसे प्रमुख कारण अनियंत्रित पशुचारण एवं वनोन्मूलन (Deforestation) है।",Rajasthan CET Senior Secondary,2023,Medium
852,Rajasthan GK,Rajasthan History,2,05 Feb 2023 - Shift 1,150 PYQ Questions,"'रणथंभौर के चौहान वंश' का संस्थापक कौन था?",गोविंदराज,पृथ्वीराज तृतीय,हम्मीरदेव,हरिराज,A,"1194 ई. में पृथ्वीराज चौहान के पुत्र गोविंदराज ने रणथंभौर में चौहान वंश की स्थापना की थी।",Rajasthan CET Senior Secondary,2023,Easy
853,Rajasthan GK,Rajasthan Art & Culture,2,05 Feb 2023 - Shift 1,150 PYQ Questions,"'कामड़ जाति' की महिलाओं द्वारा कौन सा नृत्य किया जाता है?",तेरहताली नृत्य,घूमर नृत्य,चरी नृत्य,मांदल नृत्य,A,"रामदेवजी के मेले में कामड़ जाति की महिलाओं द्वारा मंजीरों के साथ 'तेरहताली नृत्य' किया जाता है।",Rajasthan CET Senior Secondary,2023,Easy
854,Science,Chemistry,2,05 Feb 2023 - Shift 2,150 PYQ Questions,"प्लास्टर ऑफ पेरिस (POP) का रासायनिक सूत्र क्या है?",CaSO₄·½H₂O,CaSO₄·2H₂O,CaCO₃,CaCl₂,A,"जिप्सम को 120°C पर गर्म करने पर प्लास्टर ऑफ पेरिस (CaSO₄·½H₂O) प्राप्त होता है।",Rajasthan CET Senior Secondary,2023,Easy
855,Mathematics,Profit & Loss,2,05 Feb 2023 - Shift 1,150 PYQ Questions,"एक घड़ी को ₹720 में बेचने पर 10% की हानि होती है। घड़ी का क्रय मूल्य क्या है?",₹800,₹750,₹850,₹900,A,"क्रय मूल्य = विक्रय मूल्य × (100 / 100 - हानि%) = 720 × (100 / 90) = ₹800।",Rajasthan CET Senior Secondary,2023,Easy
856,Hindi,Grammar,2,05 Feb 2023 - Shift 1,150 PYQ Questions,"'अत्यधिक' शब्द का सही संधि विच्छेद क्या है?",अति + अधिक,अत्य + अधिक,अति + धिक,अत्या + अधिक,A,"अति + अधिक = अत्यधिक (इ + अ = य, यण स्वर संधि)।",Rajasthan CET Senior Secondary,2023,Easy
857,English,Grammar,2,05 Feb 2023 - Shift 1,150 PYQ Questions,"Choose the correct passive form: 'They are building a bridge.'",A bridge is being built by them.,A bridge was built by them.,A bridge has been built by them.,A bridge is built by them.,A,"Present continuous 'are building' changes to 'is/are + being + V3 (built)' in passive voice.",Rajasthan CET Senior Secondary,2023,Easy
858,Computer,Basic Computer,2,05 Feb 2023 - Shift 1,150 PYQ Questions,"MS-Word में नया डॉक्यूमेंट खोलने की शॉर्टकट कुंजी क्या है?",Ctrl + N,Ctrl + O,Ctrl + S,Ctrl + M,A,"Ctrl + N दबाने से नया ब्लैंक डॉक्यूमेंट (New Document) खुलता है।",Rajasthan CET Senior Secondary,2023,Easy
859,Rajasthan GK,Rajasthan Geography,2,05 Feb 2023 - Shift 1,150 PYQ Questions,"राजस्थान की किस नदी को 'मृत नदी' (Dead River) के नाम से जाना जाता है?",घग्घर नदी,कांतली नदी,बाणगंगा नदी,लूणी नदी,A,"प्राचीन सरस्वती नदी के पेटे में बहने वाली घग्घर नदी को 'मृत नदी' कहा जाता है।",Rajasthan CET Senior Secondary,2023,Easy
860,Rajasthan GK,Rajasthan History,2,05 Feb 2023 - Shift 1,150 PYQ Questions,"'प्रतापगढ़' राज्य की स्थापना किसने की थी?",महारावल क्षेमकरण / महारावत प्रताप सिंह,राव बीका,राव जोधा,सवाई जयसिंह,A,"1699 ई. में महारावत प्रताप सिंह ने काठल क्षेत्र में प्रतापगढ़ की स्थापना की थी।",Rajasthan CET Senior Secondary,2023,Medium
861,Rajasthan GK,Rajasthan Polity,2,05 Feb 2023 - Shift 1,150 PYQ Questions,"राजस्थान के प्रथम राज्यपाल कौन थे?",गुरुमुख निहाल सिंह,डॉ. सम्पूर्णानंद,सरदार हुकम सिंह,मदनलाल खुराना,A,"1 नवंबर 1956 को राजस्थान के प्रथम राज्यपाल सरदार गुरुमुख निहाल सिंह बने थे।",Rajasthan CET Senior Secondary,2023,Easy
862,Rajasthan GK,Rajasthan Geography,2,05 Feb 2023 - Shift 1,150 PYQ Questions,"राजस्थान में 'जसवंत थड़ा' कहाँ स्थित है?",जोधपुर,जयपुर,बीकानेर,जैसलमेर,A,"जोधपुर में मेहरानगढ़ दुर्ग के पास स्थित सफेद संगमरमर की इमारत जसवंत थड़ा को 'राजस्थान का ताजमहल' कहा जाता है।",Rajasthan CET Senior Secondary,2023,Easy
863,Science,Physics,2,05 Feb 2023 - Shift 1,150 PYQ Questions,"दूर दृष्टि दोष (Hypermetropia) के निवारण के लिए किस लेंस का उपयोग किया जाता है?",उत्तल लेंस (Convex Lens),अवतल लेंस (Concave Lens),बेलनाकार लेंस,द्विफोकसी लेंस,A,"दूर दृष्टि दोष में पास की वस्तु स्पष्ट नहीं दिखती, इसके निवारण हेतु उत्तल लेंस का उपयोग होता है।",Rajasthan CET Senior Secondary,2023,Easy
864,Rajasthan GK,Rajasthan Economy,2,05 Feb 2023 - Shift 1,150 PYQ Questions,"राजस्थान में 'मुख्यमंत्री किसान मित्र ऊर्जा योजना' के तहत प्रतिमाह कितनी अनुदान राशि दी जाती है?",₹1000,₹500,₹1500,₹2000,A,"इस योजना के तहत कृषि उपभोक्ताओं को बिजली बिल पर प्रति माह ₹1000 (अधिकतम ₹12000 प्रति वर्ष) का अनुदान मिलता है।",Rajasthan CET Senior Secondary,2023,Medium
865,Mathematics,Simple Interest,2,05 Feb 2023 - Shift 1,150 PYQ Questions,"₹8000 का 10% वार्षिक दर से 2 वर्ष का चक्रवृद्घि ब्याज कितना होगा?",₹1680,₹1600,₹1800,₹2000,A,"A = 8000 × (1.10)² = ₹9680। CI = 9680 - 8000 = ₹1680।",Rajasthan CET Senior Secondary,2023,Medium
866,Hindi,Vocabulary,2,05 Feb 2023 - Shift 1,150 PYQ Questions,"'अंधेरे का दीपक' होना मुहावरे का सही अर्थ क्या है?",आशा की किरण होना,दीपक जलाना,अंधेरा दूर करना,रोशनी करना,A,"'अंधेरे का दीपक होना' का अर्थ कठिन परिस्थिति में आशा की एकमात्र किरण होना है।",Rajasthan CET Senior Secondary,2023,Easy
867,English,Vocabulary,2,05 Feb 2023 - Shift 1,150 PYQ Questions,"Choose the antonym of the word 'GENEROUS'.",Stingy,Kind,Charitable,Noble,A,"'Generous' means willing to give or share; its antonym is 'Stingy' (miserly).",Rajasthan CET Senior Secondary,2023,Easy
868,Computer,Hardware,2,05 Feb 2023 - Shift 1,150 PYQ Questions,"निम्नलिखित में से कौन-सा एक आउटपुट डिवाइस नहीं है?",कीबोर्ड (Keyboard),मॉनिटर (Monitor),प्रिंटर (Printer),प्लॉटर (Plotter),A,"कीबोर्ड एक इनपुट डिवाइस है, जबकि मॉनिटर, प्रिंटर और प्लॉटर आउटपुट डिवाइस हैं।",Rajasthan CET Senior Secondary,2023,Easy
869,Rajasthan GK,Rajasthan Art & Culture,2,05 Feb 2023 - Shift 1,150 PYQ Questions,"'शीतला माता' का प्रसिद्ध मेला राजस्थान में कहाँ लगता है?",चाकसू (जयपुर),आमेर,सांगानेर,बगरू,A,"जयपुर जिले के चाकसू में सील की डूंगरी पर शीतला माता का मेला चैत्र कृष्ण अष्टमी (शीतलाष्टमी) को लगता है।",Rajasthan CET Senior Secondary,2023,Easy
870,Rajasthan GK,Rajasthan Geography,2,05 Feb 2023 - Shift 1,150 PYQ Questions,"राजस्थान की सबसे बड़ी कृत्रिम झील कौन सी है?",जयसमंद झील,राजसमंद झील,सांभर झील,पिचोला झील,A,"उदयपुर में स्थित जयसमंद झील (डेबर झील) राजस्थान की सबसे बड़ी मीठे पानी की कृत्रिम झील है।",Rajasthan CET Senior Secondary,2023,Easy
871,Science,Biology,2,05 Feb 2023 - Shift 1,150 PYQ Questions,"मानव शरीर की सबसे बड़ी ग्रंथि कौन सी है?",यकृत (Liver),अग्न्याशय,थायरॉयड,पीयूष ग्रंथि,A,"मानव शरीर की सबसे बड़ी ग्रंथि यकृत (Liver) है जिसका वजन लगभग 1.5 किग्रा होता है।",Rajasthan CET Senior Secondary,2023,Easy
872,Rajasthan GK,Rajasthan History,2,05 Feb 2023 - Shift 1,150 PYQ Questions,"'गिरी सुमेल का युद्ध' (1544 ई.) किनके मध्य लड़ा गया था?",शेरशाह सूरी और राव मालदेव,बाबर और सांगा,अकबर और प्रताप,हुमायूं और मालदेव,A,"जैतारण (पाली) में 1544 ई. में शेरशाह सूरी और मारवाड़ के राव मालदेव के सेनापति जैता व कूंपा के बीच युद्ध हुआ था।",Rajasthan CET Senior Secondary,2023,Easy
873,Mathematics,Geometry,2,05 Feb 2023 - Shift 1,150 PYQ Questions,"एक वर्ग की भुजा 8 सेमी है। इसका क्षेत्रफल क्या होगा?",64 वर्ग सेमी,32 वर्ग सेमी,16 वर्ग सेमी,24 वर्ग सेमी,A,"वर्ग का क्षेत्रफल = (भुजा)² = 8² = 64 वर्ग सेमी।",Rajasthan CET Senior Secondary,2023,Easy
874,Hindi,Grammar,2,05 Feb 2023 - Shift 1,150 PYQ Questions,"'चौराहा' शब्द में कौन सा समास है?",द्विगु समास,अव्ययीभाव समास,तत्पुरुष समास,द्वंद्व समास,A,"जिस समास का प्रथम पद संख्यावाचक हो (चार राहों का समूह), उसे द्विगु समास कहते हैं।",Rajasthan CET Senior Secondary,2023,Easy
875,English,Grammar,2,05 Feb 2023 - Shift 1,150 PYQ Questions,"Fill in the blank with suitable article: 'Copper is _____ useful metal.'",a,an,the,no article,A,"'Useful' begins with a consonant sound ('yu'), hence 'a' is used before it.",Rajasthan CET Senior Secondary,2023,Easy
876,Computer,Software,2,05 Feb 2023 - Shift 1,150 PYQ Questions,"MS-Excel में फॉर्मूला हमेशा किस चिह्न से शुरू होता है?",= (बराबर),+,@,#,A,"MS-Excel में प्रत्येक सूत्र/फॉर्मूला '=' (इक्वल) चिह्न से आरंभ होता है।",Rajasthan CET Senior Secondary,2023,Easy
877,Rajasthan GK,Rajasthan Polity,2,05 Feb 2023 - Shift 1,150 PYQ Questions,"राजस्थान में उच्च न्यायालय की मुख्य पीठ (Main Bench) कहाँ स्थित है?",जोधपुर,जयपुर,अजमेर,उदयपुर,A,"राजस्थान उच्च न्यायालय की मुख्य पीठ जोधपुर में है तथा जयपुर में इसकी खण्डपीठ (Bench) स्थित है।",Rajasthan CET Senior Secondary,2023,Easy
878,Rajasthan GK,Rajasthan Art & Culture,2,05 Feb 2023 - Shift 1,150 PYQ Questions,"'बस्सी की काष्ठ कला' राजस्थान के किस जिले से संबंधित है?",चित्तौड़गढ़,जयपुर,उदयपुर,कोटा,A,"चित्तौड़गढ़ जिले का बस्सी गांव काष्ठ कला (काष्ठ की कावड़, बेवाण व गणगौर) हेतु प्रसिद्ध है।",Rajasthan CET Senior Secondary,2023,Medium
879,Science,Chemistry,2,05 Feb 2023 - Shift 1,150 PYQ Questions,"धातुओं को पीटकर पतली चादर बनाने के गुण को क्या कहते हैं?",आघातवर्धनीयता (Malleability),तन्यता,चालकता,कठोरता,A,"धातुओं को हथौड़े से पीटकर पतली शीट बनाने की क्षमता को आघातवर्धनीयता कहते हैं। सोना व चाँदी सर्वाधिक आघातवर्धनीय हैं।",Rajasthan CET Senior Secondary,2023,Easy
880,Reasoning,Series,2,05 Feb 2023 - Shift 1,150 PYQ Questions,"दी गई श्रेणी में अगला अंक क्या होगा? 1, 4, 9, 16, 25, ?",36,30,49,40,A,"यह प्राकृतिक संख्याओं के वर्ग की श्रेणी है (1², 2², 3², 4², 5², 6²)। 6² = 36।",Rajasthan CET Senior Secondary,2023,Easy
881,Rajasthan GK,Rajasthan Geography,2,05 Feb 2023 - Shift 1,150 PYQ Questions,"राजस्थान में 'अरावली पर्वतमाला' की कुल लंबाई कितनी है?",692 किमी,550 किमी,500 किमी,700 किमी,A,"पालनपुर (गुजरात) से दिल्ली तक अरावली की कुल लंबाई 692 किमी है, जिसमें से 550 किमी (80%) राजस्थान में है।",Rajasthan CET Senior Secondary,2023,Medium
882,Rajasthan GK,Rajasthan History,2,05 Feb 2023 - Shift 1,150 PYQ Questions,"'मत्स्य संघ' का उद्घाटन 18 मार्च 1948 को कहाँ किया गया था?",भरतपुर दुर्ग (लोहागढ़),अलवर,धौलपुर,कोटा,A,"राजस्थान के एकीकरण के प्रथम चरण 'मत्स्य संघ' का उद्घाटन एन. वी. गाडगिल द्वारा भरतपुर के लोहागढ़ दुर्ग में हुआ था।",Rajasthan CET Senior Secondary,2023,Medium
883,Science,Physics,2,05 Feb 2023 - Shift 1,150 PYQ Questions,"विभवांतर (Potential Difference) की SI इकाई क्या है?",वोल्ट (Volt),एम्पीयर,ओम,वाट,A,"विभवांतर की SI इकाई वोल्ट (Volt) है तथा इसे वोल्टमीटर द्वारा मापा जाता है।",Rajasthan CET Senior Secondary,2023,Easy
884,Mathematics,Percentage,2,05 Feb 2023 - Shift 1,150 PYQ Questions,"300 का 25% कितना होगा?",75,60,50,80,A,"300 × (25 / 100) = 75।",Rajasthan CET Senior Secondary,2023,Easy
885,Hindi,Vocabulary,2,05 Feb 2023 - Shift 1,150 PYQ Questions,"'आकाश' का सही पर्यायवाची शब्द कौन सा है?",गगन,पावक,अवनि,समीर,A,"गगन, नभ, व्योम आकाश के पर्यायवाची हैं; पावक (अग्नि), अवनि (पृथ्वी), समीर (वायु) हैं।",Rajasthan CET Senior Secondary,2023,Easy
886,English,Vocabulary,2,05 Feb 2023 - Shift 1,150 PYQ Questions,"Choose the correct one-word substitute: 'One who cannot read and write.'",Illiterate,Literate,Scholar,Blind,A,"A person who is unable to read or write is called an 'Illiterate'.",Rajasthan CET Senior Secondary,2023,Easy
887,Computer,Networking,2,05 Feb 2023 - Shift 1,150 PYQ Questions,"URL का पूर्ण रूप क्या है?",Uniform Resource Locator,Universal Resource Locator,Unique Resource Locator,Uniform Resource Link,A,"URL का फुल फॉर्म Uniform Resource Locator होता है।",Rajasthan CET Senior Secondary,2023,Easy
888,Rajasthan GK,Rajasthan Geography,2,05 Feb 2023 - Shift 1,150 PYQ Questions,"राजस्थान में 'बनास नदी' का उद्गम स्थल कहाँ है?",खमनोर की पहाड़ियाँ (राजसमंद),नाग पहाड़,बैराठ की पहाड़ियाँ,खंडेला की पहाड़ियाँ,A,"बनास नदी (वर्णाशा/वन की आशा) राजसमंद जिले में कुंभलगढ़ के पास खमनोर की पहाड़ियों से निकलती है।",Rajasthan CET Senior Secondary,2023,Easy
889,Rajasthan GK,Rajasthan History,2,05 Feb 2023 - Shift 1,150 PYQ Questions,"'आहाड़' सभ्यता स्थल राजस्थान के किस जिले में स्थित है?",उदयपुर,भीलवाड़ा,हनुमानगढ़,राजसमंद,A,"आहाड़ (ताम्रवती नगरी) बेड़च/आहाड़ नदी के किनारे उदयपुर जिले में स्थित एक प्रसिद्ध ताम्रपाषाणिक स्थल है।",Rajasthan CET Senior Secondary,2023,Easy
890,Science,Biology,2,05 Feb 2023 - Shift 1,150 PYQ Questions,"विटामिन 'A' की कमी से कौन सा रोग होता है?",रतौंधी (Night Blindness),स्कर्वी,रिकेट्स,बेरी-बेरी,A,"विटामिन A (रेटिनॉल) की कमी से आँखों में रतौंधी (Night Blindness) रोग हो जाता है।",Rajasthan CET Senior Secondary,2023,Easy
891,Mathematics,Average,2,05 Feb 2023 - Shift 1,150 PYQ Questions,"संख्याओं 4, 8, 12, 16 का औसत क्या होगा?",10,12,8,14,A,"औसत = (4 + 8 + 12 + 16) / 4 = 40 / 4 = 10।",Rajasthan CET Senior Secondary,2023,Easy
892,Hindi,Grammar,2,05 Feb 2023 - Shift 1,150 PYQ Questions,"'महेश' का सही संधि विच्छेद क्या है?",महा + ईश,मह + ईश,महे + श,महा + इश,A,"महा + ईश = महेश (आ + ई = ए, गुण स्वर संधि)।",Rajasthan CET Senior Secondary,2023,Easy
893,English,Grammar,2,05 Feb 2023 - Shift 1,150 PYQ Questions,"Choose the correct spelling.",Commitment,Comitment,Commitment,Committment,A,"The correct spelling is 'Commitment'.",Rajasthan CET Senior Secondary,2023,Easy
894,Computer,Basic Computer,2,05 Feb 2023 - Shift 1,150 PYQ Questions,"1 किलोबाइट (KB) में कितने बाइट्स होते हैं?",1024 बाइट्स,1000 बाइट्स,512 बाइट्स,2048 बाइट्स,A,"1 KB = 1024 बाइट्स होते हैं।",Rajasthan CET Senior Secondary,2023,Easy
895,Rajasthan GK,Rajasthan Art & Culture,2,05 Feb 2023 - Shift 1,150 PYQ Questions,"'मांड गायकी' की प्रसिद्ध गायिका जिन्हें 'राजस्थान की मरु कोकिला' कहा जाता है?",अल्लाह जिलाई बाई,गवरी देवी,बन्नो बेगम,मांगी बाई,A,"बीकानेर की प्रसिद्ध मांड गायिका अल्लाह जिलाई बाई को 'मरु कोकिला' कहा जाता है। इन्होंने 'केसरिया बालम' प्रसिद्ध किया।",Rajasthan CET Senior Secondary,2023,Easy
896,Rajasthan GK,Rajasthan Geography,2,05 Feb 2023 - Shift 1,150 PYQ Questions,"राजस्थान में केवलादेव राष्ट्रीय उद्यान कहाँ स्थित है?",भरतपुर,सवाई माधोपुर,कोटा,अलवर,A,"केवलादेव घना पक्षी अभ्यारण्य/राष्ट्रीय उद्यान भरतपुर जिले में स्थित है जो साइबेरियन क्रेन हेतु प्रसिद्ध है।",Rajasthan CET Senior Secondary,2023,Easy
897,Science,Chemistry,2,05 Feb 2023 - Shift 1,150 PYQ Questions,"अम्लीय विलयन का pH मान कितना होता है?",7 से कम,7 से अधिक,ठीक 7,14,A,"उदासीन विलयन का pH = 7, अम्लीय का pH < 7 तथा क्षारीय का pH > 7 होता है।",Rajasthan CET Senior Secondary,2023,Easy
898,Reasoning,Coding-Decoding,2,05 Feb 2023 - Shift 1,150 PYQ Questions,"यदि RAM का कोड 32 है (R=18, A=1, M=13), तो SUN का कोड क्या होगा?",54,48,50,52,A,"S(19) + U(21) + N(14) = 54।",Rajasthan CET Senior Secondary,2023,Easy
899,Rajasthan GK,Rajasthan History,2,05 Feb 2023 - Shift 1,150 PYQ Questions,"1857 की क्रांति के समय उदयपुर (मेवाड़) के शासक कौन थे?",महाराणा स्वरूप सिंह,महाराणा शंभू सिंह,महाराणा सज्जन सिंह,महाराणा फतेह सिंह,A,"1857 की क्रांति के समय मेवाड़ के महाराणा स्वरूप सिंह थे जिन्होंने अंग्रेजों की सहायता की थी।",Rajasthan CET Senior Secondary,2023,Medium
900,Rajasthan GK,Rajasthan Economy,2,05 Feb 2023 - Shift 1,150 PYQ Questions,"राजस्थान में 'मुख्यमंत्री युवा संबल योजना' किससे संबंधित है?",बेरोजगारी भत्ता,सिलाई मशीन वितरण,स्कॉलरशिप,कौशल विकास,A,"मुख्यमंत्री युवा संबल योजना के तहत बेरोजगार स्नातकों को प्रतिमाह बेरोजगारी भत्ता (पुरुष ₹4000, महिला/दिव्यांग ₹4500) दिया जाता है।",Rajasthan CET Senior Secondary,2023,Easy
901,Science,Physics,2,05 Feb 2023 - Shift 1,150 PYQ Questions,"प्रतिरोध (Resistance) का मात्रक क्या है?",ओम (Ohm),एम्पीयर,वोल्ट,वाट,A,"प्रतिरोध का मात्रक ओम (Ohm - Ω) होता है। ओम का नियम: V = IR।",Rajasthan CET Senior Secondary,2023,Easy
902,Mathematics,Profit & Loss,2,05 Feb 2023 - Shift 1,150 PYQ Questions,"₹500 की वस्तु ₹600 में बेची गई। लाभ प्रतिशत ज्ञात कीजिए।",20%,10%,15%,25%,A,"लाभ = 100। लाभ % = (100 / 500) × 100 = 20%।",Rajasthan CET Senior Secondary,2023,Easy
903,Hindi,Grammar,2,05 Feb 2023 - Shift 1,150 PYQ Questions,"'लंबोदर' शब्द में कौन सा समास है?",बहुव्रीहि समास,द्विगु समास,कर्मधारय समास,तत्पुरुष समास,A,"लंबोदर (लंबे पेट वाले अर्थात् गणेशजी) में अन्य पद प्रधान होने के कारण बहुव्रीहि समास है।",Rajasthan CET Senior Secondary,2023,Easy
904,English,Grammar,2,05 Feb 2023 - Shift 1,150 PYQ Questions,"Fill in the blank with correct preposition: 'The cat jumped _____ the table.'",upon,on,in,into,A,"'Upon' or 'onto' indicates motion resulting in a position on a surface.",Rajasthan CET Senior Secondary,2023,Easy
905,Computer,Software,2,05 Feb 2023 - Shift 1,150 PYQ Questions,"MS-Word में बनी फाइल का डिफ़ॉल्ट फाइल एक्सटेंशन क्या होता है?",.docx,.xlsx,.pptx,.pdf,A,"MS-Word 2007 तथा उत्तरवर्ती संस्करणों में फ़ाइल एक्सटेंशन .docx होता है।",Rajasthan CET Senior Secondary,2023,Easy
906,Rajasthan GK,Rajasthan Art & Culture,2,05 Feb 2023 - Shift 1,150 PYQ Questions,"'सोनारगढ़ दुर्ग' राजस्थान के किस जिले में स्थित है?",जैसलमेर,जोधपुर,बाड़मेर,बीकानेर,A,"पीले पत्थरों से निर्मित जैसलमेर दुर्ग को 'सोनारगढ़' या 'स्वर्णगिरि' कहा जाता है।",Rajasthan CET Senior Secondary,2023,Easy
907,Rajasthan GK,Rajasthan Geography,2,05 Feb 2023 - Shift 1,150 PYQ Questions,"राजस्थान में 'माही बजाज सागर बांध' कहाँ स्थित है?",बांसवाड़ा (बोरखेड़ा),डूंगरपुर,उदयपुर,प्रतापगढ़,A,"माही बजाज सागर बांध माही नदी पर बांसवाड़ा जिले के बोरखेड़ा गांव में स्थित है।",Rajasthan CET Senior Secondary,2023,Easy
908,Science,Biology,2,05 Feb 2023 - Shift 1,150 PYQ Questions,"रेबीज रोग किसके काटने से होता है?",समान्यतः संक्रमित कुत्ते/जानवर के काटने से,मच्छर के काटने से,मक्खी से,दूषित पानी से,A,"रेबीज (Rhabdovirus) न्यूरोट्रॉपिक वायरस है जो संक्रमित कुत्ते/बिल्ली के काटने से फैलता है।",Rajasthan CET Senior Secondary,2023,Easy
909,Mathematics,Algebra,2,05 Feb 2023 - Shift 1,150 PYQ Questions,"यदि (a + b) = 5 और ab = 6 है, तो (a² + b²) का मान क्या होगा?",13,19,25,12,A,"a² + b² = (a + b)² - 2ab = 5² - 2(6) = 25 - 12 = 13।",Rajasthan CET Senior Secondary,2023,Medium
910,Hindi,Vocabulary,2,05 Feb 2023 - Shift 1,150 PYQ Questions,"'उत्थान' का सही विलोम शब्द क्या है?",पतन,अवनति,गिरावट,विनाश,A,"'उत्थान' का सही विलोम शब्द 'पतन' होता है।",Rajasthan CET Senior Secondary,2023,Easy
911,English,Vocabulary,2,05 Feb 2023 - Shift 1,150 PYQ Questions,"Select the synonym of 'IMPORTANT'.",Significant,Trivial,Minor,Useless,A,"'Important' means having great significance or value.",Rajasthan CET Senior Secondary,2023,Easy
912,Computer,Hardware,2,05 Feb 2023 - Shift 1,150 PYQ Questions,"ROM का पूर्ण रूप क्या है?",Read Only Memory,Random Only Memory,Real Operating Memory,Run Only Memory,A,"ROM का फुल फॉर्म Read Only Memory है जो एक नॉन-वोलेटाइल (स्थाई) मेमोरी है।",Rajasthan CET Senior Secondary,2023,Easy
913,Rajasthan GK,Rajasthan History,2,05 Feb 2023 - Shift 1,150 PYQ Questions,"'अकबर का किला' (मैगजीन दुर्ग) राजस्थान में कहाँ स्थित है?",अजमेर,जयपुर,कोटा,चित्तौड़गढ़,A,"सलीमगढ़/मैगजीन दुर्ग अजमेर में स्थित है जिसे अकबर ने 1570 ई. में बनवाया था।",Rajasthan CET Senior Secondary,2023,Easy
914,Rajasthan GK,Rajasthan Geography,2,05 Feb 2023 - Shift 1,150 PYQ Questions,"राजस्थान का सर्वाधिक वर्षा वाला स्थान कौन सा है?",माउंट आबू (सिरोही),झालावाड़,उदयपुर,बांसवाड़ा,A,"राजस्थान में सर्वाधिक वर्षा वाला स्थान माउंट आबू है (स्थान) तथा सर्वाधिक वर्षा वाला जिला झालावाड़ है।",Rajasthan CET Senior Secondary,2023,Easy
915,Science,Chemistry,2,05 Feb 2023 - Shift 1,150 PYQ Questions,"वाहनों में उत्प्रेरक परिवर्तक (Catalytic Converter) का मुख्य कार्य क्या है?",विषैली गैसों को कम हानिकारक गैसों में बदलना,माइलेज बढ़ाना,ध्वनि कम करना,इंजन ठंडा करना,A,"कैैटेलिटिक कनवर्टर CO तथा अनजले हाइड्रोकार्बन को CO₂ तथा N₂ में बदलता है।",Rajasthan CET Senior Secondary,2023,Medium
916,Reasoning,Analogy,2,05 Feb 2023 - Shift 1,150 PYQ Questions,"'कलम' : 'लिखना' :: 'चाकू' : ?",काटना,सीजना,छीलना,पकाना,A,"कलम का उपयोग लिखने हेतु होता है, उसी प्रकार चाकू का उपयोग काटने (Cutting) हेतु होता है।",Rajasthan CET Senior Secondary,2023,Easy
917,Rajasthan GK,Rajasthan History,2,05 Feb 2023 - Shift 1,150 PYQ Questions,"'कुंभलगढ़ दुर्ग' के वास्तुकार कौन थे?",मंडन,लालचंद,जैता,अत्रि,A,"मेवाड़ के महाराणा कुंभा द्वारा निर्मित कुंभलगढ़ दुर्ग के मुख्य शिल्पी/वास्तुकार मंडन थे।",Rajasthan CET Senior Secondary,2023,Easy
918,Rajasthan GK,Rajasthan Economy,2,05 Feb 2023 - Shift 1,150 PYQ Questions,"राजस्थान में 'जन सूचना पोर्टल' की शुरुआत किस वर्ष की गई थी?",2019,2018,2020,2021,A,"13 सितंबर 2019 को पारदर्शी सुशासन हेतु जन सूचना पोर्टल (Jan Soochna Portal) लॉन्च किया गया था।",Rajasthan CET Senior Secondary,2023,Medium
919,Science,Physics,2,05 Feb 2023 - Shift 1,150 PYQ Questions,"सौर ऊर्जा को विद्युत ऊर्जा में बदलने वाली युक्ति कौन सी है?",सौर सेल (Solar Cell),डायनेमो,ट्रांसफॉर्मर,बैटरी,A,"सोलर सेल (फोटोवोल्टाइक सेल) सूर्य के प्रकाश/सौर ऊर्जा को सीधे विद्युत ऊर्जा में परिवर्तित करता है।",Rajasthan CET Senior Secondary,2023,Easy
920,Mathematics,Ratio & Proportion,2,05 Feb 2023 - Shift 1,150 PYQ Questions,"यदि x : 4 = 15 : 20 है, तो x का मान क्या होगा?",3,5,4,6,A,"x/4 = 15/20 => x = (15 × 4) / 20 = 60 / 20 = 3।",Rajasthan CET Senior Secondary,2023,Easy
921,Hindi,Grammar,2,05 Feb 2023 - Shift 1,150 PYQ Questions,"'सज्जन' शब्द का सही संधि विच्छेद क्या है?",सत + जन,सत् + जन,सज + जन,सद् + जन,A,"सत् + जन = सज्जन (व्यंजन संधि का नियम: त् के बाद ज आये तो त् का ज् हो जाता है)।",Rajasthan CET Senior Secondary,2023,Easy
922,English,Grammar,2,05 Feb 2023 - Shift 1,150 PYQ Questions,"Convert to reported speech: She said, 'I have completed my work.'",She said that she had completed her work.,She said that I have completed my work.,She said she has completed work.,She told that she completed her work.,A,"Present perfect 'have completed' changes to past perfect 'had completed' in indirect speech.",Rajasthan CET Senior Secondary,2023,Easy
923,Computer,Basic Computer,2,05 Feb 2023 - Shift 1,150 PYQ Questions,"कंप्यूटर में डेटा प्रोसेसिंग का कार्य कौन सा घटक करता है?",ALU एवं Control Unit (CPU),RAM,Hard Disk,Monitor,A,"CPU का ALU (Arithmetic Logic Unit) तथा CU (Control Unit) मिलकर डेटा प्रोसेस करते हैं।",Rajasthan CET Senior Secondary,2023,Easy
924,Rajasthan GK,Rajasthan Geography,2,05 Feb 2023 - Shift 1,150 PYQ Questions,"राजस्थान का राज्य पुष्प 'रोहिड़ा' का वैज्ञानिक नाम क्या है?",प्रोसोपिस सिनेरेरिया,टेकोमेला एंडुलेटा,ओरीज़ा सेटाइवा,रोज़ा इंडिका,B,"रोहिड़ा (Tecomella undulata) को 1983 में राजस्थान का राज्य पुष्प घोषित किया गया था।",Rajasthan CET Senior Secondary,2023,Easy
925,Rajasthan GK,Rajasthan History,2,05 Feb 2023 - Shift 1,150 PYQ Questions,"'बिजोलिया शिलालेख' (1170 ई.) किस चौहान शासक के समय का है?",सोमेश्वर चौहान,पृथ्वीराज तृतीय,अर्णोराज,विग्रहराज चतुर्थ,A,"1170 ई. का बिजोलिया शिलालेख चौहान वंश के राजा सोमेश्वर के काल का है जो सांभर चौहानों की वंशावली देता है।",Rajasthan CET Senior Secondary,2023,Medium
926,Science,Biology,2,05 Feb 2023 - Shift 1,150 PYQ Questions,"रक्तचाप (Blood Pressure) नापने वाले यंत्र को क्या कहते हैं?",स्फिग्मोमैनोमीटर (Sphygmomanometer),बैरोमीटर,थर्मामीटर,अमीटर,A,"मानव रक्तचाप स्फिग्मोमैनोमीटर द्वारा मापा जाता है। सामान्य BP 120/80 mmHg होता है।",Rajasthan CET Senior Secondary,2023,Easy
927,Mathematics,Geometry,2,05 Feb 2023 - Shift 1,150 PYQ Questions,"एक गोले का व्यास 14 सेमी है। उसकी त्रिज्या कितनी होगी?",7 सेमी,28 सेमी,14 सेमी,21 सेमी,A,"त्रिज्या = व्यास / 2 = 14 / 2 = 7 सेमी।",Rajasthan CET Senior Secondary,2023,Easy
928,Hindi,Vocabulary,2,05 Feb 2023 - Shift 1,150 PYQ Questions,"'कृपण' शब्द का सही विलोम शब्द क्या होगा?",दानी,उदार,दानी/उदार,कंजूस,C,"'कृपण' का अर्थ कंजूस होता है; इसका विलोम 'दानी' या 'उदार' होता है।",Rajasthan CET Senior Secondary,2023,Easy
929,English,Vocabulary,2,05 Feb 2023 - Shift 1,150 PYQ Questions,"Choose the correct meaning of the idiom: 'Piece of cake'.",Very easy task,A sweet dish,Difficult problem,Part of a birthday celebration,A,"'Piece of cake' refers to something that is very easy to perform or achieve.",Rajasthan CET Senior Secondary,2023,Easy
930,Computer,Software,2,05 Feb 2023 - Shift 1,150 PYQ Questions,"कंप्यूटर में ऑपरेटिंग सिस्टम किस श्रेणी का सॉफ्टवेयर है?",सिस्टम सॉफ्टवेयर (System Software),एप्लिकेशन सॉफ्टवेयर,यूटिलिटी प्रोग्राम,हार्डवेयर,A,"ऑपरेटिंग सिस्टम (Windows, Linux) कंप्यूटर का प्राथमिक सिस्टम सॉफ्टवेयर है।",Rajasthan CET Senior Secondary,2023,Easy
931,Rajasthan GK,Rajasthan Art & Culture,2,05 Feb 2023 - Shift 1,150 PYQ Questions,"'बणजारा/बंजारा' जाति द्वारा राजस्थान में कौन सा नृत्य किया जाता है?",मछली नृत्य,चरी नृत्य,गवरी नृत्य,गैर नृत्य,A,"बाड़मेर में कुंवारी कन्याओं द्वारा पूर्णिमा की रात को 'मछली नृत्य' किया जाता है।",Rajasthan CET Senior Secondary,2023,Medium
932,Rajasthan GK,Rajasthan Polity,2,05 Feb 2023 - Shift 1,150 PYQ Questions,"राजस्थान में ग्राम पंचायत का प्रशासनिक प्रमुख कौन होता है?",ग्राम विकास अधिकारी (VDO),सरपंच,पटवारी,प्रधान,A,"ग्राम पंचायत का निर्वाचित प्रमुख सरपंच तथा प्रशासनिक प्रमुख ग्राम विकास अधिकारी (VDO) होता है।",Rajasthan CET Senior Secondary,2023,Easy
933,Science,Chemistry,2,05 Feb 2023 - Shift 1,150 PYQ Questions,"अम्ल वर्षा (Acid Rain) के लिए कौन सी गैसें मुख्य रूप से उत्तरदायी हैं?",SO₂ और NO₂ (सल्फर डाइऑक्साइड व नाइट्रोजन डाइऑक्साइड),CO₂ और O₂,CFC,मीथेन,A,"वायुमंडल में SO₂ तथा NO₂ जलवाष्प से क्रिया कर H₂SO₄ तथा HNO₃ बनाती हैं जिससे अम्ल वर्षा होती है।",Rajasthan CET Senior Secondary,2023,Easy
934,Reasoning,Number Series,2,05 Feb 2023 - Shift 1,150 PYQ Questions,"लुप्त पद ज्ञात कीजिए: 100, 90, 80, 70, ?",60,50,65,55,A,"समान अंतर (-10) की श्रेणी है। 70 - 10 = 60।",Rajasthan CET Senior Secondary,2023,Easy
935,Rajasthan GK,Rajasthan Geography,2,05 Feb 2023 - Shift 1,150 PYQ Questions,"राजस्थान में न्यूनतम वर्षा वाला जिला कौन सा है?",जैसलमेर,बाड़मेर,बीकानेर,जोधपुर,A,"जैसलमेर राजस्थान का सबसे शुष्क/न्यूनतम वर्षा (लगभग 10-15 सेमी) वाला जिला है।",Rajasthan CET Senior Secondary,2023,Easy
936,Rajasthan GK,Rajasthan History,2,05 Feb 2023 - Shift 1,150 PYQ Questions,"'आमेर के कछवाहा वंश' की कुलदेवी कौन सी माता हैं?",शीला देवी / जमवाय माता,कैला देवी,करणी माता,जीण माता,A,"कछवाहा राजवंश की कुलदेवी जमवाय माता हैं तथा ईस्ट देवी शीला देवी हैं।",Rajasthan CET Senior Secondary,2023,Medium
937,Science,Physics,2,05 Feb 2023 - Shift 1,150 PYQ Questions,"समतल दर्पण (Plane Mirror) द्वारा बना प्रतिबिंब कैसा होता है?",आभासी तथा सीधा (Virtual & Erect),वास्तविक तथा उल्टा,वास्तविक तथा सीधा,आभासी तथा उल्टा,A,"समतल दर्पण सदैव आभासी, सीधा तथा वस्तु के आकार के बराबर प्रतिबिंब बनाता है।",Rajasthan CET Senior Secondary,2023,Easy
938,Mathematics,Algebra,2,05 Feb 2023 - Shift 1,150 PYQ Questions,"यदि (2x + 3 = 11) है, तो x का मान क्या होगा?",4,3,5,2,A,"2x = 11 - 3 = 8 => x = 8 / 2 = 4।",Rajasthan CET Senior Secondary,2023,Easy
939,Hindi,Grammar,2,05 Feb 2023 - Shift 1,150 PYQ Questions,"'सप्ताह' शब्द से बना विशेषण शब्द क्या होगा?",साप्ताहिक,सप्ताहिक,सप्ताही,सप्ताहवादी,A,"सप्ताह + इक = साप्ताहिक (प्रथम स्वर में वृद्धि 'अ' -> 'आ')।",Rajasthan CET Senior Secondary,2023,Easy
940,English,Grammar,2,05 Feb 2023 - Shift 1,150 PYQ Questions,"Choose the correct sentence.",She has been living here since 2010.,She is living here since 2010.,She lives here since 2010.,She was living here since 2010.,A,"Time expression 'since + year' requires Present Perfect Continuous tense.",Rajasthan CET Senior Secondary,2023,Easy
941,Computer,Hardware,2,05 Feb 2023 - Shift 1,150 PYQ Questions,"प्रिंटर की प्रिंट गुणवत्ता (Print Quality) किसमें मापी जाती है?",DPI (Dots Per Inch),PPM,LPM,CPS,A,"प्रिंटर की रेजोल्यूशन गुणवत्ता DPI (Dots Per Inch) में मापी जाती है।",Rajasthan CET Senior Secondary,2023,Easy
942,Rajasthan GK,Rajasthan Geography,2,05 Feb 2023 - Shift 1,150 PYQ Questions,"राजस्थान में 'जावर की खानें' किस खनिज के निष्कर्षण हेतु प्रसिद्ध हैं?",सीसा-जस्ता (Lead-Zinc) व चाँदी,तांबा,लोहा,जिप्सम,A,"उदयपुर की जावर खानें राणा लाखा के काल से सीसा-जस्ता तथा चाँदी उत्खनन हेतु प्रसिद्ध हैं।",Rajasthan CET Senior Secondary,2023,Easy
943,Rajasthan GK,Rajasthan History,2,05 Feb 2023 - Shift 1,150 PYQ Questions,"'राजस्थान का गांधी' किसे कहा जाता है?",गोकुलभाई भट्ट,भोगोलाल पांड्या,जयनारायण व्यास,माणिक्यलाल वर्मा,A,"सिरोही प्रजामंडल के संस्थापक गोकुलभाई भट्ट को 'राजस्थान का गांधी' कहा जाता है।",Rajasthan CET Senior Secondary,2023,Easy
944,Science,Biology,2,05 Feb 2023 - Shift 1,150 PYQ Questions,"मलेरिया रोग किस परजीवी (Parasite) द्वारा फैलता है?",प्लाज्मोडियम (Plasmodium),अमीबा,जीवाणु,विषाणु,A,"मलेरिया रोग मादा एनाफलीज मच्छर के काटने पर प्लाज्मोडियम प्रोटोजोआ से फैलता है।",Rajasthan CET Senior Secondary,2023,Easy
945,Mathematics,Simple Interest,2,05 Feb 2023 - Shift 1,150 PYQ Questions,"₹1200 का 6% वार्षिक दर से 2 वर्ष का साधारण ब्याज क्या होगा?",₹144,₹120,₹150,₹160,A,"साधारण ब्याज = (1200 × 6 × 2)/100 = ₹144।",Rajasthan CET Senior Secondary,2023,Easy
946,Hindi,Vocabulary,2,05 Feb 2023 - Shift 1,150 PYQ Questions,"'ऊँट के मुँह में जीरा' लोकोक्ति का सही अर्थ क्या है?",आवश्यकता से बहुत कम वस्तु मिलना,ऊँट को जीरा खिलाना,स्वाद बदलना,अनावश्यक वस्तु देना,A,"'ऊँट के मुँह में जीरा' का अर्थ विशाल आवश्यकता की तुलना में नगण्य वस्तु का मिलना है।",Rajasthan CET Senior Secondary,2023,Easy
947,English,Vocabulary,2,05 Feb 2023 - Shift 1,150 PYQ Questions,"Select the synonym of 'HAPPY'.",Cheerful,Miserable,Depressed,Sad,A,"'Happy' and 'Cheerful' are synonyms conveying joy.",Rajasthan CET Senior Secondary,2023,Easy
948,Computer,Basic Computer,2,05 Feb 2023 - Shift 1,150 PYQ Questions,"इंटरनेट पर वेबसाइटों के पते को क्या कहते हैं?",IP Address / URL,Mac Address,Email ID,File Name,A,"इंटरनेट पर प्रत्येक रिसोर्स या वेबसाइट का विशिष्ट पता URL या IP Address कहलाता है।",Rajasthan CET Senior Secondary,2023,Easy
949,Rajasthan GK,Rajasthan Art & Culture,2,05 Feb 2023 - Shift 1,150 PYQ Questions,"'दादू पंथ' की मुख्य पीठ राजस्थान में कहाँ स्थित है?",नरेना / नराणा (जयपुर),सांभर,कतरियासर,शाहपुरा,A,"संत दादू दयाल द्वारा स्थापित दादू पंथ की प्रधान पीठ नरेना/नराणा (जयपुर) में स्थित है।",Rajasthan CET Senior Secondary,2023,Easy
950,Science,Chemistry,2,05 Feb 2023 - Shift 1,150 PYQ Questions,"सिरका (Vinegar) में कौन सा अम्ल उपस्थित होता है?",एसिटिक अम्ल (Acetic Acid),साइट्रिक अम्ल,फॉर्मिक अम्ल,लैक्टिक अम्ल,A,"सिरका (Vinegar) तनु एसिटिक अम्ल (CH₃COOH) का 5-8% जलीय घोल होता है।",Rajasthan CET Senior Secondary,2023,Easy
951,Rajasthan GK,Rajasthan Geography,2,05 Feb 2023 - Shift 1,150 PYQ Questions,"राजस्थान में 'छप्पन की पहाड़ियाँ' किस जिले में स्थित हैं?",बाड़मेर (बालोतरा),जालोर,सिरोही,डूंगरपुर,A,"बाड़मेर-बालोतरा में सिवाना क्षेत्र में स्थित गोलाकार पहाड़ियों को 'छप्पन की पहाड़ियाँ' कहते हैं।",Rajasthan CET Senior Secondary,2023,Medium
952,Rajasthan GK,Rajasthan History,2,05 Feb 2023 - Shift 1,150 PYQ Questions,"'बीकानेर राज्य प्रजामंडल' की स्थापना 1936 में कहाँ की गई थी?",कलकत्ता (कोलकाता),बीकानेर,मुंबई,जयपुर,A,"1936 ई. में मघाराम वैद्य ने बीकानेर प्रजामंडल की स्थापना कलकत्ता (कोलकाता) में की थी।",Rajasthan CET Senior Secondary,2023,Medium
953,Science,Physics,2,05 Feb 2023 - Shift 1,150 PYQ Questions,"ध्वनि तरंगें किस प्रकार की तरंगें होती हैं?",अनुदैर्ध्य यांत्रिक तरंगें (Longitudinal Waves),अनुप्रस्थ तरंगें,विद्युत चुंबकीय तरंगें,गैर-यांत्रिक तरंगें,A,"ध्वनि तरंगें अनुदैर्ध्य यांत्रिक तरंगें (Longitudinal Mechanical Waves) होती हैं जिनके संचरण हेतु माध्यम की आवश्यकता होती है।",Rajasthan CET Senior Secondary,2023,Easy
954,Mathematics,Percentage,2,05 Feb 2023 - Shift 1,150 PYQ Questions,"400 का कितना प्रतिशत 80 होगा?",20%,15%,25%,10%,A,"प्रतिशत = (80 / 400) × 100 = 20%।",Rajasthan CET Senior Secondary,2023,Easy
955,Hindi,Grammar,2,05 Feb 2023 - Shift 1,150 PYQ Questions,"'अंधकार' का विलोम शब्द क्या है?",प्रकाश,उजाला,आलोक,सभी,A,"अंधकार का विलोम प्रकाश/उजाला/आलोक सभी उपयुक्त हैं।",Rajasthan CET Senior Secondary,2023,Easy
956,English,Grammar,2,05 Feb 2023 - Shift 1,150 PYQ Questions,"Fill in the blank: 'He has been waiting for you _____ two hours.'",for,since,from,in,A,"Duration of time ('two hours') is preceded by the preposition 'for'.",Rajasthan CET Senior Secondary,2023,Easy
957,Computer,Internet,2,05 Feb 2023 - Shift 1,150 PYQ Questions,"HTTP का पूर्ण रूप क्या है?",Hypertext Transfer Protocol,Hypertext Transmission Protocol,High Transfer Protocol,Hypertext Total Protocol,A,"HTTP का फुल फॉर्म Hypertext Transfer Protocol होता है।",Rajasthan CET Senior Secondary,2023,Easy
958,Rajasthan GK,Rajasthan Geography,2,05 Feb 2023 - Shift 1,150 PYQ Questions,"राजस्थान में 'इंदिरा गांधी नहर' की मुख्य नहर की लंबाई कितनी है?",445 किमी,204 किमी,649 किमी,500 किमी,A,"राजस्थान फीडर की लंबाई 204 किमी तथा मुख्य नहर की लंबाई 445 किमी (कुल 649 किमी) है।",Rajasthan CET Senior Secondary,2023,Medium
959,Rajasthan GK,Rajasthan History,2,05 Feb 2023 - Shift 1,150 PYQ Questions,"'चेतावणी रा चूंगट्या' प्रसिद्ध डिंगल सोरठे किसने लिखे थे?",केसरी सिंह बारहठ,गोपाल सिंह खरवा,जोरावर सिंह,विजय सिंह पथिक,A,"1903 में मेवाड़ महाराणा फतेह सिंह को दिल्ली दरबार जाने से रोकने हेतु केसरी सिंह बारहठ ने 13 सोरठे लिखे थे।",Rajasthan CET Senior Secondary,2023,Easy
960,Science,Biology,2,05 Feb 2023 - Shift 1,150 PYQ Questions,"तंबाकू में कौन सा हानिकारक एल्कलॉइड पाया जाता है?",निकोटिन (Nicotine),कैफीन,मॉर्फिन,क्विनैन,A,"तंबाकू की पत्तियों में निकोटिन (Nicotine) नामक विषैला एल्कलॉइड पाया जाता है।",Rajasthan CET Senior Secondary,2023,Easy
961,Mathematics,Average,2,05 Feb 2023 - Shift 1,150 PYQ Questions,"यदि 3 संख्याओं का औसत 15 है, तो उनका योग क्या होगा?",45,30,60,15,A,"योग = औसत × कुल संख्या = 15 × 3 = 45।",Rajasthan CET Senior Secondary,2023,Easy
962,Hindi,Vocabulary,2,05 Feb 2023 - Shift 1,150 PYQ Questions,"'आँखों का तारा होना' का अर्थ क्या है?",अत्यधिक प्यारा होना,आँख में तारा दिखना,अंधा होना,सुंदर होना,A,"'आँखों का तारा होना' का मुहावरेदार अर्थ अत्यधिक प्रिय या प्यारा होना है।",Rajasthan CET Senior Secondary,2023,Easy
963,English,Vocabulary,2,05 Feb 2023 - Shift 1,150 PYQ Questions,"Find the synonym of 'ANCIENT'.",Old,New,Fresh,Modern,A,"'Ancient' means belonging to times long past (Old).",Rajasthan CET Senior Secondary,2023,Easy
964,Computer,Software,2,05 Feb 2023 - Shift 1,150 PYQ Questions,"स्प्रेडशीट सॉफ्टवेयर का उदाहरण कौन सा है?",MS-Excel,MS-Word,MS-PowerPoint,Paint,A,"MS-Excel तथा Google Sheets स्प्रेडशीट एप्लिकेशन सॉफ्टवेयर के उदाहरण हैं।",Rajasthan CET Senior Secondary,2023,Easy
965,Rajasthan GK,Rajasthan Art & Culture,2,05 Feb 2023 - Shift 1,150 PYQ Questions,"'अग्नि नृत्य' के दौरान नर्तकों द्वारा कौनसा धार्मिक उद्घोष किया जाता है?",फ़तेह-फ़तेह,जय माता दी,जय बाबो री,हर हर महादेव,A,"जसनाथी संप्रदाय के सिद्ध पुरुष धधकते अंगारों पर नृत्य करते समय 'फ़तेह-फ़तेह' का उद्घोष करते हैं।",Rajasthan CET Senior Secondary,2023,Medium
966,Rajasthan GK,Rajasthan Polity,2,05 Feb 2023 - Shift 1,150 PYQ Questions,"राजस्थान लोक सेवा आयोग (RPSC) का मुख्यालय कहाँ स्थित है?",अजमेर (घूघरा घाटी),जयपुर,जोधपुर,बीकानेर,A,"सत्यनारायण राव समिति की सिफारिश पर 1956 में RPSC का मुख्यालय जयपुर से अजमेर स्थानांतरित किया गया था।",Rajasthan CET Senior Secondary,2023,Easy
967,Science,Chemistry,2,05 Feb 2023 - Shift 1,150 PYQ Questions,"शुष्क बर्फ (Dry Ice) किसे कहते हैं?",ठोस कार्बन डाइऑक्साइड (Solid CO₂),ठोस बर्फ,ठोस जल,ठोस नाइट्रोजन,A,"ठोस कार्बन डाइऑक्साइड (Solid CO₂) को शुष्क बर्फ (Dry Ice) कहा जाता है।",Rajasthan CET Senior Secondary,2023,Easy
968,Reasoning,Coding-Decoding,2,05 Feb 2023 - Shift 1,150 PYQ Questions,"यदि BOOK = 43 है, तो PEN = ?",35,32,30,38,A,"P(16) + E(5) + N(14) = 35।",Rajasthan CET Senior Secondary,2023,Easy
969,Rajasthan GK,Rajasthan Geography,2,05 Feb 2023 - Shift 1,150 PYQ Questions,"राजस्थान में 'पचपदरा झील' किस जिले में स्थित है?",बालोतरा (बाड़मेर),नागौर,जैसलमेर,जोधपुर,A,"बालोतरा (बाड़मेर) स्थित पचपदरा झील का नमक खाने की दृष्टि से सर्वोत्तम (98% NaCl) होता है।",Rajasthan CET Senior Secondary,2023,Easy
970,Rajasthan GK,Rajasthan History,2,05 Feb 2023 - Shift 1,150 PYQ Questions,"'हल्दीघाटी का युद्ध' का आँखों देखा वर्णन किस इतिहासकार ने किया था?",अब्दुल कादिर बदायूँनी,अबुल फ़ज़ल,खफ़ी खां,जियाउद्दीन बरनी,A,"मुग़ल इतिहासकार अब्दुल कादिर बदायूँनी ने अपनी पुस्तक 'मुंतख़ब-उत-तवारीख़' में हल्दीघाटी का सजीव वर्णन किया।",Rajasthan CET Senior Secondary,2023,Medium
971,Science,Physics,2,05 Feb 2023 - Shift 1,150 PYQ Questions,"एक अ Runs/Horsepower में कितने वाट होते हैं? (1 HP = ? W)",746 वाट,700 वाट,1000 वाट,500 वाट,A,"1 अश्व शक्ति (1 Horse Power - HP) में 746 वाट (Watts) होते हैं।",Rajasthan CET Senior Secondary,2023,Easy
972,Mathematics,Geometry,2,05 Feb 2023 - Shift 1,150 PYQ Questions,"एक वृत्त का क्षेत्रफल 154 वर्ग सेमी है। उसकी त्रिज्या क्या होगी?",7 सेमी,14 सेमी,21 सेमी,3.5 सेमी,A,"πr² = 154 => (22/7) r² = 154 => r² = 49 => r = 7 सेमी।",Rajasthan CET Senior Secondary,2023,Easy
973,Hindi,Grammar,2,05 Feb 2023 - Shift 1,150 PYQ Questions,"'दुर्लभ' शब्द का सही अर्थ क्या है?",जो कठिनाई से मिले,जो आसानी से मिले,जो कभी न मिले,जो बहुत महँगा हो,A,"दुर (कठिन) + लभ (प्राप्त होना) = दुर्लभ अर्थात् जो बड़ी कठिनाई से प्राप्त हो।",Rajasthan CET Senior Secondary,2023,Easy
974,English,Grammar,2,05 Feb 2023 - Shift 1,150 PYQ Questions,"Choose the correctly spelt word.",Tomorrow,Tommorrow,Tomorow,Tomoroww,A,"The correct spelling is 'Tomorrow' (one m, two r's).",Rajasthan CET Senior Secondary,2023,Easy
975,Computer,Hardware,2,05 Feb 2023 - Shift 1,150 PYQ Questions,"कंप्यूटर में स्थायी रूप से डेटा संचित करने वाली सेकेंडरी स्टोरेज डिवाइस कौन सी है?",Hard Disk,RAM,Cache,Register,A,"हार्ड डिस्क एक स्थाई नॉन-वोलेटाइल सेकेंडरी स्टोरेज डिवाइस है।",Rajasthan CET Senior Secondary,2023,Easy
976,Rajasthan GK,Rajasthan Geography,2,05 Feb 2023 - Shift 1,150 PYQ Questions,"राजस्थान में 'सोम-कमला-अम्बा सिंचाई परियोजना' किस जिले में स्थित है?",डूंगरपुर,उदयपुर,बांसवाड़ा,प्रतापगढ़,A,"सोम-कमला-अम्बा सिंचाई परियोजना डूंगरपुर जिले में सोम नदी पर स्थित है।",Rajasthan CET Senior Secondary,2023,Easy
977,Rajasthan GK,Rajasthan History,2,05 Feb 2023 - Shift 1,150 PYQ Questions,"'बागौर की सभ्यता' किस नदी के किनारे विकसित हुई थी?",कोठारी नदी (भीलवाड़ा),कांतली नदी,बेड़च नदी,घग्घर नदी,A,"भीलवाड़ा जिले में कोठारी नदी के तट पर महासतियों के टीले पर बागौर मध्यपाषाणकालीन स्थल स्थित है।",Rajasthan CET Senior Secondary,2023,Medium
978,Science,Biology,2,05 Feb 2023 - Shift 1,150 PYQ Questions,"मनुष्य में क्रोमोसोम (गुणसूत्रों) की कुल संख्या कितनी होती है?",46 (23 जोड़े),44,48,22,A,"मानव शरीर की कोशिकाओं में 46 (23 जोड़े) गुणसूत्र पाए जाते हैं।",Rajasthan CET Senior Secondary,2023,Easy
979,Mathematics,Algebra,2,05 Feb 2023 - Shift 1,150 PYQ Questions,"द्विघात समीकरण x² - 5x + 6 = 0 के मूल क्या होंगे?",2 और 3,1 और 6,2 और 4,3 और 5,A,"(x - 2)(x - 3) = 0 => x = 2, 3।",Rajasthan CET Senior Secondary,2023,Easy
980,Hindi,Vocabulary,2,05 Feb 2023 - Shift 1,150 PYQ Questions,"'हाथ कंगन को आरसी क्या' लोकोक्ति का अर्थ क्या है?",प्रत्यक्ष को प्रमाण की आवश्यकता नहीं,हाथ में कंगन पहनना,दर्पण देखना,कठिन कार्य करना,A,"'हाथ कंगन को आरसी क्या' का अर्थ प्रत्यक्ष या स्पष्ट तथ्य के लिए किसी प्रमाण की आवश्यकता नहीं होना है।",Rajasthan CET Senior Secondary,2023,Easy
981,English,Vocabulary,2,05 Feb 2023 - Shift 1,150 PYQ Questions,"Select the synonym of 'ALWAYS'.",Forever,Never,Rarely,Sometimes,A,"'Always' and 'Forever' mean at all times or continuously.",Rajasthan CET Senior Secondary,2023,Easy
982,Computer,Software,2,05 Feb 2023 - Shift 1,150 PYQ Questions,"कंप्यूटर में ऑपरेटिंग सिस्टम का मुख्य कार्य क्या है?",हार्डवेयर एवं सॉफ्टवेयर संसाधनों का प्रबंधन,प्रिंट करना,केवल टाइपिंग करना,गेम खेलना,A,"ऑपरेटिंग सिस्टम कंप्यूटर के हार्डवेयर व सॉफ्टवेयर संसाधनों का प्रबंधन एवं नियंत्रण करता है।",Rajasthan CET Senior Secondary,2023,Easy
983,Rajasthan GK,Rajasthan Art & Culture,2,05 Feb 2023 - Shift 1,150 PYQ Questions,"'शीतला माता का मंदिर' चाकसू में किस पहाड़ी पर बना हुआ है?",शील की डूंगरी,मोती डूंगरी,झालाना डूंगरी,बीजक पहाड़ी,A,"शीतला माता का प्रसिद्ध मंदिर चाकसू (जयपुर) में शील की डूंगरी पर बना है जिसका निर्माण सवाई माधोसिंह ने कराया था।",Rajasthan CET Senior Secondary,2023,Medium
984,Rajasthan GK,Rajasthan Polity,2,05 Feb 2023 - Shift 1,150 PYQ Questions,"राजस्थान में पंचायती राज अधिनियम किस वर्ष लागू हुआ था?",1994 (23 अप्रैल 1994),1992,1993,1995,A,"73वें संविधान संशोधन के तहत राजस्थान पंचायती राज अधिनियम 23 अप्रैल 1994 को लागू हुआ था।",Rajasthan CET Senior Secondary,2023,Medium
985,Science,Chemistry,2,05 Feb 2023 - Shift 1,150 PYQ Questions,"लोहे को जंग से बचाने के लिए उस पर जस्ते (Zinc) की परत चढ़ाना क्या कहलाता है?",गैल्वेनीकरण (Galvanization) / जस्तीकरण,विद्युत अपघटन,ऑक्सीकरण,अपचयन,A,"लोहे पर जिंक की सुरक्षात्मक परत चढ़ाने की प्रक्रिया गैल्वेनाइजेशन या जस्तीकरण (Yashad Lepan) कहलाती है।",Rajasthan CET Senior Secondary,2023,Easy
986,Reasoning,Analogy,2,05 Feb 2023 - Shift 1,150 PYQ Questions,"'किताब' : 'पढ़ना' :: 'गाना' : ?",सुनना,लिखना,देखना,सोना,A,"किताब को पढ़ा जाता है, उसी प्रकार गाने को सुना जाता है (Listening)।",Rajasthan CET Senior Secondary,2023,Easy
987,Rajasthan GK,Rajasthan Geography,2,05 Feb 2023 - Shift 1,150 PYQ Questions,"राजस्थान में 'छप्पन का मैदान' किस जिले में स्थित है?",बांसवाड़ा एवं प्रतापगढ़,जयपुर,कोटा,जैसलमेर,A,"बांसवाड़ा और प्रतापगढ़ के मध्य माही नदी के 56 गांवों/नालों के समूह को 'छप्पन का मैदान' कहा जाता है।",Rajasthan CET Senior Secondary,2023,Easy
988,Rajasthan GK,Rajasthan History,2,05 Feb 2023 - Shift 1,150 PYQ Questions,"'खानवा के युद्ध' में राणा सांगा के मूर्छित होने पर युद्ध का नेतृत्व किसने संभाला था?",झाला अज्जा,हकीम खां,झाला बिदा,राव मालदेव,A,"खानवा युद्ध में सांगा के घायल होने पर सादड़ी के झाला अज्जा ने राजचिह्न धारण कर नेतृत्व संभाला था।",Rajasthan CET Senior Secondary,2023,Medium
989,Science,Physics,2,05 Feb 2023 - Shift 1,150 PYQ Questions,"मानव कान के लिए श्रव्य ध्वनि (Audible Range) की आवृत्ति सीमा क्या होती है?",20 Hz से 20000 Hz,20 Hz से कम,20000 Hz से अधिक,100 Hz से 500 Hz,A,"मानव कान 20 Hz से 20,000 Hz (20 kHz) की आवृत्ति वाली ध्वनि तरंगों को सुन सकता है।",Rajasthan CET Senior Secondary,2023,Easy
990,Mathematics,Simple Interest,2,05 Feb 2023 - Shift 1,150 PYQ Questions,"₹4000 का 5% दर से 2 वर्ष का साधारण ब्याज कितना होगा?",₹400,₹200,₹500,₹300,A,"साधारण ब्याज = (4000 × 5 × 2) / 100 = ₹400।",Rajasthan CET Senior Secondary,2023,Easy
991,Hindi,Grammar,2,05 Feb 2023 - Shift 1,150 PYQ Questions,"'परोपकार' शब्द का संधि विच्छेद क्या है?",पर + उपकार,परो + उपकार,पर + उपकारः,परा + उपकार,A,"पर + उपकार = परोपकार (अ + उ = ओ, गुण स्वर संधि)।",Rajasthan CET Senior Secondary,2023,Easy
992,English,Grammar,2,05 Feb 2023 - Shift 1,150 PYQ Questions,"Fill in the blank: 'He is afraid _____ dogs.'",of,from,with,by,A,"The adjective 'afraid' is followed by the preposition 'of'.",Rajasthan CET Senior Secondary,2023,Easy
993,Computer,Hardware,2,05 Feb 2023 - Shift 1,150 PYQ Questions,"कंप्यूटर में मदरबोर्ड (Motherboard) क्या है?",मुख्य परिपथ बोर्ड (Main Circuit Board),मेमोरी चिप,ऑपरेटिंग सिस्टम,इनपुट डिवाइस,A,"मदरबोर्ड कंप्यूटर का मुख्य सर्किट बोर्ड होता है जिससे सभी घटक (CPU, RAM, हार्ड डिस्क) जुड़े होते हैं।",Rajasthan CET Senior Secondary,2023,Easy
994,Rajasthan GK,Rajasthan Geography,2,05 Feb 2023 - Shift 1,150 PYQ Questions,"राजस्थान में 'गागरोन का किला' किन दो नदियों के संगम पर स्थित है?",आहू और कालीसिंध नदी,सोम और माही,चम्बल और बामनी,बनास और बेड़च,A,"झालावाड़ स्थित गागरोन दुर्ग आहू और कालीसिंध नदियों के संगम पर बना एक प्रसिद्ध जलदुर्ग (अदुक दुर्ग) है।",Rajasthan CET Senior Secondary,2023,Easy
995,Rajasthan GK,Rajasthan History,2,05 Feb 2023 - Shift 1,150 PYQ Questions,"'मारवाड़ हितकारिणी सभा' की स्थापना 1921 में किसने की थी?",जयनारायण व्यास,चांदमल सुराणा,गोकुलभाई भट्ट,माणिक्यलाल वर्मा,A,"1921 में जोधपुर में मारवाड़ हितकारिणी सभा का पुनर्गठन जयनारायण व्यास एवं चांदमल सुराणा द्वारा किया गया था।",Rajasthan CET Senior Secondary,2023,Medium
996,Science,Biology,2,05 Feb 2023 - Shift 1,150 PYQ Questions,"इंसुलिन की कमी से मानव शरीर में कौन सा रोग हो जाता है?",मधुमेह (Diabetes),एनीमिया,गॉयटर,घेंघा,A,"इंसुलिन की कमी से रक्त में ग्लूकोज का स्तर बढ़ जाता है जिससे मधुमेह (Diabetes Mellitus) रोग होता है।",Rajasthan CET Senior Secondary,2023,Easy
997,Mathematics,Percentage,2,05 Feb 2023 - Shift 1,150 PYQ Questions,"500 का 10% कितना होगा?",50,100,25,500,A,"500 × (10 / 100) = 50।",Rajasthan CET Senior Secondary,2023,Easy
998,Hindi,Vocabulary,2,05 Feb 2023 - Shift 1,150 PYQ Questions,"'चतुर' शब्द का सही पर्यायवाची क्या है?",प्रवीण/चतुर/निपुण,मूर्ख,आलसी,अज्ञानी,A,"प्रवीण, निपुण, कुशल, पटु चतुर के पर्यायवाची शब्द हैं।",Rajasthan CET Senior Secondary,2023,Easy
999,English,Vocabulary,2,05 Feb 2023 - Shift 1,150 PYQ Questions,"Choose the antonym of 'ALWAYS'.",Never,Forever,Constantly,Ever,A,"'Always' means at all times; its antonym is 'Never' (at no time).",Rajasthan CET Senior Secondary,2023,Easy
1000,Computer,Software,2,05 Feb 2023 - Shift 1,150 PYQ Questions,"कंप्यूटर वायरस (Virus) किस प्रकार का सॉफ्टवेयर/प्रोग्राम है?",हानिकारक मालवेयर प्रोग्राम (Malicious Program),एंटीवायरस,हार्डवेयर,सिस्टम यूटिलिटी,A,"कंप्यूटर वायरस एक दुर्भावनापूर्ण कंप्यूटर प्रोग्राम (Malware) है जो फाइलों व सिस्टम को नुकसान पहुंचाता है।",Rajasthan CET Senior Secondary,2023,Easy
1001,Rajasthan GK,Rajasthan Geography,3,05 Feb 2023 - Shift 2,150 PYQ Questions,"राजस्थान में 'छप्पन बेसिन' किस नदी से संबंधित है?",माही नदी,चम्बल नदी,बनास नदी,लूणी नदी,A,"माही नदी के प्रवाह क्षेत्र (प्रतापगढ़ व बांसवाड़ा) को 56 गांवों/नालों का समूह होने के कारण 'छप्पन बेसिन' कहा जाता है।",Rajasthan CET Senior Secondary,2023,Easy
1002,Rajasthan GK,Rajasthan History,3,05 Feb 2023 - Shift 2,150 PYQ Questions,"'जैसलमेर के भाटी राजवंश' का संस्थापक कौन था?",भट्टी (देवराज),जैसल,मूलराज,रावल गज,A,"3सरी/4थी शताब्दी में राजा भट्टी ने भाटी वंश की स्थापना की तथा 1156 ई. में रावल जैसल ने जैसलमेर शहर बसाया था।",Rajasthan CET Senior Secondary,2023,Medium
1003,Rajasthan GK,Rajasthan Art & Culture,3,05 Feb 2023 - Shift 2,150 PYQ Questions,"'चारबैत' लोक नाट्य शैली राजस्थान के किस शहर की प्रसिद्ध है?",टोंक,जयपुर,कोटा,बीकानेर,A,"'चारबैत' टोंक की प्रसिद्ध पठानी शैली का लोकनाट्य है जो डफ वाद्ययंत्र के साथ पश्तो/उर्दू भाषा में प्रस्तुत किया जाता है।",Rajasthan CET Senior Secondary,2023,Medium
1004,Science,Chemistry,3,05 Feb 2023 - Shift 2,150 PYQ Questions,"धोने के सोडे (Washing Soda) का सही रासायनिक सूत्र क्या है?",Na₂CO₃·10H₂O,NaHCO₃,CaCl₂,NaOH,A,"धावन सोडा (सोडियम कार्बोनेट डेकाहाइड्रेट) का सूत्र Na₂CO₃·10H₂O है।",Rajasthan CET Senior Secondary,2023,Easy
1005,Mathematics,Profit & Loss,3,05 Feb 2023 - Shift 2,150 PYQ Questions,"यदि किसी वस्तु को ₹600 में बेचने पर 20% का लाभ होता है, तो वस्तु का क्रय मूल्य क्या होगा?",₹500,₹480,₹520,₹550,A,"क्रय मूल्य = 600 × (100 / 120) = ₹500।",Rajasthan CET Senior Secondary,2023,Easy
1006,Hindi,Grammar,3,05 Feb 2023 - Shift 2,150 PYQ Questions,"'सदाचार' शब्द का सही संधि विच्छेद क्या है?",सत + आचार,सदा + चार,सत् + आचार,सद् + आचार,C,"सत् + आचार = सदाचार (व्यंजन संधि: त् का द् में परिवर्तन)।",Rajasthan CET Senior Secondary,2023,Easy
1007,English,Grammar,3,05 Feb 2023 - Shift 2,150 PYQ Questions,"Choose the correct passive form of: 'Someone has stolen my pen.'",My pen has been stolen.,My pen is stolen.,My pen was stolen.,My pen had been stolen.,A,"Present perfect 'has stolen' changes to 'has been stolen' in passive voice.",Rajasthan CET Senior Secondary,2023,Easy
1008,Computer,Software,3,05 Feb 2023 - Shift 2,150 PYQ Questions,"MS-Excel में वर्कबुक (Workbook) किसका संग्रह होता है?",वर्कशीट्स (Worksheets),चार्ट्स,डॉक्यूमेंट्स,स्लाइड्स,A,"MS-Excel में वर्कबुक विभिन्न वर्कशीट्स (Worksheets) का संग्रह होती है।",Rajasthan CET Senior Secondary,2023,Easy
1009,Rajasthan GK,Rajasthan Geography,3,05 Feb 2023 - Shift 2,150 PYQ Questions,"राजस्थान में 'लूणी नदी' का जल किस स्थान के बाद खारा हो जाता है?",बालोतरा (बाड़मेर),सांचौर,तिलवाड़ा,समदड़ी,A,"लूणी नदी अजमेर के नाग पहाड़ से निकलती है तथा बालोतरा (बाड़मेर) तक इसका जल मीठा एवं उसके बाद खारा हो जाता है।",Rajasthan CET Senior Secondary,2023,Easy
1010,Rajasthan GK,Rajasthan History,3,05 Feb 2023 - Shift 2,150 PYQ Questions,"'तराइन का द्वितीय युद्ध' (1192 ई.) में किसकी विजय हुई थी?",मोहम्मद गोरी,पृथ्वीराज चौहान,जयचंद,महाराणा कुंभा,A,"1192 ई. में तराइन के द्वितीय युद्ध में मोहम्मद गोरी ने पृथ्वीराज चौहान तृतीया को पराजित किया था।",Rajasthan CET Senior Secondary,2023,Easy
1011,Rajasthan GK,Rajasthan Polity,3,05 Feb 2023 - Shift 2,150 PYQ Questions,"राजस्थान में लोकपाल एवं लोकायुक्त अधिनियम किस वर्ष पारित हुआ था?",1973,1970,1975,1980,A,"राजस्थान लोकायुक्त और उप-लोकायुक्त अधिनियम 1973 में लागू हुआ। राजस्थान के प्रथम लोकायुक्त आईडी दुआ थे।",Rajasthan CET Senior Secondary,2023,Medium
1012,Rajasthan GK,Rajasthan Geography,3,05 Feb 2023 - Shift 2,150 PYQ Questions,"राजस्थान की 'सांभर झील' किस जिले में विस्तृत है?",जयपुर (जयपुर ग्रामीण/दूदू),अजमेर,नागौर,सभी,D,"सांभर झील का विस्तार जयपुर, नागौर एवं अजमेर जिलों की सीमाओं पर स्थित है।",Rajasthan CET Senior Secondary,2023,Easy
1013,Science,Physics,3,05 Feb 2023 - Shift 2,150 PYQ Questions,"मानव नेत्र में पुतली (Pupil) के आकार को कौन नियंत्रित करता है?",आइरिस (Iris) / परितारिका,कार्नियां,रेटिना,लेंस,A,"आइरिस (Iris) नेत्र में प्रवेश करने वाले प्रकाश की मात्रा को नियंत्रित करने हेतु पुतली का आकार घटाती-बढ़ाती है।",Rajasthan CET Senior Secondary,2023,Easy
1014,Rajasthan GK,Rajasthan Economy,3,05 Feb 2023 - Shift 2,150 PYQ Questions,"राजस्थान में 'इंदिरा रसोई योजना' का संकल्प वाक्य (Motto) क्या है?",कोई भी भूखा न सोए,सबको राशन सबको अन्न,हर हाथ को काम,हर घर अन्न,A,"20 अगस्त 2020 से शुरू 'इंदिरा रसोई योजना' का मुख्य ध्येय वाक्य 'कोई भी भूखा न सोए' है।",Rajasthan CET Senior Secondary,2023,Easy
1015,Mathematics,Simple Interest,3,05 Feb 2023 - Shift 2,150 PYQ Questions,"₹6000 का 5% वार्षिक साधारण ब्याज की दर से 3 वर्ष का ब्याज कितना होगा?",₹900,₹800,₹1000,₹750,A,"SI = (6000 × 5 × 3) / 100 = ₹900।",Rajasthan CET Senior Secondary,2023,Easy
1016,Hindi,Vocabulary,3,05 Feb 2023 - Shift 2,150 PYQ Questions,"'गागर में सागर भरना' मुहावरे का सही अर्थ क्या है?",थोड़े शब्दों में बहुत कुछ कहना,बर्तन में पानी भरना,समुद्र से पानी लाना,असंभव कार्य करना,A,"'गागर में सागर भरना' का अर्थ कम शब्दों में गूढ़ या विस्तृत बात कहना है।",Rajasthan CET Senior Secondary,2023,Easy
1017,English,Vocabulary,3,05 Feb 2023 - Shift 2,150 PYQ Questions,"Choose the synonym of 'DILIGENT'.",Hardworking,Lazy,Careless,Idle,A,"'Diligent' means showing care and effort in one's work (Hardworking).",Rajasthan CET Senior Secondary,2023,Easy
1018,Computer,Hardware,3,05 Feb 2023 - Shift 2,150 PYQ Questions,"निम्नलिखित में से कौन-सा एक पॉइंटिंग डिवाइस (Pointing Device) है?",माउस (Mouse),कीबोर्ड,प्रिंटर,स्पीकर,A,"माउस, जॉयस्टिक तथा ट्रैकबॉल पॉइंटिंग इनपुट डिवाइसेस के उदाहरण हैं।",Rajasthan CET Senior Secondary,2023,Easy
1019,Rajasthan GK,Rajasthan Art & Culture,3,05 Feb 2023 - Shift 2,150 PYQ Questions,"'खाटूश्यामजी' का प्रसिद्ध मंदिर राजस्थान के किस जिले में स्थित है?",सीकर,झुंझुनूं,चूरू,जयपुर,A,"सीकर जिले के खाटू गाँव में प्रसिद्ध खाटूश्यामजी (बर्बरीक) का मंदिर स्थित है जहाँ फाल्गुन मेले का आयोजन होता है।",Rajasthan CET Senior Secondary,2023,Easy
1020,Rajasthan GK,Rajasthan Geography,3,05 Feb 2023 - Shift 2,150 PYQ Questions,"राजस्थान में मीठे पानी की 'आना सागर झील' किस शहर में स्थित है?",अजमेर,उदयपुर,जयपुर,जोधपुर,A,"अजमेर में नाग पहाड़ और तारागढ़ के मध्य अर्णोराज (आनाजी) चौहान ने 1137 ई. में आना सागर झील बनवाई थी।",Rajasthan CET Senior Secondary,2023,Easy
1021,Science,Biology,3,05 Feb 2023 - Shift 2,150 PYQ Questions,"मानव शरीर में लाल रक्त कणिकाओं (RBC) का निर्माण कहाँ होता है?",अस्थि मज्जा (Bone Marrow),यकृत,प्लीहा,हृदय,A,"वयस्क मानव में लाल रक्त कणिकाओं (RBCs) का निर्माण लाल अस्थि मज्जा (Red Bone Marrow) में होता है।",Rajasthan CET Senior Secondary,2023,Easy
1022,Rajasthan GK,Rajasthan History,3,05 Feb 2023 - Shift 2,150 PYQ Questions,"'मेवाड़ प्रजामंडल' की स्थापना 1938 में किसकी अध्यक्षता/प्रयासों से हुई थी?",माणिक्यलाल वर्मा / बलवंत सिंह मेहता,जयनारायण व्यास,गोकुलभाई भट्ट,कपूरचंद पाटनी,A,"24 अप्रैल 1938 को बलवंत सिंह मेहता की अध्यक्षता तथा माणिक्यलाल वर्मा के प्रयासों से मेवाड़ प्रजामंडल बना।",Rajasthan CET Senior Secondary,2023,Medium
1023,Mathematics,Geometry,3,05 Feb 2023 - Shift 2,150 PYQ Questions,"एक समबाहु त्रिभुज की प्रत्येक भुजा 6 सेमी है। इसका परिमाप क्या होगा?",18 सेमी,12 सेमी,24 सेमी,36 सेमी,A,"समबाहु त्रिभुज का परिमाप = 3 × भुजा = 3 × 6 = 18 सेमी।",Rajasthan CET Senior Secondary,2023,Easy
1024,Hindi,Grammar,3,05 Feb 2023 - Shift 2,150 PYQ Questions,"'पवन' शब्द में कौन सी संधि है?",अयादि स्वर संधि,गुण स्वर संधि,यण स्वर संधि,दीर्घ स्वर संधि,A,"पो + अन = पवन (ओ + अ = अव, अयादि स्वर संधि)।",Rajasthan CET Senior Secondary,2023,Easy
1025,English,Grammar,3,05 Feb 2023 - Shift 2,150 PYQ Questions,"Fill in the blank: 'Slow and steady _____ the race.'",wins,win,is winning,won,A,"Proverbial subject 'slow and steady' expresses a singular idea, taking singular verb 'wins'.",Rajasthan CET Senior Secondary,2023,Easy
1026,Computer,Networking,3,05 Feb 2023 - Shift 2,150 PYQ Questions,"IP का पूर्ण रूप क्या है?",Internet Protocol,Internal Protocol,Information Protocol,Internet Program,A,"IP का फुल फॉर्म Internet Protocol होता है।",Rajasthan CET Senior Secondary,2023,Easy
1027,Rajasthan GK,Rajasthan Polity,3,05 Feb 2023 - Shift 2,150 PYQ Questions,"राजस्थान में विधानसभा की प्रथम महिला अध्यक्ष कौन थीं?",सुमित्रा सिंह,वसुंधरा राजे,गिरिजा व्यास,कांता भटनागर,A,"12वीं विधानसभा (2003-2008) में श्रीमती सुमित्रा सिंह राजस्थान विधानसभा की प्रथम महिला अध्यक्ष बनी थीं।",Rajasthan CET Senior Secondary,2023,Easy
1028,Rajasthan GK,Rajasthan Art & Culture,3,05 Feb 2023 - Shift 2,150 PYQ Questions,"'अजरक प्रिंट' का संबंध राजस्थान के किस जिले/स्थान से है?",बाड़मेर (बालोतरा),सांगानेर,अकोला,बगरू,A,"लाल और नीले रंग की ज्यामितीय छपाई वाली 'अजरक प्रिंट' बाड़मेर/बालोतरा की विश्व प्रसिद्ध है।",Rajasthan CET Senior Secondary,2023,Easy
1029,Science,Chemistry,3,05 Feb 2023 - Shift 2,150 PYQ Questions,"निम्नलिखित में से कौन सी धातु कमरे के तापमान पर द्रव अवस्था में पाई जाती है?",पारा (Mercury - Hg),सोडियम,सीसा,लोहा,A,"पारा (Hg) एकमात्र ऐसी धातु है जो साधारण ताप पर द्रव (Liquid) अवस्था में रहती है।",Rajasthan CET Senior Secondary,2023,Easy
1030,Reasoning,Series,3,05 Feb 2023 - Shift 2,150 PYQ Questions,"दिए गए क्रम में अगला पद क्या होगा? 10, 20, 30, 40, 50, ?",60,70,55,65,A,"प्रत्येक पद में 10 की वृद्धि हो रही है। 50 + 10 = 60।",Rajasthan CET Senior Secondary,2023,Easy
1031,Rajasthan GK,Rajasthan Geography,3,05 Feb 2023 - Shift 2,150 PYQ Questions,"राजस्थान में 'अरावली पर्वतमाला' की सबसे ऊंची चोटी गुरुशिखर की ऊंचाई कितनी है?",1722 मीटर,1597 मीटर,1431 मीटर,1225 मीटर,A,"गुरुशिखर की ऊंचाई 1722 मीटर (5650 फीट) है। शेर (1597 मी) दूसरी सबसे ऊंची चोटी है।",Rajasthan CET Senior Secondary,2023,Easy
1032,Rajasthan GK,Rajasthan History,3,05 Feb 2023 - Shift 2,150 PYQ Questions,"'राजस्थान एकीकरण' के समय बीकानेर के शासक कौन थे?",महाराजा शार्दुल सिंह,महाराजा गंगा सिंह,महाराजा सूरत सिंह,महाराजा अनूप सिंह,A,"भारत में विलय पत्र पर सर्वप्रथम हस्ताक्षर करने वाले बीकानेर नरेश महाराजा शार्दुल सिंह थे।",Rajasthan CET Senior Secondary,2023,Medium
1033,Science,Physics,3,05 Feb 2023 - Shift 2,150 PYQ Questions,"कार्य (Work) की SI इकाई क्या है?",जूल (Joule),न्यूटन,वाट,पास्कल,A,"कार्य तथा ऊर्जा दोनों की SI इकाई जूल (Joule) होती है। बल का मात्रक न्यूटन है।",Rajasthan CET Senior Secondary,2023,Easy
1034,Mathematics,Percentage,3,05 Feb 2023 - Shift 2,150 PYQ Questions,"500 का 20% कितना होगा?",100,50,150,200,A,"500 × (20 / 100) = 100।",Rajasthan CET Senior Secondary,2023,Easy
1035,Hindi,Vocabulary,3,05 Feb 2023 - Shift 2,150 PYQ Questions,"'अंधकार' का पर्यायवाची शब्द कौन सा है?",तम,प्रकाश,आलोक,रश्मि,A,"तम, तिमिर, अंधियारा अंधकार के पर्यायवाची हैं।",Rajasthan CET Senior Secondary,2023,Easy
1036,English,Vocabulary,3,05 Feb 2023 - Shift 2,150 PYQ Questions,"Choose the antonym of 'BENEFIT'.",Loss,Profit,Gain,Advantage,A,"'Benefit' means gain or advantage; its antonym is 'Loss' or 'Harm'.",Rajasthan CET Senior Secondary,2023,Easy
1037,Computer,Basic Computer,3,05 Feb 2023 - Shift 2,150 PYQ Questions,"PDF का पूर्ण रूप क्या है?",Portable Document Format,Personal Document Format,Print Document Format,Public Document Format,A,"PDF का फुल फॉर्म Portable Document Format होता है जिसे एदोब (Adobe) ने विकसित किया।",Rajasthan CET Senior Secondary,2023,Easy
1038,Rajasthan GK,Rajasthan Geography,3,05 Feb 2023 - Shift 2,150 PYQ Questions,"राजस्थान में 'सोम' नदी किसकी सहायक नदी है?",माही नदी,चम्बल नदी,बनास नदी,लूणी नदी,A,"सोम नदी उदयपुर के बीछा मेड़ा से निकलकर बेणेश्वर में माही नदी में मिलती है।",Rajasthan CET Senior Secondary,2023,Easy
1039,Rajasthan GK,Rajasthan History,3,05 Feb 2023 - Shift 2,150 PYQ Questions,"'गणेश्वर सभ्यता' राजस्थान के किस जिले में कांतली नदी पर स्थित है?",सीकर (नीम का थाना),झुंझुनूं,चूरू,जयपुर,A,"गणेश्वर ताम्रयुगीन सभ्यता संस्कृति नीम का थाना (पूर्व सीकर) में कांतली नदी पर स्थित है।",Rajasthan CET Senior Secondary,2023,Easy
1040,Science,Biology,3,05 Feb 2023 - Shift 2,150 PYQ Questions,"मानव शरीर में हीमोग्लोबिन (Hemoglobin) का मुख्य कार्य क्या है?",ऑक्सीजन का परिवहन करना,जीवाणुओं को नष्ट करना,रक्त का थक्का जमाना,ऊर्जा देना,A,"रक्त में लाल रक्त कणिकाओं में स्थित हीमोग्लोबिन ऑक्सीजन का परिवहन करता है।",Rajasthan CET Senior Secondary,2023,Easy
1041,Mathematics,Average,3,05 Feb 2023 - Shift 2,150 PYQ Questions,"5, 10, 15, 20 का औसत क्या होगा?",12.5,12,15,10,A,"औसत = (5 + 10 + 15 + 20) / 4 = 50 / 4 = 12.5।",Rajasthan CET Senior Secondary,2023,Easy
1042,Hindi,Grammar,3,05 Feb 2023 - Shift 2,150 PYQ Questions,"'कवि' का स्त्रीलिंग रूप क्या है?",कवयित्री,कवियत्री,कविनी,कवयित्री,A,"कवि का शुद्ध स्त्रीलिंग रूप 'कवयित्री' होता है।",Rajasthan CET Senior Secondary,2023,Easy
1043,English,Grammar,3,05 Feb 2023 - Shift 2,150 PYQ Questions,"Identify the correctly spelt word.",Necessary,Nessesary,Necassary,Neccesary,A,"The correct spelling is 'Necessary'.",Rajasthan CET Senior Secondary,2023,Easy
1044,Computer,Basic Computer,3,05 Feb 2023 - Shift 2,150 PYQ Questions,"1 मेगाबाइट (MB) में कितने किलोबाइट (KB) होते हैं?",1024 KB,1000 KB,512 KB,2048 KB,A,"1 MB = 1024 KB होते हैं।",Rajasthan CET Senior Secondary,2023,Easy
1045,Rajasthan GK,Rajasthan Art & Culture,3,05 Feb 2023 - Shift 2,150 PYQ Questions,"'तारकशी के आभूषण' राजस्थान में कहाँ के प्रसिद्ध हैं?",नाथद्वारा (राजसमंद),जयपुर,जोधपुर,बीकानेर,A,"चाँदी के पतले तारों से सुंदर आभूषण बनाने की कला 'तारकशी' नाथद्वारा (राजसमंद) की प्रसिद्ध है।",Rajasthan CET Senior Secondary,2023,Medium
1046,Rajasthan GK,Rajasthan Geography,3,05 Feb 2023 - Shift 2,150 PYQ Questions,"राजस्थान में 'केवलादेव पक्षी अभ्यारण्य' किस जिले में स्थित है?",भरतपुर,सवाई माधोपुर,कोटा,अलवर,A,"केवलादेव राष्ट्रीय उद्यान भरतपुर में स्थित है जिसे 'पक्षियों का स्वर्ग' कहा जाता है।",Rajasthan CET Senior Secondary,2023,Easy
1047,Science,Chemistry,3,05 Feb 2023 - Shift 2,150 PYQ Questions,"निम्नलिखित में से कौन सी गैस नोबल/अक्रिय गैस (Noble Gas) है?",हीलियम (Helium - He),ऑक्सीजन,नाइट्रोजन,हाइड्रोजन,A,"हीलियम (He), नियॉन (Ne), ऑर्गन (Ar) आवर्त सारणी के शून्य समूह की अक्रिय गैसें हैं।",Rajasthan CET Senior Secondary,2023,Easy
1048,Reasoning,Analogy,3,05 Feb 2023 - Shift 2,150 PYQ Questions,"'कलम' : 'लेखक' :: 'कुल्हाड़ी' : ?",लकड़हारा,दर्जी,बढ़ई,किसान,A,"कलम लेखक का मुख्य औजार है, उसी प्रकार कुल्हाड़ी लकड़हारे का औजार है।",Rajasthan CET Senior Secondary,2023,Easy
1049,Rajasthan GK,Rajasthan History,3,05 Feb 2023 - Shift 2,150 PYQ Questions,"'हल्दीघाटी युद्ध' में अकबर की सेना का नेतृत्व किसने किया था?",कुंवर मानसिंह,आसफ खां,बहलोल खां,मुगल खां,A,"हल्दीघाटी युद्ध में अकबर की शाही सेना का मुख्य सेनापति आमेर का कुंवर मानसिंह था।",Rajasthan CET Senior Secondary,2023,Easy
1050,Rajasthan GK,Rajasthan Economy,3,05 Feb 2023 - Shift 2,150 PYQ Questions,"राजस्थान में 'जन आधार योजना' कब लागू की गई थी?",18 दिसंबर 2019,18 दिसंबर 2018,15 अगस्त 2020,26 जनवरी 2021,A,"राजस्थान में भामाशाह कार्ड के स्थान पर 'एक नंबर, एक कार्ड, एक पहचान' हेतु जन आधार योजना 18 दिसंबर 2019 से लागू हुई।",Rajasthan CET Senior Secondary,2023,Medium
1051,Science,Physics,3,05 Feb 2023 - Shift 2,150 PYQ Questions,"पानी का घनत्व किस तापमान पर अधिकतम होता है?",4°C,0°C,100°C,-4°C,A,"जल का घनत्व 4°C (4 डिग्री सेल्सियस) पर अधिकतम तथा आयतन न्यूनतम होता है।",Rajasthan CET Senior Secondary,2023,Easy
1052,Mathematics,Ratio & Proportion,3,05 Feb 2023 - Shift 2,150 PYQ Questions,"यदि a : b = 3 : 4 और b : c = 8 : 9 है, तो a : c क्या होगा?",2 : 3,3 : 9,1 : 2,4 : 9,A,"a/c = (a/b) × (b/c) = (3/4) × (8/9) = 2/3, अतः a : c = 2 : 3।",Rajasthan CET Senior Secondary,2023,Easy
1053,Hindi,Grammar,3,05 Feb 2023 - Shift 2,150 PYQ Questions,"'विद्यालय' शब्द का सही संधि विच्छेद क्या है?",विद्या + आलय,विद्या + लय,विद्य + आलय,विद्या + अलय,A,"विद्या + आलय = विद्यालय (आ + आ = आ, दीर्घ स्वर संधि)।",Rajasthan CET Senior Secondary,2023,Easy
1054,English,Grammar,3,05 Feb 2023 - Shift 2,150 PYQ Questions,"Choose the correct passive voice: 'She writes a letter.'",A letter is written by her.,A letter was written by her.,A letter has been written by her.,A letter is being written by her.,A,"Simple present 'writes' changes to 'is written' in passive voice.",Rajasthan CET Senior Secondary,2023,Easy
1055,Computer,Software,3,05 Feb 2023 - Shift 2,150 PYQ Questions,"MS-PowerPoint में न्यू स्लाइड इन्सर्ट करने की शॉर्टकट कुंजी क्या है?",Ctrl + M,Ctrl + N,Ctrl + S,Ctrl + Shift + N,A,"PowerPoint में नई स्लाइड जोड़ने की शॉर्टकट की Ctrl + M होती है (Ctrl + N से नई प्रेजेंटेशन फाइल खुलती है)।",Rajasthan CET Senior Secondary,2023,Medium
1056,Rajasthan GK,Rajasthan Geography,3,05 Feb 2023 - Shift 2,150 PYQ Questions,"राजस्थान में 'बनास नदी' का जल महल/संगम स्थल बिशांपुर/बीसलपुर बांध किस जिले में है?",टोंक,सवाई माधोपुर,अजमेर,जयपुर,A,"बीसलपुर बांध टोंक जिले के टोडारायसिंह कस्बे में बनास नदी पर निर्मित पेयजल परियोजना है।",Rajasthan CET Senior Secondary,2023,Easy
1057,Rajasthan GK,Rajasthan History,3,05 Feb 2023 - Shift 2,150 PYQ Questions,"'प्रजामंडल आंदोलन' के दौरान 'कांगड़ कांड' किस रियासत से संबंधित था?",बीकानेर राज्य,जयपुर,जोधपुर,कोटा,A,"1946 ई. में अकाल के समय किसानों से जबरन लगान वसूली के विरोध में कांगड़ कांड बीकानेर रियासत में हुआ था।",Rajasthan CET Senior Secondary,2023,Medium
1058,Science,Biology,3,05 Feb 2023 - Shift 2,150 PYQ Questions,"पौधों में प्रकाश संश्लेषण (Photosynthesis) की क्रिया में कौन सी गैस प्रयुक्त होती है?",कार्बन डाइऑक्साइड (CO₂),ऑक्सीजन (O₂),नाइट्रोजन,हाइड्रोजन,A,"पौधे जल, सूर्य के प्रकाश एवं CO₂ का उपयोग करके ग्लूकोज बनाते हैं तथा ऑक्सीजन (O₂) गैस मुक्त करते हैं।",Rajasthan CET Senior Secondary,2023,Easy
1059,Mathematics,Algebra,3,05 Feb 2023 - Shift 2,150 PYQ Questions,"यदि x + y = 10 और x - y = 4 है, तो x का मान क्या होगा?",7,3,6,8,A,"दोनों समीकरणों को जोड़ने पर: 2x = 14 => x = 7।",Rajasthan CET Senior Secondary,2023,Easy
1060,Hindi,Vocabulary,3,05 Feb 2023 - Shift 2,150 PYQ Questions,"'नवीन' का सही विलोम शब्द क्या है?",प्राचीन,पुराना,पुरातन,सभी,A,"'नवीन' का विलोम प्राचीन/पुरातन होता है।",Rajasthan CET Senior Secondary,2023,Easy
1061,English,Vocabulary,3,05 Feb 2023 - Shift 2,150 PYQ Questions,"Select the synonym of 'CANDID'.",Frank,Secret,Dishonest,Shy,A,"'Candid' means truthful and straightforward (Frank/Honest).",Rajasthan CET Senior Secondary,2023,Easy
1062,Computer,Hardware,3,05 Feb 2023 - Shift 2,150 PYQ Questions,"कंप्यूटर प्रणाली में RAM क्या है?",प्राथमिक/अस्थाई मेमोरी (Primary Volatile Memory),द्वितीयक मेमोरी,हार्डवेयर डिवाइस,ऑपरेटिंग सिस्टम,A,"RAM मुख्य प्राइमरी वोलेटाइल मेमोरी है।",Rajasthan CET Senior Secondary,2023,Easy
1063,Rajasthan GK,Rajasthan Art & Culture,3,05 Feb 2023 - Shift 2,150 PYQ Questions,"'चरी नृत्य' राजस्थान की किस जाति की महिलाओं द्वारा किया जाता है?",गुर्जर जाति,मीणा जाति,भील जाति,गरासिया जाति,A,"किशनगढ़ क्षेत्र में फलकू बाई द्वारा प्रसिद्ध 'चरी नृत्य' गुर्जर जाति की महिलाओं द्वारा सिर पर चरी रखकर किया जाता है।",Rajasthan CET Senior Secondary,2023,Easy
1064,Rajasthan GK,Rajasthan Geography,3,05 Feb 2023 - Shift 2,150 PYQ Questions,"2011 की जनगणना के अनुसार राजस्थान का जनघनत्व कितना है?",200 व्यक्ति प्रति वर्ग किमी,165 व्यक्ति प्रति वर्ग किमी,382 व्यक्ति प्रति वर्ग किमी,250 व्यक्ति प्रति वर्ग किमी,A,"2011 की जनगणना के अनुसार राजस्थान का जनसंख्या घनत्व 200 व्यक्ति प्रति वर्ग किलोमीटर है।",Rajasthan CET Senior Secondary,2023,Easy
1065,Science,Chemistry,3,05 Feb 2023 - Shift 2,150 PYQ Questions,"धातुओं पर जंग लगने की प्रक्रिया क्या कहलाती है?",संक्षारण (Corrosion),ऑक्सीकरण,अपचयन,दहन,A,"वायु व नमी की उपस्थिति में धातुओं का धीरे-धीरे नष्ट होना संक्षारण (Corrosion) कहलाता है।",Rajasthan CET Senior Secondary,2023,Easy
1066,Reasoning,Coding-Decoding,3,05 Feb 2023 - Shift 2,150 PYQ Questions,"यदि MAN = 28 है, तो BOY = ?",42,35,40,38,A,"B(2) + O(15) + Y(25) = 42।",Rajasthan CET Senior Secondary,2023,Easy
1067,Rajasthan GK,Rajasthan History,3,05 Feb 2023 - Shift 2,150 PYQ Questions,"'बिजोलिया किसान आंदोलन' कितने वर्षों तक चला था?",44 वर्षों तक (1897-1941),20 वर्षों तक,30 वर्षों तक,50 वर्षों तक,A,"बिजोलिया किसान आंदोलन राजस्थान का सबसे लंबा 44 वर्षों तक चलने वाला अहिंसात्मक आंदोलन था।",Rajasthan CET Senior Secondary,2023,Easy
1068,Rajasthan GK,Rajasthan Economy,3,05 Feb 2023 - Shift 2,150 PYQ Questions,"राजस्थान में 'मुख्यमंत्री उष्ट्र संरक्षण योजना' किससे संबंधित है?",ऊंट संवर्धन एवं संरक्षण,गोवंश संरक्षण,भेड़ पालन,बकरी पालन,A,"ऊंटों की घटती संख्या को रोकने तथा ऊंटपालकों को प्रोत्साहन राशि देने हेतु उष्ट्र संरक्षण योजना शुरू की गई।",Rajasthan CET Senior Secondary,2023,Easy
1069,Science,Physics,3,05 Feb 2023 - Shift 2,150 PYQ Questions,"विद्युत बल्ब का फिलामेंट किस धातु का बना होता है?",टंगस्टन (Tungsten - W),तांबा,नाइक्रोम,एल्युमिनियम,A,"टंगस्टन का गलनांक अत्यधिक उच्च (लगभग 3422°C) होने के कारण इसका उपयोग बल्ब फिलामेंट में होता है।",Rajasthan CET Senior Secondary,2023,Easy
1070,Mathematics,Profit & Loss,3,05 Feb 2023 - Shift 2,150 PYQ Questions,"₹1000 की वस्तु पर 10% बट्टा (Discount) देने के बाद विक्रय मूल्य क्या होगा?",₹900,₹850,₹950,₹800,A,"विक्रय मूल्य = 1000 - (1000 × 10%) = ₹900।",Rajasthan CET Senior Secondary,2023,Easy
1071,Hindi,Grammar,3,05 Feb 2023 - Shift 2,150 PYQ Questions,"'रामायण' शब्द का सही संधि विच्छेद क्या है?",राम + अयन,राम + आयन,रामा + अयन,राम + यन,A,"राम + अयन = रामायण (दीर्घ स्वर संधि तथा न् का ण् में परिवर्तन)।",Rajasthan CET Senior Secondary,2023,Easy
1072,English,Grammar,3,05 Feb 2023 - Shift 2,150 PYQ Questions,"Choose the correct sentence: 'He is senior _____ me in service.'",to,than,from,with,A,"Comparative adjectives like senior, junior, superior, inferior take 'to' instead of 'than'.",Rajasthan CET Senior Secondary,2023,Easy
1073,Computer,Basic Computer,3,05 Feb 2023 - Shift 2,150 PYQ Questions,"कंप्यूटर में स्प्रेडशीट का उपयोग किस कार्य हेतु होता है?",सांख्यिकीय गणनाएँ एवं डेटा विश्लेषण,टाइपिंग,चित्र बनाना,गेम खेलना,A,"MS-Excel स्प्रेडशीट का मुख्य उपयोग वित्तीय व सांख्यिकीय गणनाओं (Calculations) हेतु होता है।",Rajasthan CET Senior Secondary,2023,Easy
1074,Rajasthan GK,Rajasthan Art & Culture,3,05 Feb 2023 - Shift 2,150 PYQ Questions,"'कुचामनी ख्याल' के प्रवर्तक कौन थे?",लक्ष्क्षीराम,उगमराज,नानूराम,दुलिया राणा,A,"कुचामनी ख्याल (नागौर) के प्रवर्तक पंडित लक्ष्क्षीराम थे। उगमराज इसके प्रसिद्ध खिलाड़ी रहे हैं।",Rajasthan CET Senior Secondary,2023,Medium
1075,Rajasthan GK,Rajasthan Geography,3,05 Feb 2023 - Shift 2,150 PYQ Questions,"राजस्थान में 'राणा प्रताप सागर बांध' किस नदी पर स्थित है?",चम्बल नदी (रावतभाटा),बनास नदी,माही नदी,जवाई नदी,A,"राणा प्रताप सागर बांध चम्बल नदी पर चित्तौड़गढ़ जिले के रावतभाटा में स्थित जलविद्युत गृह है।",Rajasthan CET Senior Secondary,2023,Easy
1076,Science,Biology,3,05 Feb 2023 - Shift 2,150 PYQ Questions,"विटामिन 'D' का सर्वोत्तम प्राकृतिक स्रोत कौन सा है?",सूर्य का प्रकाश (Sunlight),दूध,हरी सब्जियां,फल,A,"प्रातकाल का सूर्य का प्रकाश त्वचा में विटामिन D (कैल्सीफेरॉल) के संश्लेषण का मुख्य प्राकृतिक स्रोत है।",Rajasthan CET Senior Secondary,2023,Easy
1077,Mathematics,Geometry,3,05 Feb 2023 - Shift 2,150 PYQ Questions,"वृत्त का क्षेत्रफल ज्ञात करने का सूत्र क्या है?",πr²,2πr,πr,4πr²,A,"वृत्त का क्षेत्रफल = πr² (जहाँ r = त्रिज्या है)।",Rajasthan CET Senior Secondary,2023,Easy
1078,Hindi,Vocabulary,3,05 Feb 2023 - Shift 2,150 PYQ Questions,"'अकिंचन' शब्द का सही अर्थ क्या है?",जिसके पास कुछ न हो (अत्यंत निर्धन),जो बहुत अमीर हो,जो दयालु हो,जो विद्वान हो,A,"'अकिंचन' का अर्थ जिसके पास कुछ भी न हो अर्थात् अत्यंत गरीब/निर्धन व्यक्ति है।",Rajasthan CET Senior Secondary,2023,Easy
1079,English,Vocabulary,3,05 Feb 2023 - Shift 2,150 PYQ Questions,"Choose the correct meaning of: 'Once in a blue moon'.",Very rarely,Every month,On a full moon night,Frequently,A,"'Once in a blue moon' means an event that happens very rarely.",Rajasthan CET Senior Secondary,2023,Easy
1080,Computer,Software,3,05 Feb 2023 - Shift 2,150 PYQ Questions,"कंप्यूटर में ऑपरेटिंग सिस्टम का उदाहरण कौन सा नहीं है?",MS-Office,Windows 11,Linux,Android,A,"MS-Office एक एप्लिकेशन सॉफ्टवेयर पैकेज है, जबकि Windows, Linux व Android ऑपरेटिंग सिस्टम हैं।",Rajasthan CET Senior Secondary,2023,Easy
1081,Rajasthan GK,Rajasthan History,3,05 Feb 2023 - Shift 2,150 PYQ Questions,"'स्वतंत्रता सेनानी जोरावर सिंह बारहठ' का संबंध किस परिवार से था?",शाहपुरा (भीलवाड़ा) के बारहठ परिवार से,जयपुर परिवार,जोधपुर परिवार,उदयपुर परिवार,A,"क्रांतिकारी केसरी सिंह बारहठ के भाई जोरावर सिंह बारहठ शाहपुरा (भीलवाड़ा) के प्रसिद्ध क्रांतिकारी परिवार से थे।",Rajasthan CET Senior Secondary,2023,Easy
1082,Rajasthan GK,Rajasthan Art & Culture,3,05 Feb 2023 - Shift 2,150 PYQ Questions,"'नागदा' का प्रसिद्ध 'सहस्रबाहु (सास-बहू) का मंदिर' कहाँ स्थित है?",नागदा (उदयपुर),आमेर,आसींद,रणकपुर,A,"10वीं शताब्दी का प्रसिद्ध सास-बहू मंदिर उदयपुर के पास नागदा में स्थित है जो विष्णु भगवान को समर्पित है।",Rajasthan CET Senior Secondary,2023,Easy
1083,Science,Chemistry,3,05 Feb 2023 - Shift 2,150 PYQ Questions,"सौर कुकर (Solar Cooker) के अंदर का भाग किस रंग से रंगा जाता है?",काला (Black),सफेद,नीला,लाल,A,"काला रंग ऊष्मा का सबसे अच्छा अवशोषक (Absorber) होता है, अतः सोलर कुकर का अंदरूनी भाग काला रंगा जाता है।",Rajasthan CET Senior Secondary,2023,Easy
1084,Reasoning,Number Series,3,05 Feb 2023 - Shift 2,150 PYQ Questions,"श्रेणी में अगला पद क्या होगा? 2, 6, 12, 20, 30, ?",42,36,40,48,A,"अंतर श्रेणी +4, +6, +8, +10, +12 है। 30 + 12 = 42।",Rajasthan CET Senior Secondary,2023,Medium
1085,Rajasthan GK,Rajasthan Geography,3,05 Feb 2023 - Shift 2,150 PYQ Questions,"राजस्थान में 'राष्ट्रीय बीजीय मसाला अनुसंधान केंद्र' कहाँ स्थित है?",तबीजी (अजमेर),सेवर (भरतपुर),दुर्गपुरा (जयपुर),मंडोर (जोधपुर),A,"राष्ट्रीय बीजीय मसाला अनुसंधान केंद्र (NRCSS) अजमेर के तबीजी में स्थित है।",Rajasthan CET Senior Secondary,2023,Easy
1086,Rajasthan GK,Rajasthan History,3,05 Feb 2023 - Shift 2,150 PYQ Questions,"'मारवाड़ प्रजामंडल' की स्थापना 1934 में किसके द्वारा की गई थी?",जयनारायण व्यास एवं भंवरलाल सर्राफ,माणिक्यलाल वर्मा,गोकुलभाई भट्ट,कपूरचंद पाटनी,A,"1934 में जोधपुर में मारवाड़ प्रजामंडल की स्थापना जयनारायण व्यास के प्रयासों से भंवरलाल सर्राफ की अध्यक्षता में हुई।",Rajasthan CET Senior Secondary,2023,Medium
1087,Science,Physics,3,05 Feb 2023 - Shift 2,150 PYQ Questions,"डायनेमो (Dynamo) या जनरेटर का मुख्य कार्य क्या है?",यांत्रिक ऊर्जा को विद्युत ऊर्जा में बदलना,विद्युत ऊर्जा को यांत्रिक ऊर्जा में बदलना,रासायनिक ऊर्जा देना,कोई नहीं,A,"डायनेमो यांत्रिक ऊर्जा (Mechanical Energy) को विद्युत ऊर्जा (Electrical Energy) में बदलता है।",Rajasthan CET Senior Secondary,2023,Easy
1088,Mathematics,Simple Interest,3,05 Feb 2023 - Shift 2,150 PYQ Questions,"₹3000 का 10% वार्षिक साधारण ब्याज दर से 2 वर्ष का मूलधन सह ब्याज (मिश्रधन) क्या होगा?",₹3600,₹3300,₹3200,₹4000,A,"SI = (3000 × 10 × 2)/100 = ₹600। मिश्रधन = 3000 + 600 = ₹3600।",Rajasthan CET Senior Secondary,2023,Easy
1089,Hindi,Grammar,3,05 Feb 2023 - Shift 2,150 PYQ Questions,"'दिगंबर' शब्द का सही संधि विच्छेद क्या है?",दिक् + अंबर,दिग् + अंबर,दिग + अंबर,दिक् + अंबरः,A,"दिक् + अंबर = दिगंबर (व्यंजन संधि: क् का ग् में परिवर्तन)।",Rajasthan CET Senior Secondary,2023,Easy
1090,English,Grammar,3,05 Feb 2023 - Shift 2,150 PYQ Questions,"Fill in the blank: 'He is _____ European.'",a,an,the,no article,A,"'European' begins with a consonant sound ('yu'), so 'a' is used before it.",Rajasthan CET Senior Secondary,2023,Easy
1091,Computer,Basic Computer,3,05 Feb 2023 - Shift 2,150 PYQ Questions,"कंप्यूटर में ऑपरेटिंग सिस्टम क्या कार्य करता है?",यूजर और हार्डवेयर के बीच इंटरफेस का कार्य करता है,केवल प्रिंट करता है,केवल गेम चलाता है,कोई कार्य नहीं,A,"ऑपरेटिंग सिस्टम यूजर (User) तथा कंप्यूटर हार्डवेयर के मध्य मध्यस्थ (Interface) का कार्य करता है।",Rajasthan CET Senior Secondary,2023,Easy
1092,Rajasthan GK,Rajasthan Geography,3,05 Feb 2023 - Shift 2,150 PYQ Questions,"राजस्थान में 'गुरुशिखर' के नीचे स्थित पठार कौन सा है जो राज्य का सबसे ऊंचा पठार है?",आबू/उड़िया का पठार,भोराट का पठार,मेसा का पठार,लसाड़िया का पठार,A,"उड़िया का पठार (1360 मीटर ऊंचा) सिरोही में स्थित राजस्थान का सबसे ऊंचा पठार है।",Rajasthan CET Senior Secondary,2023,Easy
1093,Rajasthan GK,Rajasthan History,3,05 Feb 2023 - Shift 2,150 PYQ Questions,"'मेवाड़ का मैराथन' कर्नल जेम्स टॉड ने किस युद्ध को कहा था?",दिवेर के युद्ध को (1582 ई.),हल्दीघाटी के युद्ध को,खानवा के युद्ध को,तराइन के युद्ध को,A,"1582 ई. में महाराणा प्रताप की सुल्तान खां पर विजय वाले दिवेर युद्ध को कर्नल टॉड ने 'मेवाड़ का मैराथन' कहा।",Rajasthan CET Senior Secondary,2023,Easy
1094,Science,Biology,3,05 Feb 2023 - Shift 2,150 PYQ Questions,"मानव शरीर में थक्के (Blood Clotting) के निर्माण हेतु कौनसा विटामिन आवश्यक है?",विटामिन K (Phylloquinone),विटामिन C,विटामिन A,विटामिन E,A,"विटामिन K यकृत में प्रोथ्रोम्बिन निर्माण हेतु आवश्यक है जो रक्त का थक्का जमाने में सहायक है।",Rajasthan CET Senior Secondary,2023,Easy
1095,Mathematics,Percentage,3,05 Feb 2023 - Shift 2,150 PYQ Questions,"यदि किसी संख्या का 20% 50 है, तो वह संख्या क्या होगी?",250,200,300,150,A,"संख्या = 50 × (100 / 20) = 250।",Rajasthan CET Senior Secondary,2023,Easy
1096,Hindi,Vocabulary,3,05 Feb 2023 - Shift 2,150 PYQ Questions,"'अमृत' का विलोम शब्द क्या है?",विष/गरल,सुधा,अमिय,सोम,A,"'अमृत' का विलोम विष या गरल होता है।",Rajasthan CET Senior Secondary,2023,Easy
1097,English,Vocabulary,3,05 Feb 2023 - Shift 2,150 PYQ Questions,"Select the synonym of 'HAPPY'.",Joyful,Gloomy,Sad,Sorrowful,A,"'Happy' and 'Joyful' express happiness.",Rajasthan CET Senior Secondary,2023,Easy
1098,Computer,Networking,3,05 Feb 2023 - Shift 2,150 PYQ Questions,"Wi-Fi का पूर्ण रूप क्या है?",Wireless Fidelity,Wireless Field,Wired Fidelity,Wireless File,A,"Wi-Fi का फुल फॉर्म Wireless Fidelity होता है।",Rajasthan CET Senior Secondary,2023,Easy
1099,Rajasthan GK,Rajasthan Art & Culture,3,05 Feb 2023 - Shift 2,150 PYQ Questions,"'पाबूजी' का मुख्य थान/पूजा स्थल राजस्थान में कहाँ स्थित है?",कोलूमण्ड (फलौदी/जोधपुर),परबतसर,देशनोक,आसींद,A,"लोकदेवता पाबूजी (ऊंटों के देवता) का जन्म व मुख्य स्थल कोलूमण्ड (फलौदी) है जहाँ चैत्र अमावस को मेला लगता है।",Rajasthan CET Senior Secondary,2023,Easy
1100,Science,Chemistry,3,05 Feb 2023 - Shift 2,150 PYQ Questions,"अम्ल और क्षार की परस्पर क्रिया से लवण और जल बनने की क्रिया क्या कहलाती है?",उदासीनीकरण (Neutralization),ऑक्सीकरण,अपचयन,संक्षारण,A,"Acid + Base -> Salt + Water, यह अभिक्रिया उदासीनीकरण (Neutralization) कहलाती है।",Rajasthan CET Senior Secondary,2023,Easy
1101,Rajasthan GK,Rajasthan Geography,3,05 Feb 2023 - Shift 2,150 PYQ Questions,"राजस्थान में 'पचपदरा' बाड़मेर में कौन सी रिफाइनरी स्थापित की जा रही है?",एचपीसीएल राजस्थान रिफाइनरी (HPCL),इंडियन ऑयल,भारत पेट्रोलियम,रिलायंस,A,"पचपदरा (बालोतरा) में HPCL (74%) तथा राजस्थान सरकार (26%) की संयुक्त परियोजना देश की प्रथम इको-फ्रेंडली रिफाइनरी है।",Rajasthan CET Senior Secondary,2023,Medium
1102,Rajasthan GK,Rajasthan History,3,05 Feb 2023 - Shift 2,150 PYQ Questions,"'डाबड़ा कांड' (13 मार्च 1947) का संबंध किस रियासत/क्षेत्र से था?",मारवाड़ (डीडवाना/नागौर),मेवाड़,जयपुर,बीकानेर,A,"13 मार्च 1947 को डीडवाना के डाबड़ा गांव में जागीरदारों ने किसान सम्मेलन पर अंधाधुंध गोलियां चलाई थीं।",Rajasthan CET Senior Secondary,2023,Medium
1103,Science,Physics,3,05 Feb 2023 - Shift 2,150 PYQ Questions,"इंद्रधनुष (Rainbow) बनने का मुख्य कारण क्या है?",प्रकाश का विक्षेपण व आंतरिक परावर्तन,केवल अपवर्तन,केवल परावर्तन,प्रकीर्णन,A,"वर्षा की बूंदों द्वारा प्रकाश के अपवर्तन, विक्षेपण (Dispersion) तथा पूर्ण आंतरिक परावर्तन से इंद्रधनुष बनता है।",Rajasthan CET Senior Secondary,2023,Easy
1104,Mathematics,Algebra,3,05 Feb 2023 - Shift 2,150 PYQ Questions,"यदि (x - 3) = 0 है, तो x² का मान क्या होगा?",9,6,3,12,A,"x = 3 => x² = 3² = 9।",Rajasthan CET Senior Secondary,2023,Easy
1105,Hindi,Grammar,3,05 Feb 2023 - Shift 2,150 PYQ Questions,"'प्रत्येक' शब्द में कौन सी संधि है?",यण स्वर संधि,गुण स्वर संधि,दीर्घ स्वर संधि,वृद्धि स्वर संधि,A,"प्रति + एक = प्रत्येक (इ + ए = ये, यण स्वर संधि)।",Rajasthan CET Senior Secondary,2023,Easy
1106,English,Grammar,3,05 Feb 2023 - Shift 2,150 PYQ Questions,"Fill in the blank: 'He died _____ cholera.'",of,from,with,by,A,"In English grammar, 'died of' is used for diseases (e.g. died of cholera).",Rajasthan CET Senior Secondary,2023,Medium
1107,Computer,Hardware,3,05 Feb 2023 - Shift 2,150 PYQ Questions,"कंप्यूटर में ALU का पूर्ण रूप क्या है?",Arithmetic Logic Unit,Arithmetic Long Unit,Array Logic Unit,All Logic Unit,A,"ALU (Arithmetic Logic Unit) गणितीय व तार्किक गणनाओं का निष्पादन करता है।",Rajasthan CET Senior Secondary,2023,Easy
1108,Rajasthan GK,Rajasthan Geography,3,05 Feb 2023 - Shift 2,150 PYQ Questions,"राजस्थान में 'जाखम बांध' किस जिले में स्थित है?",प्रतापगढ़ (अनूपपुरा),चित्तौड़गढ़,उदयपुर,बांसवाड़ा,A,"जाखम बांध प्रतापगढ़ जिले के अनूपपुरा में जाखम नदी पर स्थित राजस्थान का सबसे ऊंचा (81 मीटर) बांध है।",Rajasthan CET Senior Secondary,2023,Easy
1109,Rajasthan GK,Rajasthan Polity,3,05 Feb 2023 - Shift 2,150 PYQ Questions,"राजस्थान में 'सुशासन दिवस' प्रतिवर्ष कब मनाया जाता है?",25 दिसंबर,15 अगस्त,26 जनवरी,2 अक्टूबर,A,"पूर्व प्रधानमंत्री अटल बिहारी वाजपेयी के जन्मदिवस 25 दिसंबर को सुशासन दिवस मनाया जाता है।",Rajasthan CET Senior Secondary,2023,Easy
1110,Science,Biology,3,05 Feb 2023 - Shift 2,150 PYQ Questions,"मानव शरीर में इंसुलिन का निर्माण अग्न्याशय की किन कोशिकाओं द्वारा होता है?",बीटा (β) कोशिकाएं,अल्फा कोशिकाएं,डेल्टा कोशिकाएं,गामा कोशिकाएं,A,"अग्न्याशय के लैंगरहैंस द्वीप समूह की बीटा (β) कोशिकाओं से इंसुलिन स्रावित होता है।",Rajasthan CET Senior Secondary,2023,Easy
1111,Mathematics,Profit & Loss,3,05 Feb 2023 - Shift 2,150 PYQ Questions,"एक दुकानदार ₹80 की वस्तु ₹100 में बेचता है। लाभ प्रतिशत क्या होगा?",25%,20%,15%,30%,A,"लाभ = 100 - 80 = ₹20। लाभ % = (20 / 80) × 100 = 25%।",Rajasthan CET Senior Secondary,2023,Easy
1112,Hindi,Vocabulary,3,05 Feb 2023 - Shift 2,150 PYQ Questions,"'अंबर' शब्द का पर्यायवाची शब्द क्या है?",कपड़ा/आकाश,पानी,अग्नि,हवा,A,"'अंबर' का अर्थ 'आकाश' तथा 'कपड़ा/वस्त्र' दोनों होता है।",Rajasthan CET Senior Secondary,2023,Easy
1113,English,Vocabulary,3,05 Feb 2023 - Shift 2,150 PYQ Questions,"Select the synonym of 'QUIET'.",Silent,Noisy,Loud,Busy,A,"'Quiet' and 'Silent' mean making little or no noise.",Rajasthan CET Senior Secondary,2023,Easy
1114,Computer,Software,3,05 Feb 2023 - Shift 2,150 PYQ Questions,"MS-Excel में फंक्शन हमेशा किस चिह्न से आरंभ होते हैं?",= (Equal),+,*,#,A,"Excel में प्रत्येक फॉर्मूला व फ़ंक्शन '=' चिह्न से ही आरंभ होता है।",Rajasthan CET Senior Secondary,2023,Easy
1115,Rajasthan GK,Rajasthan Art & Culture,3,05 Feb 2023 - Shift 2,150 PYQ Questions,"'कुंभलगढ़ दुर्ग' राजस्थान के किस जिले में स्थित है?",राजसमंद,उदयपुर,पाली,सिरोही,A,"कुंभलगढ़ दुर्ग राजसमंद जिले में स्थित है जिसकी 36 किमी लंबी दीवार भारत की महान दीवार कहलाती है।",Rajasthan CET Senior Secondary,2023,Easy
1116,Rajasthan GK,Rajasthan History,3,05 Feb 2023 - Shift 2,150 PYQ Questions,"'चित्तौड़गढ़ का तीसरा साका' किस वर्ष हुआ था?",1568 ई. (1567-68),1303 ई.,1535 ई.,1582 ई.,A,"1567-68 ई. में अकबर के आक्रमण के समय चित्तौड़गढ़ का तीसरा साका हुआ जिसमें जयमल व पत्ता ने वीरता दिखाई।",Rajasthan CET Senior Secondary,2023,Medium
1117,Science,Chemistry,3,05 Feb 2023 - Shift 2,150 PYQ Questions,"फलों को कृत्रिम रूप से पकाने के लिए किस गैस का उपयोग किया जाता है?",एसिटिलीन / एथिलीन,मीथेन,इथेन,ऑक्सीजन,A,"फलों को कृत्रिम रूप से पकाने के लिए एथिलीन (Ethylene) या एसिटिलीन गैस (कैल्शियम कार्बाइड से) प्रयुक्त होती है।",Rajasthan CET Senior Secondary,2023,Easy
1118,Reasoning,Analogy,3,05 Feb 2023 - Shift 2,150 PYQ Questions,"'न्यायाधीश' : 'न्यायालय' :: 'रसोइया' : ?",रसोईघर,बाजार,होटल,घर,A,"न्यायाधीश का कार्यस्थल न्यायालय है, उसी प्रकार रसोइया का कार्यस्थल रसोईघर (Kitchen) है।",Rajasthan CET Senior Secondary,2023,Easy
1119,Rajasthan GK,Rajasthan Geography,3,05 Feb 2023 - Shift 2,150 PYQ Questions,"राजस्थान में 'थार मरुस्थल' की मुख्य नदी कौन सी है?",लूणी नदी,चम्बल नदी,बनास नदी,बाणगंगा नदी,A,"लूणी नदी (आधी मीठी आधी खारी) पश्चिमी राजस्थान / थार मरुस्थल की सबसे प्रमुख नदी है।",Rajasthan CET Senior Secondary,2023,Easy
1120,Rajasthan GK,Rajasthan History,3,05 Feb 2023 - Shift 2,150 PYQ Questions,"'जेंटलमैन एग्रीमेंट' (1942 ई.) किनके मध्य हुआ था?",मिर्जा इस्माइल और हीरालाल शास्त्री,जमनालाल बजाज और शास्त्री,जयनारायण व्यास और इस्माइल,माणिक्यलाल वर्मा और शास्त्री,A,"1942 में जयपुर में भारत छोड़ो आंदोलन में भाग न लेने हेतु मिर्जा इस्माइल व हीरालाल शास्त्री के मध्य समझौता हुआ।",Rajasthan CET Senior Secondary,2023,Medium
1121,Science,Physics,3,05 Feb 2023 - Shift 2,150 PYQ Questions,"प्रकाश वर्ष (Light Year) किसकी इकाई है?",दूरी (Distance),समय,प्रकाश की तीव्रता,द्रव्यमान,A,"प्रकाश वर्ष (Light Year) खगोलीय दूरी (Distance) मापने का मात्रक है। 1 Light Year ≈ 9.46 × 10¹² km।",Rajasthan CET Senior Secondary,2023,Easy
1122,Mathematics,Ratio & Proportion,3,05 Feb 2023 - Shift 2,150 PYQ Questions,"यदि 3x = 12 है, तो x का मान क्या होगा?",4,3,36,9,A,"x = 12 / 3 = 4।",Rajasthan CET Senior Secondary,2023,Easy
1123,Hindi,Grammar,3,05 Feb 2023 - Shift 2,150 PYQ Questions,"'महौषधि' का सही संधि विच्छेद क्या है?",महा + औषधि,महा + ओषधि,मह + औषधि,महो + औषधि,A,"महा + औषधि = महौषधि (आ + औ = औ, वृद्धि स्वर संधि)।",Rajasthan CET Senior Secondary,2023,Easy
1124,English,Grammar,3,05 Feb 2023 - Shift 2,150 PYQ Questions,"Choose the correct passive voice: 'The boy killed the snake.'",The snake was killed by the boy.,The snake is killed by the boy.,The snake has been killed by the boy.,The snake killed by the boy.,A,"Simple past 'killed' changes to 'was killed' in passive voice.",Rajasthan CET Senior Secondary,2023,Easy
1125,Computer,Basic Computer,3,05 Feb 2023 - Shift 2,150 PYQ Questions,"कंप्यूटर में 'Ctrl + C' कुंजी का कार्य क्या है?",सेलेक्टेड कंटेंट को कॉपी करना,पेस्ट करना,कट करना,सेव करना,A,"Ctrl + C से कॉपी (Copy) तथा Ctrl + V से पेस्ट (Paste) किया जाता है।",Rajasthan CET Senior Secondary,2023,Easy
1126,Rajasthan GK,Rajasthan Geography,3,05 Feb 2023 - Shift 2,150 PYQ Questions,"राजस्थान में 'मुकुंदरा हिल्स टाइगर रिजर्व' किन जिलों में स्थित है?",कोटा, झालावाड़, चित्तौड़गढ़ व बूंदी,जयपुर व अलवर,जोधपुर व पाली,बीकानेर व चूरू,A,"मुकुंदरा हिल्स राष्ट्रीय उद्यान व टाइगर रिजर्व कोटा, झालावाड़, चित्तौड़गढ़ एवं बूंदी जिलों में फैला है।",Rajasthan CET Senior Secondary,2023,Medium
1127,Rajasthan GK,Rajasthan History,3,05 Feb 2023 - Shift 2,150 PYQ Questions,"'जैसलमेर का गुंडाराज' पुस्तक के लेखक कौन थे?",सागरमल गोपा,जयनारायण व्यास,गोकुलभाई भट्ट,माणिक्यलाल वर्मा,A,"जैसलमेर के महान क्रांतिकारी सागरमल गोपा ने 'जैसलमेर का गुंडाराज' व 'आजादी के दीवाने' पुस्तकें लिखी थीं।",Rajasthan CET Senior Secondary,2023,Easy
1128,Science,Biology,3,05 Feb 2023 - Shift 2,150 PYQ Questions,"अनुवांशिकी का जनक (Father of Genetics) किसे कहा जाता है?",ग्रेगर जॉन मेंडेल,चार्ल्स डार्विन,लैमार्क,रॉबर्ट हुक,A,"ग्रेगर जॉन मेंडेल ने मटर के पौधे पर प्रयोग कर आनुवंशिकता के नियम प्रतिपादित किए थे।",Rajasthan CET Senior Secondary,2023,Easy
1129,Mathematics,Algebra,3,05 Feb 2023 - Shift 2,150 PYQ Questions,"यदि (a - b) = 3 और ab = 10 है, तो (a² + b²) का मान क्या होगा?",29,19,25,30,A,"a² + b² = (a - b)² + 2ab = 3² + 2(10) = 9 + 20 = 29।",Rajasthan CET Senior Secondary,2023,Medium
1130,Hindi,Vocabulary,3,05 Feb 2023 - Shift 2,150 PYQ Questions,"'कमल' का पर्यायवाची शब्द कौन सा है?",सरोज/पंकज/जलज,पावक,गगन,अनिल,A,"सरोज, पंकज, नीरज, जलज कमल के पर्यायवाची हैं।",Rajasthan CET Senior Secondary,2023,Easy
1131,English,Vocabulary,3,05 Feb 2023 - Shift 2,150 PYQ Questions,"Choose the antonym of 'SMART'.",Stupid,Clever,Intelligent,Bright,A,"'Smart' means clever/intelligent; its antonym is 'Stupid' or 'Dull'.",Rajasthan CET Senior Secondary,2023,Easy
1132,Computer,Software,3,05 Feb 2023 - Shift 2,150 PYQ Questions,"MS-PowerPoint में प्रेजेंटेशन देखने की व्यू स्लाइड शो शॉर्टकट कुंजी क्या है?",F5,F1,F7,F12,A,"F5 दबाने पर प्रेजेंटेशन प्रथम स्लाइड से फुल स्क्रीन स्लाइड शो (Slide Show) मोड में शुरू होती है।",Rajasthan CET Senior Secondary,2023,Easy
1133,Rajasthan GK,Rajasthan Art & Culture,3,05 Feb 2023 - Shift 2,150 PYQ Questions,"'गवरी नृत्य' राजस्थान की किस जनजाति का प्रसिद्ध लोकनृत्य है?",भील जनजाति,मीणा जनजाति,गरासिया जनजाति,सहरिया जनजाति,A,"मेवाड़ क्षेत्र में भाद्रपद माह में भील जनजाति द्वारा शिव-पार्वती (राई-बुढ़िया) की कथा पर गवरी/राई नृत्य किया जाता है।",Rajasthan CET Senior Secondary,2023,Easy
1134,Rajasthan GK,Rajasthan Polity,3,05 Feb 2023 - Shift 2,150 PYQ Questions,"राजस्थान के वर्तमान मुख्य सचिव (Chief Secretary) कौन हैं?",सुधांश पंत,उषा शर्मा,निरंजन आर्य,डी. बी. गुप्ता,A,"राजस्थान के वर्तमान मुख्य सचिव श्री सुधांश पंत (IAS) हैं।",Rajasthan CET Senior Secondary,2023,Medium
1135,Science,Chemistry,3,05 Feb 2023 - Shift 2,150 PYQ Questions,"पेंसिल में किस अधातु का उपयोग किया जाता है?",ग्रेफाइट (Graphite),हीरा,कोयला,सल्फर,A,"ग्रेफाइट कार्बन का एक मुलायम व विद्युत-चालक अपररूप है जिसका उपयोग लेड पेंसिल की छड़ बनाने में होता है।",Rajasthan CET Senior Secondary,2023,Easy
1136,Reasoning,Number Series,3,05 Feb 2023 - Shift 2,150 PYQ Questions,"श्रृंखला पूरी करें: 1, 8, 27, 64, 125, ?",216,200,150,225,A,"यह प्राकृतिक संख्याओं के घन की श्रेणी है (1³, 2³, 3³, 4³, 5³, 6³)। 6³ = 216।",Rajasthan CET Senior Secondary,2023,Easy
1137,Rajasthan GK,Rajasthan Geography,3,05 Feb 2023 - Shift 2,150 PYQ Questions,"राजस्थान में 'अरावली पर्वतमाला' की औसत ऊंचाई कितनी है?",930 मीटर,1000 मीटर,850 मीटर,1200 मीटर,A,"अरावली पर्वतमाला की राजस्थान में औसत ऊंचाई 930 मीटर है।",Rajasthan CET Senior Secondary,2023,Medium
1138,Rajasthan GK,Rajasthan History,3,05 Feb 2023 - Shift 2,150 PYQ Questions,"'सिरोही प्रजामंडल' की स्थापना 1939 में किसने की थी?",गोकुलभाई भट्ट,जयनारायण व्यास,माणिक्यलाल वर्मा,कपूरचंद पाटनी,A,"1939 ई. में सिरोही प्रजामंडल की स्थापना 'राजस्थान के गांधी' गोकुलभाई भट्ट द्वारा की गई थी।",Rajasthan CET Senior Secondary,2023,Easy
1139,Science,Physics,3,05 Feb 2023 - Shift 2,150 PYQ Questions,"आकाश का नीला रंग प्रकाश की किस घटना के कारण दिखाई देता है?",प्रकीर्णन (Scattering of Light),अपवर्तन,परावर्तन,विवर्तन,A,"वायुमंडल के सूक्ष्म कणों द्वारा कम तरंगदैर्ध्य वाले नीले प्रकाश के प्रकीर्णन (Scattering) के कारण आकाश नीला दिखता है।",Rajasthan CET Senior Secondary,2023,Easy
1140,Mathematics,Simple Interest,3,05 Feb 2023 - Shift 2,150 PYQ Questions,"₹5000 का 10% वार्षिक साधारण ब्याज की दर से 3 वर्ष का साधारण ब्याज कितना होगा?",₹1500,₹1000,₹1200,₹1800,A,"SI = (5000 × 10 × 3)/100 = ₹1500।",Rajasthan CET Senior Secondary,2023,Easy
1141,Hindi,Grammar,3,05 Feb 2023 - Shift 2,150 PYQ Questions,"'महेश' शब्द में कौन सी संधि है?",गुण स्वर संधि,दीर्घ स्वर संधि,वृद्धि स्वर संधि,यण स्वर संधि,A,"महा + ईश = महेश (आ + ई = ए, गुण स्वर संधि)।",Rajasthan CET Senior Secondary,2023,Easy
1142,English,Grammar,3,05 Feb 2023 - Shift 2,150 PYQ Questions,"Fill in the blank: 'He is afraid _____ darkness.'",of,from,with,at,A,"The adjective 'afraid' takes the preposition 'of'.",Rajasthan CET Senior Secondary,2023,Easy
1143,Computer,Hardware,3,05 Feb 2023 - Shift 2,150 PYQ Questions,"कंप्यूटर में प्राथमिक मेमोरी (Primary Memory) का उदाहरण कौन सा है?",RAM एवं ROM,हार्ड डिस्क,पेन ड्राइव,सीडी-रोम,A,"RAM तथा ROM कंप्यूटर की प्राथमिक (मुख्य) मेमोरी हैं।",Rajasthan CET Senior Secondary,2023,Easy
1144,Rajasthan GK,Rajasthan Geography,3,05 Feb 2023 - Shift 2,150 PYQ Questions,"राजस्थान में 'जवाई बांध' किस जिले में स्थित है?",पाली (सुमेरपुर),जोधपुर,सिरोही,बाड़मेर,A,"पाली जिले में सुमेरपुर के पास जवाई नदी पर बना जवाई बांध मारवाड़ का अमृत सरोवर कहलाता है।",Rajasthan CET Senior Secondary,2023,Easy
1145,Rajasthan GK,Rajasthan History,3,05 Feb 2023 - Shift 2,150 PYQ Questions,"'हल्दीघाटी का युद्ध' किस वर्ष लड़ा गया था?",1576 ई.,1526 ई.,1582 ई.,1556 ई.,A,"हल्दीघाटी का ऐतिहासिक युद्ध 1576 ई. में महाराणा प्रताप और अकबर की सेना के बीच हुआ था।",Rajasthan CET Senior Secondary,2023,Easy
1146,Science,Biology,3,05 Feb 2023 - Shift 2,150 PYQ Questions,"विटामिन 'C' का रासायनिक नाम क्या है?",एस्कॉर्बिक एसिड (Ascorbic Acid),रेटिनॉल,थायमिन,कैल्सीफेरॉल,A,"विटामिन C का रासायनिक नाम एस्कॉर्बिक एसिड है जो खट्टे फलों (आंवला, नींबू) में पाया जाता है।",Rajasthan CET Senior Secondary,2023,Easy
1147,Mathematics,Percentage,3,05 Feb 2023 - Shift 2,150 PYQ Questions,"1000 का 10% कितना होगा?",100,200,50,10,A,"1000 × (10/100) = 100।",Rajasthan CET Senior Secondary,2023,Easy
1148,Hindi,Vocabulary,3,05 Feb 2023 - Shift 2,150 PYQ Questions,"'अंधे की लकड़ी' होना मुहावरे का अर्थ क्या है?",एकमात्र सहारा होना,अंधे व्यक्ति का डंडा,रास्ता दिखाना,सहायता न करना,A,"'अंधे की लकड़ी होना' का अर्थ एकमात्र सहारा होना है।",Rajasthan CET Senior Secondary,2023,Easy
1149,English,Vocabulary,3,05 Feb 2023 - Shift 2,150 PYQ Questions,"Select the synonym of 'SMART'.",Clever,Stupid,Foolish,Dull,A,"'Smart' and 'Clever' are synonyms for intelligence.",Rajasthan CET Senior Secondary,2023,Easy
1150,Computer,Software,3,05 Feb 2023 - Shift 2,150 PYQ Questions,"कंप्यूटर में ऑपरेटिंग सिस्टम का मुख्य कार्य क्या है?",सिस्टम संसाधनों का प्रबंधन,केवल टाइपिंग,केवल प्रिंटिंग,इंटरनेट चलाना,A,"ऑपरेटिंग सिस्टम कंप्यूटर के समस्त हार्डवेयर व सॉफ्टवेयर संसाधनों का प्रबंधन करता है।",Rajasthan CET Senior Secondary,2023,Easy
